AnnotSV_ID	SV_chrom	SV_start	SV_end	SV_length	user#1	SV_type	Samples_ID	Annotation_mode	CytoBand	Gene_name	Closest_left	Closest_right	Gene_count	Tx	Tx_version	Tx_start	Tx_end	Overlapped_tx_length	Overlapped_CDS_length	Overlapped_CDS_percent	Frameshift	Exon_count	Location	Location2	Dist_nearest_SS	Nearest_SS_type	Intersect_start	Intersect_end	RE_gene	P_gain_phen	P_gain_hpo	P_gain_source	P_gain_coord	P_loss_phen	P_loss_hpo	P_loss_source	P_loss_coord	P_ins_phen	P_ins_hpo	P_ins_source	P_ins_coord	po_P_gain_phen	po_P_gain_hpo	po_P_gain_source	po_P_gain_coord	po_P_gain_percent	po_P_loss_phen	po_P_loss_hpo	po_P_loss_source	po_P_loss_coord	po_P_loss_percent	P_snvindel_nb	P_snvindel_phen	B_gain_source	B_gain_coord	B_gain_AFmax	B_loss_source	B_loss_coord	B_loss_AFmax	B_ins_source	B_ins_coord	B_ins_AFmax	B_inv_source	B_inv_coord	B_inv_AFmax	po_B_gain_allG_source	po_B_gain_allG_coord	po_B_gain_someG_source	po_B_gain_someG_coord	po_B_loss_allG_source	po_B_loss_allG_coord	po_B_loss_someG_source	po_B_loss_someG_coord	GC_content_left	GC_content_right	Repeat_coord_left	Repeat_type_left	Repeat_coord_right	Repeat_type_right	Gap_left	Gap_right	SegDup_left	SegDup_right	ENCODE_blacklist_left	ENCODE_blacklist_characteristics_left	ENCODE_blacklist_right	ENCODE_blacklist_characteristics_right	ACMG	HI	TS	DDD_HI_percent	ExAC_delZ	ExAC_dupZ	ExAC_cnvZ	ExAC_synZ	ExAC_misZ	GenCC_disease	GenCC_moi	GenCC_classification	GenCC_pmid	NCBI_gene_ID	HGNC_gene_ID	OMIM_ID	OMIM_phenotype	OMIM_inheritance	OMIM_morbid	OMIM_morbid_candidate	LOEUF_bin	GnomAD_pLI	ExAC_pLI	AnnotSV_ranking_score	AnnotSV_ranking_criteria	ACMG_class
14_55369012_55369387_DEL_1	14	55369012	55369387	-376	CNV003	DEL	NA	full	q22.2	GCH1	MIR4308	WDHD1	1																							dbVar:nssv17972065	14:55369020-55369381							dbVar:nssv15162475;dbVar:nssv15161908;dbVar:nssv15162476;dbVar:nssv15161629;dbVar:nssv15161107;nssv15161424;dbVar:nssv15161067;dbVar:nssv17976728;dbVar:nssv15137747;dbVar:nssv17517489	14:19000423-107289053;14:19280734-107287663;14:19327824-107287663;14:19794562-107234280;14:20511674-107285437;14:20619309-107263478;14:37671059-106985955;14:39665377-57181179;14:54654002-75828024	0.00;0.00;0.00;0.00;0.00;0.00;0.00;0.00;0.00	Dystonia, DOPA-responsive, 128230 (3) AD,AR;Hyperphenylalaninemia, BH4-deficient, B, 233910 (3) AR		dbVar:nssv15120311;dbVar:nssv15121702;dbVar:nssv17969640;dbVar:nssv18787116;dbVar:nssv17970792;morbid:GCH1;HI3:GCH1;dbVar:nssv17172654;dbVar:nssv16297058;dbVar:nssv15130232;dbVar:nssv16212216	14:51057730-56753637;14:52011565-55787316;14:53241195-55803026;14:54410920-55369403;14:54416751-55369403;14:55308735-55369544;14:55308736-55369544;14:55332040-55369387;14:55343415-55414889;14:55369020-55369401;14:55369030-55369420	0.01;0.01;0.01;0.04;0.04;0.62;0.62;1.01;0.53;96.34;91.56	26	Dystonia_5;GTP_cyclohydrolase_I_deficiency										IMH	14:34547844-76392174;14:47117867-63226284;14:47118176-63226299	0.2700									0.680	0.750														3		28.56	0.50957800130836	0.480372821686871	0.661531792397911	0.39768072567718	3.01486021851349							600225			yes		1	9.0292e-01	9.4249e-01	1.0	1A (cf Gene_count, RE_gene, +0.00);2A (cf P_loss_source, +1.00);3A (1 gene, +0.00);5F (+0.00)	5
14_55369012_55369387_DEL_1	14	55369012	55369387	-376	CNV003	DEL	NA	split	q22.2	GCH1				NM_000161	3	55308734	55369544	376	343	45	yes	6	exon1-intron1	5'UTR-CDS	27	5'	55369011	55369387								dbVar:nssv17972065	14:55369020-55369381															26	Dystonia_5;GTP_cyclohydrolase_I_deficiency										IMH	14:34547844-76392174;14:47117867-63226284;14:47118176-63226299	0.2700																								3	0	28.56	0.50957800130836	0.480372821686871	0.661531792397911	0.39768072567718	3.01486021851349	GTP cyclohydrolase I deficiency;GTP cyclohydrolase I deficiency with hyperphenylalaninemia;dystonia 5	AD;AR;sD	Definitive;Strong;Supportive	11113234;11956954;15753436;19332422;19491146;20301334;24509643;25557619;30742839;32278297;787416;9667588;NULL	2643	HGNC:4193	600225	Dystonia, DOPA-responsive, 128230 (3) AD,AR;Hyperphenylalaninemia, BH4-deficient, B, 233910 (3) AR	AD,AR;AR	yes		1	9.0292e-01	9.4249e-01			full=5
14_55369012_55369387_DEL_1	14	55369012	55369387	-376	CNV089	DEL	NA	full	q22.2	GCH1	MIR4308	WDHD1	1																							dbVar:nssv17972065	14:55369020-55369381							dbVar:nssv15162475;dbVar:nssv15161908;dbVar:nssv15162476;dbVar:nssv15161629;dbVar:nssv15161107;nssv15161424;dbVar:nssv15161067;dbVar:nssv17976728;dbVar:nssv15137747;dbVar:nssv17517489	14:19000423-107289053;14:19280734-107287663;14:19327824-107287663;14:19794562-107234280;14:20511674-107285437;14:20619309-107263478;14:37671059-106985955;14:39665377-57181179;14:54654002-75828024	0.00;0.00;0.00;0.00;0.00;0.00;0.00;0.00;0.00	Dystonia, DOPA-responsive, 128230 (3) AD,AR;Hyperphenylalaninemia, BH4-deficient, B, 233910 (3) AR		dbVar:nssv15120311;dbVar:nssv15121702;dbVar:nssv17969640;dbVar:nssv18787116;dbVar:nssv17970792;morbid:GCH1;HI3:GCH1;dbVar:nssv17172654;dbVar:nssv16297058;dbVar:nssv15130232;dbVar:nssv16212216	14:51057730-56753637;14:52011565-55787316;14:53241195-55803026;14:54410920-55369403;14:54416751-55369403;14:55308735-55369544;14:55308736-55369544;14:55332040-55369387;14:55343415-55414889;14:55369020-55369401;14:55369030-55369420	0.01;0.01;0.01;0.04;0.04;0.62;0.62;1.01;0.53;96.34;91.56	26	Dystonia_5;GTP_cyclohydrolase_I_deficiency										IMH	14:34547844-76392174;14:47117867-63226284;14:47118176-63226299	0.2700									0.680	0.750														3		28.56	0.50957800130836	0.480372821686871	0.661531792397911	0.39768072567718	3.01486021851349							600225			yes		1	9.0292e-01	9.4249e-01	1.0	1A (cf Gene_count, RE_gene, +0.00);2A (cf P_loss_source, +1.00);3A (1 gene, +0.00);5F (+0.00)	5
14_55369012_55369387_DEL_1	14	55369012	55369387	-376	CNV089	DEL	NA	split	q22.2	GCH1				NM_000161	3	55308734	55369544	376	343	45	yes	6	exon1-intron1	5'UTR-CDS	27	5'	55369011	55369387								dbVar:nssv17972065	14:55369020-55369381															26	Dystonia_5;GTP_cyclohydrolase_I_deficiency										IMH	14:34547844-76392174;14:47117867-63226284;14:47118176-63226299	0.2700																								3	0	28.56	0.50957800130836	0.480372821686871	0.661531792397911	0.39768072567718	3.01486021851349	GTP cyclohydrolase I deficiency;GTP cyclohydrolase I deficiency with hyperphenylalaninemia;dystonia 5	AD;AR;sD	Definitive;Strong;Supportive	11113234;11956954;15753436;19332422;19491146;20301334;24509643;25557619;30742839;32278297;787416;9667588;NULL	2643	HGNC:4193	600225	Dystonia, DOPA-responsive, 128230 (3) AD,AR;Hyperphenylalaninemia, BH4-deficient, B, 233910 (3) AR	AD,AR;AR	yes		1	9.0292e-01	9.4249e-01			full=5
14_88400110_88416379_DEL_1	14	88400110	88416379	-16270	CNV007	DEL	NA	full	q31.3	GALC	LINC02330	GPR65	1																							dbVar:nssv15770591;dbVar:nssv15770935;dbVar:nssv18791285	14:88401057-88416295;14:88401065-88406335;14:88416180-88416285							dbVar:nssv15162475;dbVar:nssv15161908;dbVar:nssv15162476;dbVar:nssv15161629;dbVar:nssv15161107;nssv15161424;dbVar:nssv15161067;dbVar:nssv17976728;dbVar:nssv15161689;dbVar:nssv15161760;dbVar:nssv15161081;dbVar:nssv18329607;dbVar:nssv18330720;dbVar:nssv15161039;dbVar:nssv16213003;dbVar:nssv17971502	14:19000423-107289053;14:19280734-107287663;14:19327824-107287663;14:19794562-107234280;14:20511674-107285437;14:20619309-107263478;14:37671059-106985955;14:73750742-107285437;14:74122476-107287505;14:77689139-107287505;14:81593709-97059276;14:84537503-107285437;14:86560375-107240869;14:88391503-88423172;14:88411888-88417102	0.02;0.02;0.02;0.02;0.02;0.02;0.02;0.05;0.05;0.05;0.11;0.07;0.08;51.37;86.14	Krabbe disease, 245200 (3) AR		dbVar:nssv15775589;dbVar:nssv15154706;dbVar:nssv16206456;dbVar:nssv16865895;dbVar:nssv17969653;dbVar:nssv17649940;dbVar:nssv15773162;nssv15773163;dbVar:nssv15775335;dbVar:nssv15776237;dbVar:nssv17976378;morbid:GALC;dbVar:nssv15776536;dbVar:nssv16216522;dbVar:nssv15774390;nssv15774844;dbVar:nssv15772051;dbVar:nssv15130867;dbVar:nssv16213074;dbVar:nssv18830720	14:77274991-89803137;14:84783138-96908198;14:84783524-96907490;14:86089632-88429727;14:88345626-94773741;14:88391508-88423172;14:88398358-88422853;14:88398407-88422853;14:88398408-88422569;14:88399358-88429727;14:88399358-88460011;14:88399623-88422569;14:88399829-88422607;14:88400252-88422569;14:88400286-88422569;14:88401057-88417112;14:88401065-88417102;14:88401077-94725706	0.13;0.13;0.13;0.70;0.25;51.38;66.42;66.55;67.34;53.57;26.82;70.90;71.43;72.26;72.22;95.43;95.49;0.24	73	GALC-related_disorder;Galactosylceramide_beta-galactosidase_deficiency;Inborn_genetic_diseases				dbVar	chr14:88299497-88420442;chr14:88391506-88423172;chr14:88391507-88423180	0.01													chr14:88391506-88423172 dbVar;chr14:88299497-88420442 dbVar;chr14:88391507-88423180 dbVar	chr14:88299497-88420442 dbVar;chr14:88391507-88423180 dbVar;chr14:88391506-88423172 dbVar	0.345	0.280			14:88416403-88416432	AT_rich												47.35	-2.62354415217069	0.258638291301075	-2.47162789907313	0.324045467802155	-0.283647167642099							606890			yes		5	5.2142e-15	6.2835e-07	1.0	1A (cf Gene_count, RE_gene, +0.00);2A (cf P_loss_source, +1.00);3A (1 gene, +0.00);5F (+0.00)	5
14_88400110_88416379_DEL_1	14	88400110	88416379	-16270	CNV007	DEL	NA	split	q31.3	GALC				NM_001424071	1	88399357	88459198	16270	807	42	no	17	intron11-exon17	CDS-3'UTR	104	3'	88400109	88416379								dbVar:nssv15770591;dbVar:nssv15770935;dbVar:nssv18791285	14:88401057-88416295;14:88401065-88406335;14:88416180-88416285															73	GALC-related_disorder;Galactosylceramide_beta-galactosidase_deficiency;Inborn_genetic_diseases				dbVar	chr14:88299497-88420442;chr14:88391506-88423172;chr14:88391507-88423180	0.01																														30		47.35	-2.62354415217069	0.258638291301075	-2.47162789907313	0.324045467802155	-0.283647167642099	Krabbe disease	AR	Definitive;Strong	10448809;16607461;7437911;8786069;9272171	2581	HGNC:4115	606890	Krabbe disease, 245200 (3) AR	AR	yes		5	5.2142e-15	6.2835e-07			full=5
14_88400110_88416379_DEL_1	14	88400110	88416379	-16270	CNV092	DEL	NA	full	q31.3	GALC	LINC02330	GPR65	1																							dbVar:nssv15770591;dbVar:nssv15770935;dbVar:nssv18791285	14:88401057-88416295;14:88401065-88406335;14:88416180-88416285							dbVar:nssv15162475;dbVar:nssv15161908;dbVar:nssv15162476;dbVar:nssv15161629;dbVar:nssv15161107;nssv15161424;dbVar:nssv15161067;dbVar:nssv17976728;dbVar:nssv15161689;dbVar:nssv15161760;dbVar:nssv15161081;dbVar:nssv18329607;dbVar:nssv18330720;dbVar:nssv15161039;dbVar:nssv16213003;dbVar:nssv17971502	14:19000423-107289053;14:19280734-107287663;14:19327824-107287663;14:19794562-107234280;14:20511674-107285437;14:20619309-107263478;14:37671059-106985955;14:73750742-107285437;14:74122476-107287505;14:77689139-107287505;14:81593709-97059276;14:84537503-107285437;14:86560375-107240869;14:88391503-88423172;14:88411888-88417102	0.02;0.02;0.02;0.02;0.02;0.02;0.02;0.05;0.05;0.05;0.11;0.07;0.08;51.37;86.14	Krabbe disease, 245200 (3) AR		dbVar:nssv15775589;dbVar:nssv15154706;dbVar:nssv16206456;dbVar:nssv16865895;dbVar:nssv17969653;dbVar:nssv17649940;dbVar:nssv15773162;nssv15773163;dbVar:nssv15775335;dbVar:nssv15776237;dbVar:nssv17976378;morbid:GALC;dbVar:nssv15776536;dbVar:nssv16216522;dbVar:nssv15774390;nssv15774844;dbVar:nssv15772051;dbVar:nssv15130867;dbVar:nssv16213074;dbVar:nssv18830720	14:77274991-89803137;14:84783138-96908198;14:84783524-96907490;14:86089632-88429727;14:88345626-94773741;14:88391508-88423172;14:88398358-88422853;14:88398407-88422853;14:88398408-88422569;14:88399358-88429727;14:88399358-88460011;14:88399623-88422569;14:88399829-88422607;14:88400252-88422569;14:88400286-88422569;14:88401057-88417112;14:88401065-88417102;14:88401077-94725706	0.13;0.13;0.13;0.70;0.25;51.38;66.42;66.55;67.34;53.57;26.82;70.90;71.43;72.26;72.22;95.43;95.49;0.24	73	GALC-related_disorder;Galactosylceramide_beta-galactosidase_deficiency;Inborn_genetic_diseases				dbVar	chr14:88299497-88420442;chr14:88391506-88423172;chr14:88391507-88423180	0.01													chr14:88391506-88423172 dbVar;chr14:88299497-88420442 dbVar;chr14:88391507-88423180 dbVar	chr14:88299497-88420442 dbVar;chr14:88391507-88423180 dbVar;chr14:88391506-88423172 dbVar	0.345	0.280			14:88416403-88416432	AT_rich												47.35	-2.62354415217069	0.258638291301075	-2.47162789907313	0.324045467802155	-0.283647167642099							606890			yes		5	5.2142e-15	6.2835e-07	1.0	1A (cf Gene_count, RE_gene, +0.00);2A (cf P_loss_source, +1.00);3A (1 gene, +0.00);5F (+0.00)	5
14_88400110_88416379_DEL_1	14	88400110	88416379	-16270	CNV092	DEL	NA	split	q31.3	GALC				NM_001424071	1	88399357	88459198	16270	807	42	no	17	intron11-exon17	CDS-3'UTR	104	3'	88400109	88416379								dbVar:nssv15770591;dbVar:nssv15770935;dbVar:nssv18791285	14:88401057-88416295;14:88401065-88406335;14:88416180-88416285															73	GALC-related_disorder;Galactosylceramide_beta-galactosidase_deficiency;Inborn_genetic_diseases				dbVar	chr14:88299497-88420442;chr14:88391506-88423172;chr14:88391507-88423180	0.01																														30		47.35	-2.62354415217069	0.258638291301075	-2.47162789907313	0.324045467802155	-0.283647167642099	Krabbe disease	AR	Definitive;Strong	10448809;16607461;7437911;8786069;9272171	2581	HGNC:4115	606890	Krabbe disease, 245200 (3) AR	AR	yes		5	5.2142e-15	6.2835e-07			full=5
14_88401222_88417002_DEL_1	14	88401222	88417002	-15781	CNV038	DEL	NA	full	q31.3	GALC	LINC02330	GPR65	1																							dbVar:nssv15770935	14:88416180-88416285							dbVar:nssv15162475;dbVar:nssv15161908;dbVar:nssv15162476;dbVar:nssv15161629;dbVar:nssv15161107;nssv15161424;dbVar:nssv15161067;dbVar:nssv17976728;dbVar:nssv15161689;dbVar:nssv15161760;dbVar:nssv15161081;dbVar:nssv18329607;dbVar:nssv18330720;dbVar:nssv15161039;dbVar:nssv16213003;dbVar:nssv17971502	14:19000423-107289053;14:19280734-107287663;14:19327824-107287663;14:19794562-107234280;14:20511674-107285437;14:20619309-107263478;14:37671059-106985955;14:73750742-107285437;14:74122476-107287505;14:77689139-107287505;14:81593709-97059276;14:84537503-107285437;14:86560375-107240869;14:88391503-88423172;14:88411888-88417102	0.02;0.02;0.02;0.02;0.02;0.02;0.02;0.05;0.05;0.05;0.10;0.07;0.08;49.83;98.08	Krabbe disease, 245200 (3) AR		dbVar:nssv15775589;dbVar:nssv15154706;dbVar:nssv16206456;dbVar:nssv16865895;dbVar:nssv17969653;dbVar:nssv17649940;dbVar:nssv15773162;nssv15773163;dbVar:nssv15775335;dbVar:nssv15776237;dbVar:nssv17976378;morbid:GALC;dbVar:nssv15776536;dbVar:nssv16216522;dbVar:nssv15774390;nssv15774844;dbVar:nssv15772051;dbVar:nssv15770591;dbVar:nssv15130867;dbVar:nssv18791285;dbVar:nssv16213074;dbVar:nssv18830720	14:77274991-89803137;14:84783138-96908198;14:84783524-96907490;14:86089632-88429727;14:88345626-94773741;14:88391508-88423172;14:88398358-88422853;14:88398407-88422853;14:88398408-88422569;14:88399358-88429727;14:88399358-88460011;14:88399623-88422569;14:88399829-88422607;14:88400252-88422569;14:88400286-88422569;14:88401057-88416295;14:88401057-88417112;14:88401065-88406335;14:88401065-88417102;14:88401077-94725706	0.13;0.13;0.13;0.67;0.25;49.84;64.42;64.55;65.31;51.96;26.02;68.77;69.28;70.71;70.82;98.92;98.29;97.02;98.40;0.25	68	GALC-related_disorder;Galactosylceramide_beta-galactosidase_deficiency;Inborn_genetic_diseases				dbVar	chr14:88299497-88420442;chr14:88391506-88423172;chr14:88391507-88423180	0.01													chr14:88391506-88423172 dbVar;chr14:88299497-88420442 dbVar;chr14:88391507-88423180 dbVar	chr14:88299497-88420442 dbVar;chr14:88391507-88423180 dbVar;chr14:88391506-88423172 dbVar	0.435	0.295																47.35	-2.62354415217069	0.258638291301075	-2.47162789907313	0.324045467802155	-0.283647167642099							606890			yes		5	5.2142e-15	6.2835e-07	1.0	1A (cf Gene_count, RE_gene, +0.00);2A (cf P_loss_source, +1.00);3A (1 gene, +0.00);5F (+0.00)	5
14_88401222_88417002_DEL_1	14	88401222	88417002	-15781	CNV038	DEL	NA	split	q31.3	GALC				NM_001424071	1	88399357	88459198	15781	661	34	yes	17	intron11-exon17	CDS	0	5'	88401221	88417002								dbVar:nssv15770935	14:88416180-88416285															68	GALC-related_disorder;Galactosylceramide_beta-galactosidase_deficiency;Inborn_genetic_diseases				dbVar	chr14:88299497-88420442;chr14:88391506-88423172;chr14:88391507-88423180	0.01																														30		47.35	-2.62354415217069	0.258638291301075	-2.47162789907313	0.324045467802155	-0.283647167642099	Krabbe disease	AR	Definitive;Strong	10448809;16607461;7437911;8786069;9272171	2581	HGNC:4115	606890	Krabbe disease, 245200 (3) AR	AR	yes		5	5.2142e-15	6.2835e-07			full=5
14_88401222_88417002_DEL_1	14	88401222	88417002	-15781	CNV140	DEL	NA	full	q31.3	GALC	LINC02330	GPR65	1																							dbVar:nssv15770935	14:88416180-88416285							dbVar:nssv15162475;dbVar:nssv15161908;dbVar:nssv15162476;dbVar:nssv15161629;dbVar:nssv15161107;nssv15161424;dbVar:nssv15161067;dbVar:nssv17976728;dbVar:nssv15161689;dbVar:nssv15161760;dbVar:nssv15161081;dbVar:nssv18329607;dbVar:nssv18330720;dbVar:nssv15161039;dbVar:nssv16213003;dbVar:nssv17971502	14:19000423-107289053;14:19280734-107287663;14:19327824-107287663;14:19794562-107234280;14:20511674-107285437;14:20619309-107263478;14:37671059-106985955;14:73750742-107285437;14:74122476-107287505;14:77689139-107287505;14:81593709-97059276;14:84537503-107285437;14:86560375-107240869;14:88391503-88423172;14:88411888-88417102	0.02;0.02;0.02;0.02;0.02;0.02;0.02;0.05;0.05;0.05;0.10;0.07;0.08;49.83;98.08	Krabbe disease, 245200 (3) AR		dbVar:nssv15775589;dbVar:nssv15154706;dbVar:nssv16206456;dbVar:nssv16865895;dbVar:nssv17969653;dbVar:nssv17649940;dbVar:nssv15773162;nssv15773163;dbVar:nssv15775335;dbVar:nssv15776237;dbVar:nssv17976378;morbid:GALC;dbVar:nssv15776536;dbVar:nssv16216522;dbVar:nssv15774390;nssv15774844;dbVar:nssv15772051;dbVar:nssv15770591;dbVar:nssv15130867;dbVar:nssv18791285;dbVar:nssv16213074;dbVar:nssv18830720	14:77274991-89803137;14:84783138-96908198;14:84783524-96907490;14:86089632-88429727;14:88345626-94773741;14:88391508-88423172;14:88398358-88422853;14:88398407-88422853;14:88398408-88422569;14:88399358-88429727;14:88399358-88460011;14:88399623-88422569;14:88399829-88422607;14:88400252-88422569;14:88400286-88422569;14:88401057-88416295;14:88401057-88417112;14:88401065-88406335;14:88401065-88417102;14:88401077-94725706	0.13;0.13;0.13;0.67;0.25;49.84;64.42;64.55;65.31;51.96;26.02;68.77;69.28;70.71;70.82;98.92;98.29;97.02;98.40;0.25	68	GALC-related_disorder;Galactosylceramide_beta-galactosidase_deficiency;Inborn_genetic_diseases				dbVar	chr14:88299497-88420442;chr14:88391506-88423172;chr14:88391507-88423180	0.01													chr14:88391506-88423172 dbVar;chr14:88299497-88420442 dbVar;chr14:88391507-88423180 dbVar	chr14:88299497-88420442 dbVar;chr14:88391507-88423180 dbVar;chr14:88391506-88423172 dbVar	0.435	0.295																47.35	-2.62354415217069	0.258638291301075	-2.47162789907313	0.324045467802155	-0.283647167642099							606890			yes		5	5.2142e-15	6.2835e-07	1.0	1A (cf Gene_count, RE_gene, +0.00);2A (cf P_loss_source, +1.00);3A (1 gene, +0.00);5F (+0.00)	5
14_88401222_88417002_DEL_1	14	88401222	88417002	-15781	CNV140	DEL	NA	split	q31.3	GALC				NM_001424071	1	88399357	88459198	15781	661	34	yes	17	intron11-exon17	CDS	0	5'	88401221	88417002								dbVar:nssv15770935	14:88416180-88416285															68	GALC-related_disorder;Galactosylceramide_beta-galactosidase_deficiency;Inborn_genetic_diseases				dbVar	chr14:88299497-88420442;chr14:88391506-88423172;chr14:88391507-88423180	0.01																														30		47.35	-2.62354415217069	0.258638291301075	-2.47162789907313	0.324045467802155	-0.283647167642099	Krabbe disease	AR	Definitive;Strong	10448809;16607461;7437911;8786069;9272171	2581	HGNC:4115	606890	Krabbe disease, 245200 (3) AR	AR	yes		5	5.2142e-15	6.2835e-07			full=5
15_42676657_42684925_DEL_1	15	42676657	42684925	-8269	CNV022	DEL	NA	full	q15.1	CAPN3	GANC	ZNF106	1																CDAN1 (morbid/RE=ABC_enhancer+EA_enhancer);TTBK2 (morbid/RE=ABC_enhancer)							dbVar:nssv16212791	15:42676672-42682304							dbVar:nssv15172447;dbVar:nssv15125410;dbVar:nssv15172190;dbVar:nssv15149616;dbVar:nssv15150618;nssv15150717;dbVar:nssv15151655;dbVar:nssv15148445	15:20016812-102493540;15:20063341-102521392;15:20071674-102461162;15:20733396-102511616;15:22770423-102429112;15:31115048-102354857;15:41745085-102354798	0.01;0.01;0.01;0.01;0.01;0.01;0.01			dbVar:nssv15127755;dbVar:nssv15127602;dbVar:nssv15151002;dbVar:nssv18791133;dbVar:nssv17972054;dbVar:nssv17976553;dbVar:nssv15130080;dbVar:nssv15770308;dbVar:nssv18791128;dbVar:nssv15770602;dbVar:nssv18329033;dbVar:nssv17971204;dbVar:nssv17973742;dbVar:nssv17971579;dbVar:nssv16212148;dbVar:nssv16214223;dbVar:nssv18791131;dbVar:nssv15770406;dbVar:nssv16091878	15:23622527-102521392;15:29209621-102521392;15:41689328-52446981;15:42614561-42676697;15:42650584-42687745;15:42651698-42704516;15:42651699-42704515;15:42651995-42691860;15:42651995-42695985;15:42651995-42703981;15:42651995-42703999;15:42652005-42703563;15:42676662-42684940;15:42676662-42686559;15:42676672-42684930;15:42676672-42686549;15:42676672-42689085;15:42682132-42703991;15:42684838-42686539	0.01;0.01;0.08;0.07;22.25;15.66;15.66;20.74;18.80;15.91;15.90;16.04;99.82;83.49;99.94;83.56;66.49;12.78;5.17	94	Abnormality_of_the_musculature;Absent_Achilles_reflex;Absent_muscle_fiber_calpain-3;Autosomal_recessive_limb-girdle_muscular_dystrophy;Autosomal_recessive_limb-girdle_muscular_dystrophy_type_2A;CAPN3-related_disorder;Calf_muscle_hypertrophy;Cardiac_arrhythmia;Congenital_muscular_dystrophy;Difficulty_walking;EMG:_myopathic_abnormalities;EMG:_neuropathic_changes;Elbow_flexion_contracture;Elevated_circulating_creatine_kinase_concentration;Limb-girdle_muscle_weakness;Limb-girdle_muscular_dystrophy;Limb-girdle_muscular_dystrophy,_recessive;Lower-limb_joint_contracture;Migraine;Muscle_weakness;Muscular_dystrophy;Muscular_dystrophy,_limb-girdle,_autosomal_dominant_4;Myopathy;Paresthesia;Positive_Romberg_sign;Progressive_spinal_muscular_atrophy;See_cases;Shoulder_girdle_muscle_weakness										IMH	15:41853704-76553742;15:41861792-76552734;15:41862487-76552776;15:41864025-76552620	0.1277							chr15:42675757-42677962 dbVar	chr15:42675757-42677962 dbVar	0.435	0.585	15:42676330-42676615;15:42676616-42676641	AluSc;(TCTA)n														21.69	0.1236772891908	0.448507041888819	0.386195850841801	-1.20265407884393	-0.0884826156813326							114240			yes		5	3.5865e-19	9.7374e-09	1.0	1A (cf Gene_count, RE_gene, +0.00);2A (cf P_loss_source, +1.00);3A (1 gene, +0.00);5F (+0.00)	5
15_42676657_42684925_DEL_1	15	42676657	42684925	-8269	CNV022	DEL	NA	split	q15.1	CAPN3				NM_000070	3	42651698	42704515	8269	720	29	no	24	intron1-intron7	CDS	5	5'	42676656	42684925								dbVar:nssv16212791	15:42676672-42682304															94	Abnormality_of_the_musculature;Absent_Achilles_reflex;Absent_muscle_fiber_calpain-3;Autosomal_recessive_limb-girdle_muscular_dystrophy;Autosomal_recessive_limb-girdle_muscular_dystrophy_type_2A;CAPN3-related_disorder;Calf_muscle_hypertrophy;Cardiac_arrhythmia;Congenital_muscular_dystrophy;Difficulty_walking;EMG:_myopathic_abnormalities;EMG:_neuropathic_changes;Elbow_flexion_contracture;Elevated_circulating_creatine_kinase_concentration;Limb-girdle_muscle_weakness;Limb-girdle_muscular_dystrophy;Limb-girdle_muscular_dystrophy,_recessive;Lower-limb_joint_contracture;Migraine;Muscle_weakness;Muscular_dystrophy;Muscular_dystrophy,_limb-girdle,_autosomal_dominant_4;Myopathy;Paresthesia;Positive_Romberg_sign;Progressive_spinal_muscular_atrophy;See_cases;Shoulder_girdle_muscle_weakness										IMH	15:41853704-76553742;15:41861792-76552734;15:41862487-76552776;15:41864025-76552620	0.1277																								30	0	21.69	0.1236772891908	0.448507041888819	0.386195850841801	-1.20265407884393	-0.0884826156813326	autosomal recessive limb-girdle muscular dystrophy;autosomal recessive limb-girdle muscular dystrophy type 2A;muscular dystrophy, limb-girdle, autosomal dominant;muscular dystrophy, limb-girdle, autosomal dominant 4	AD;AR	Definitive;Limited;Moderate;Strong;Supportive	10330340;15351423;15689361;18337726;20301490;20301582[PMID];240268;27259757;28881388;32342993;9150160	825	HGNC:1480	114240	Muscular dystrophy, limb-girdle, AD 4, 618129 (3) AD;Muscular dystrophy, limb-girdle, AR 1, 253600 (3) AR	AD;AR	yes		5	3.5865e-19	9.7374e-09			full=5
15_42676657_42684925_DEL_1	15	42676657	42684925	-8269	CNV109	DEL	NA	full	q15.1	CAPN3	GANC	ZNF106	1																CDAN1 (morbid/RE=ABC_enhancer+EA_enhancer);TTBK2 (morbid/RE=ABC_enhancer)							dbVar:nssv16212791	15:42676672-42682304							dbVar:nssv15172447;dbVar:nssv15125410;dbVar:nssv15172190;dbVar:nssv15149616;dbVar:nssv15150618;nssv15150717;dbVar:nssv15151655;dbVar:nssv15148445	15:20016812-102493540;15:20063341-102521392;15:20071674-102461162;15:20733396-102511616;15:22770423-102429112;15:31115048-102354857;15:41745085-102354798	0.01;0.01;0.01;0.01;0.01;0.01;0.01			dbVar:nssv15127755;dbVar:nssv15127602;dbVar:nssv15151002;dbVar:nssv18791133;dbVar:nssv17972054;dbVar:nssv17976553;dbVar:nssv15130080;dbVar:nssv15770308;dbVar:nssv18791128;dbVar:nssv15770602;dbVar:nssv18329033;dbVar:nssv17971204;dbVar:nssv17973742;dbVar:nssv17971579;dbVar:nssv16212148;dbVar:nssv16214223;dbVar:nssv18791131;dbVar:nssv15770406;dbVar:nssv16091878	15:23622527-102521392;15:29209621-102521392;15:41689328-52446981;15:42614561-42676697;15:42650584-42687745;15:42651698-42704516;15:42651699-42704515;15:42651995-42691860;15:42651995-42695985;15:42651995-42703981;15:42651995-42703999;15:42652005-42703563;15:42676662-42684940;15:42676662-42686559;15:42676672-42684930;15:42676672-42686549;15:42676672-42689085;15:42682132-42703991;15:42684838-42686539	0.01;0.01;0.08;0.07;22.25;15.66;15.66;20.74;18.80;15.91;15.90;16.04;99.82;83.49;99.94;83.56;66.49;12.78;5.17	94	Abnormality_of_the_musculature;Absent_Achilles_reflex;Absent_muscle_fiber_calpain-3;Autosomal_recessive_limb-girdle_muscular_dystrophy;Autosomal_recessive_limb-girdle_muscular_dystrophy_type_2A;CAPN3-related_disorder;Calf_muscle_hypertrophy;Cardiac_arrhythmia;Congenital_muscular_dystrophy;Difficulty_walking;EMG:_myopathic_abnormalities;EMG:_neuropathic_changes;Elbow_flexion_contracture;Elevated_circulating_creatine_kinase_concentration;Limb-girdle_muscle_weakness;Limb-girdle_muscular_dystrophy;Limb-girdle_muscular_dystrophy,_recessive;Lower-limb_joint_contracture;Migraine;Muscle_weakness;Muscular_dystrophy;Muscular_dystrophy,_limb-girdle,_autosomal_dominant_4;Myopathy;Paresthesia;Positive_Romberg_sign;Progressive_spinal_muscular_atrophy;See_cases;Shoulder_girdle_muscle_weakness										IMH	15:41853704-76553742;15:41861792-76552734;15:41862487-76552776;15:41864025-76552620	0.1277							chr15:42675757-42677962 dbVar	chr15:42675757-42677962 dbVar	0.435	0.585	15:42676330-42676615;15:42676616-42676641	AluSc;(TCTA)n														21.69	0.1236772891908	0.448507041888819	0.386195850841801	-1.20265407884393	-0.0884826156813326							114240			yes		5	3.5865e-19	9.7374e-09	1.0	1A (cf Gene_count, RE_gene, +0.00);2A (cf P_loss_source, +1.00);3A (1 gene, +0.00);5F (+0.00)	5
15_42676657_42684925_DEL_1	15	42676657	42684925	-8269	CNV109	DEL	NA	split	q15.1	CAPN3				NM_000070	3	42651698	42704515	8269	720	29	no	24	intron1-intron7	CDS	5	5'	42676656	42684925								dbVar:nssv16212791	15:42676672-42682304															94	Abnormality_of_the_musculature;Absent_Achilles_reflex;Absent_muscle_fiber_calpain-3;Autosomal_recessive_limb-girdle_muscular_dystrophy;Autosomal_recessive_limb-girdle_muscular_dystrophy_type_2A;CAPN3-related_disorder;Calf_muscle_hypertrophy;Cardiac_arrhythmia;Congenital_muscular_dystrophy;Difficulty_walking;EMG:_myopathic_abnormalities;EMG:_neuropathic_changes;Elbow_flexion_contracture;Elevated_circulating_creatine_kinase_concentration;Limb-girdle_muscle_weakness;Limb-girdle_muscular_dystrophy;Limb-girdle_muscular_dystrophy,_recessive;Lower-limb_joint_contracture;Migraine;Muscle_weakness;Muscular_dystrophy;Muscular_dystrophy,_limb-girdle,_autosomal_dominant_4;Myopathy;Paresthesia;Positive_Romberg_sign;Progressive_spinal_muscular_atrophy;See_cases;Shoulder_girdle_muscle_weakness										IMH	15:41853704-76553742;15:41861792-76552734;15:41862487-76552776;15:41864025-76552620	0.1277																								30	0	21.69	0.1236772891908	0.448507041888819	0.386195850841801	-1.20265407884393	-0.0884826156813326	autosomal recessive limb-girdle muscular dystrophy;autosomal recessive limb-girdle muscular dystrophy type 2A;muscular dystrophy, limb-girdle, autosomal dominant;muscular dystrophy, limb-girdle, autosomal dominant 4	AD;AR	Definitive;Limited;Moderate;Strong;Supportive	10330340;15351423;15689361;18337726;20301490;20301582[PMID];240268;27259757;28881388;32342993;9150160	825	HGNC:1480	114240	Muscular dystrophy, limb-girdle, AD 4, 618129 (3) AD;Muscular dystrophy, limb-girdle, AR 1, 253600 (3) AR	AD;AR	yes		5	3.5865e-19	9.7374e-09			full=5
15_44862623_44867215_DEL_1	15	44862623	44867215	-4593	CNV011	DEL	NA	full	q21.1	SPG11	EIF3J	PATL2	1																							dbVar:nssv15149831;dbVar:nssv17171817	15:44862704-44862876;15:44862724-44862856	Hereditary_spastic_paraplegia_11		CLN:2081152;dbVar:nssv18786074	15:44864898-44864897;15:44864898-44865021			dbVar:nssv15172447;dbVar:nssv15125410;dbVar:nssv15172190;dbVar:nssv15149616;dbVar:nssv15150618;nssv15150717;dbVar:nssv15151655;dbVar:nssv15148445	15:20016812-102493540;15:20063341-102521392;15:20071674-102461162;15:20733396-102511616;15:22770423-102429112;15:31115048-102354857;15:41745085-102354798	0.01;0.01;0.01;0.01;0.01;0.01;0.01	Amyotrophic lateral sclerosis 5, juvenile, 602099 (3) AR;Charcot-Marie-Tooth disease, axonal, type 2X, 616668 (3) AR;Spastic paraplegia 11, AR, 604360 (3) AR		dbVar:nssv15127755;dbVar:nssv15127602;dbVar:nssv15151002;dbVar:nssv17969002;dbVar:nssv15155452;morbid:SPG11;dbVar:nssv18787744;dbVar:nssv18786327;dbVar:nssv15146160;dbVar:nssv15151621;dbVar:nssv17173087;dbVar:nssv15151058;dbVar:nssv15154198;dbVar:nssv15770751;dbVar:nssv17970987	15:23622527-102521392;15:29209621-102521392;15:41689328-52446981;15:42850435-49592633;15:43759774-53252240;15:44854894-44955860;15:44855320-44952834;15:44861705-44876011;15:44862155-44870476;15:44862704-44867259;15:44862714-44867249;15:44862724-44867239;15:44864862-44867259;15:44864872-44867249;15:44864990-44988554	0.01;0.01;0.04;0.07;0.05;4.55;4.71;32.10;55.19;99.03;99.25;99.47;98.17;98.57;1.80	40	Amyotrophic_lateral_sclerosis_type_5;Charcot-Marie-Tooth_disease_axonal_type_2X;Hereditary_spastic_paraplegia;Hereditary_spastic_paraplegia_11;Inborn_genetic_diseases;SPG11-related_disorder;SPG11-related_spastic_paraplegia;See_cases				dbVar	chr15:44862195-44870476	0.01				IMH	15:41853704-76553742;15:41861792-76552734;15:41862487-76552776;15:41864025-76552620	0.1277							chr15:44863205-44874641 dbVar;chr15:44862195-44870476 dbVar;chr15:44864540-44875268 dbVar	chr15:44862195-44870476 dbVar;chr15:44864540-44875268 dbVar;chr15:44863205-44874641 dbVar	0.530	0.500																34.24	-0.54306276032742	0.0702498830574831	-0.107233728120229	-1.8432416904893	-2.79720437732755							610844			yes		4	1.6013e-39	2.9120e-22	1.0	1A (cf Gene_count, RE_gene, +0.00);2A (cf P_loss_source, +1.00);3A (1 gene, +0.00);5F (+0.00)	5
15_44862623_44867215_DEL_1	15	44862623	44867215	-4593	CNV011	DEL	NA	split	q21.1	SPG11				NM_001411132	1	44854893	44955860	4593	587	8	yes	40	exon31-intron34	CDS	24	3'	44862622	44867215								dbVar:nssv15149831;dbVar:nssv17171817	15:44862704-44862876;15:44862724-44862856	Hereditary_spastic_paraplegia_11		CLN:2081152;dbVar:nssv18786074	15:44864898-44864897;15:44864898-44865021											40	Amyotrophic_lateral_sclerosis_type_5;Charcot-Marie-Tooth_disease_axonal_type_2X;Hereditary_spastic_paraplegia;Hereditary_spastic_paraplegia_11;Inborn_genetic_diseases;SPG11-related_disorder;SPG11-related_spastic_paraplegia;See_cases				dbVar	chr15:44862195-44870476	0.01				IMH	15:41853704-76553742;15:41861792-76552734;15:41862487-76552776;15:41864025-76552620	0.1277																										34.24	-0.54306276032742	0.0702498830574831	-0.107233728120229	-1.8432416904893	-2.79720437732755	Charcot-Marie-Tooth disease axonal type 2X;amyotrophic lateral sclerosis type 5;hereditary spastic paraplegia 11;juvenile amyotrophic lateral sclerosis	AR	Definitive;Strong;Supportive	17322883;17322884;18079167;19105190;19105190[PMID]_17322883[PMID];20110243;20613862;22154821;22801083;23825025;24085347[PMID]_22154821[PMID]_20110243[PMID];26556829;26556829[PMID];28237315	80208	HGNC:11226	610844	Amyotrophic lateral sclerosis 5, juvenile, 602099 (3) AR;Charcot-Marie-Tooth disease, axonal, type 2X, 616668 (3) AR;Spastic paraplegia 11, AR, 604360 (3) AR	AR	yes		4	1.6013e-39	2.9120e-22			full=5
15_44862623_44867215_DEL_1	15	44862623	44867215	-4593	CNV097	DEL	NA	full	q21.1	SPG11	EIF3J	PATL2	1																							dbVar:nssv15149831;dbVar:nssv17171817	15:44862704-44862876;15:44862724-44862856	Hereditary_spastic_paraplegia_11		CLN:2081152;dbVar:nssv18786074	15:44864898-44864897;15:44864898-44865021			dbVar:nssv15172447;dbVar:nssv15125410;dbVar:nssv15172190;dbVar:nssv15149616;dbVar:nssv15150618;nssv15150717;dbVar:nssv15151655;dbVar:nssv15148445	15:20016812-102493540;15:20063341-102521392;15:20071674-102461162;15:20733396-102511616;15:22770423-102429112;15:31115048-102354857;15:41745085-102354798	0.01;0.01;0.01;0.01;0.01;0.01;0.01	Amyotrophic lateral sclerosis 5, juvenile, 602099 (3) AR;Charcot-Marie-Tooth disease, axonal, type 2X, 616668 (3) AR;Spastic paraplegia 11, AR, 604360 (3) AR		dbVar:nssv15127755;dbVar:nssv15127602;dbVar:nssv15151002;dbVar:nssv17969002;dbVar:nssv15155452;morbid:SPG11;dbVar:nssv18787744;dbVar:nssv18786327;dbVar:nssv15146160;dbVar:nssv15151621;dbVar:nssv17173087;dbVar:nssv15151058;dbVar:nssv15154198;dbVar:nssv15770751;dbVar:nssv17970987	15:23622527-102521392;15:29209621-102521392;15:41689328-52446981;15:42850435-49592633;15:43759774-53252240;15:44854894-44955860;15:44855320-44952834;15:44861705-44876011;15:44862155-44870476;15:44862704-44867259;15:44862714-44867249;15:44862724-44867239;15:44864862-44867259;15:44864872-44867249;15:44864990-44988554	0.01;0.01;0.04;0.07;0.05;4.55;4.71;32.10;55.19;99.03;99.25;99.47;98.17;98.57;1.80	40	Amyotrophic_lateral_sclerosis_type_5;Charcot-Marie-Tooth_disease_axonal_type_2X;Hereditary_spastic_paraplegia;Hereditary_spastic_paraplegia_11;Inborn_genetic_diseases;SPG11-related_disorder;SPG11-related_spastic_paraplegia;See_cases				dbVar	chr15:44862195-44870476	0.01				IMH	15:41853704-76553742;15:41861792-76552734;15:41862487-76552776;15:41864025-76552620	0.1277							chr15:44863205-44874641 dbVar;chr15:44862195-44870476 dbVar;chr15:44864540-44875268 dbVar	chr15:44862195-44870476 dbVar;chr15:44864540-44875268 dbVar;chr15:44863205-44874641 dbVar	0.530	0.500																34.24	-0.54306276032742	0.0702498830574831	-0.107233728120229	-1.8432416904893	-2.79720437732755							610844			yes		4	1.6013e-39	2.9120e-22	1.0	1A (cf Gene_count, RE_gene, +0.00);2A (cf P_loss_source, +1.00);3A (1 gene, +0.00);5F (+0.00)	5
15_44862623_44867215_DEL_1	15	44862623	44867215	-4593	CNV097	DEL	NA	split	q21.1	SPG11				NM_001411132	1	44854893	44955860	4593	587	8	yes	40	exon31-intron34	CDS	24	3'	44862622	44867215								dbVar:nssv15149831;dbVar:nssv17171817	15:44862704-44862876;15:44862724-44862856	Hereditary_spastic_paraplegia_11		CLN:2081152;dbVar:nssv18786074	15:44864898-44864897;15:44864898-44865021											40	Amyotrophic_lateral_sclerosis_type_5;Charcot-Marie-Tooth_disease_axonal_type_2X;Hereditary_spastic_paraplegia;Hereditary_spastic_paraplegia_11;Inborn_genetic_diseases;SPG11-related_disorder;SPG11-related_spastic_paraplegia;See_cases				dbVar	chr15:44862195-44870476	0.01				IMH	15:41853704-76553742;15:41861792-76552734;15:41862487-76552776;15:41864025-76552620	0.1277																										34.24	-0.54306276032742	0.0702498830574831	-0.107233728120229	-1.8432416904893	-2.79720437732755	Charcot-Marie-Tooth disease axonal type 2X;amyotrophic lateral sclerosis type 5;hereditary spastic paraplegia 11;juvenile amyotrophic lateral sclerosis	AR	Definitive;Strong;Supportive	17322883;17322884;18079167;19105190;19105190[PMID]_17322883[PMID];20110243;20613862;22154821;22801083;23825025;24085347[PMID]_22154821[PMID]_20110243[PMID];26556829;26556829[PMID];28237315	80208	HGNC:11226	610844	Amyotrophic lateral sclerosis 5, juvenile, 602099 (3) AR;Charcot-Marie-Tooth disease, axonal, type 2X, 616668 (3) AR;Spastic paraplegia 11, AR, 604360 (3) AR	AR	yes		4	1.6013e-39	2.9120e-22			full=5
15_44862666_44867274_DEL_1	15	44862666	44867274	-4609	CNV012	DEL	NA	full	q21.1	SPG11	EIF3J	PATL2	1																							dbVar:nssv15149831;dbVar:nssv15151058;dbVar:nssv15151621;dbVar:nssv15154198;dbVar:nssv15770751;dbVar:nssv17171817;dbVar:nssv17173087	15:44862704-44862876;15:44862704-44867259;15:44862714-44867249;15:44862724-44862856;15:44862724-44867239;15:44864862-44867259;15:44864872-44867249	Hereditary_spastic_paraplegia_11		CLN:2081152;dbVar:nssv18786074	15:44864898-44864897;15:44864898-44865021			dbVar:nssv15172447;dbVar:nssv15125410;dbVar:nssv15172190;dbVar:nssv15149616;dbVar:nssv15150618;nssv15150717;dbVar:nssv15151655;dbVar:nssv15148445	15:20016812-102493540;15:20063341-102521392;15:20071674-102461162;15:20733396-102511616;15:22770423-102429112;15:31115048-102354857;15:41745085-102354798	0.01;0.01;0.01;0.01;0.01;0.01;0.01	Amyotrophic lateral sclerosis 5, juvenile, 602099 (3) AR;Charcot-Marie-Tooth disease, axonal, type 2X, 616668 (3) AR;Spastic paraplegia 11, AR, 604360 (3) AR		dbVar:nssv15127755;dbVar:nssv15127602;dbVar:nssv15151002;dbVar:nssv17969002;dbVar:nssv15155452;morbid:SPG11;dbVar:nssv18787744;dbVar:nssv18786327;dbVar:nssv15146160;dbVar:nssv17970987	15:23622527-102521392;15:29209621-102521392;15:41689328-52446981;15:42850435-49592633;15:43759774-53252240;15:44854894-44955860;15:44855320-44952834;15:44861705-44876011;15:44862155-44870476;15:44864990-44988554	0.01;0.01;0.04;0.07;0.05;4.56;4.73;32.21;55.38;1.85	44	Amyotrophic_lateral_sclerosis_type_5;Charcot-Marie-Tooth_disease_axonal_type_2X;Hereditary_spastic_paraplegia;Hereditary_spastic_paraplegia_11;Inborn_genetic_diseases;SPG11-related_disorder;SPG11-related_spastic_paraplegia;See_cases				dbVar	chr15:44862195-44870476	0.01				IMH	15:41853704-76553742;15:41861792-76552734;15:41862487-76552776;15:41864025-76552620	0.1277							chr15:44863205-44874641 dbVar;chr15:44862195-44870476 dbVar;chr15:44864540-44875268 dbVar	chr15:44862195-44870476 dbVar;chr15:44864540-44875268 dbVar;chr15:44863205-44874641 dbVar	0.570	0.515																34.24	-0.54306276032742	0.0702498830574831	-0.107233728120229	-1.8432416904893	-2.79720437732755							610844			yes		4	1.6013e-39	2.9120e-22	1.0	1A (cf Gene_count, RE_gene, +0.00);2A (cf P_loss_source, +1.00);3A (1 gene, +0.00);5F (+0.00)	5
15_44862666_44867274_DEL_1	15	44862666	44867274	-4609	CNV012	DEL	NA	split	q21.1	SPG11				NM_001411132	1	44854893	44955860	4609	611	8	yes	40	intron30-intron34	CDS	35	3'	44862665	44867274								dbVar:nssv15149831;dbVar:nssv15151058;dbVar:nssv15151621;dbVar:nssv15154198;dbVar:nssv15770751;dbVar:nssv17171817;dbVar:nssv17173087	15:44862704-44862876;15:44862704-44867259;15:44862714-44867249;15:44862724-44862856;15:44862724-44867239;15:44864862-44867259;15:44864872-44867249	Hereditary_spastic_paraplegia_11		CLN:2081152;dbVar:nssv18786074	15:44864898-44864897;15:44864898-44865021											44	Amyotrophic_lateral_sclerosis_type_5;Charcot-Marie-Tooth_disease_axonal_type_2X;Hereditary_spastic_paraplegia;Hereditary_spastic_paraplegia_11;Inborn_genetic_diseases;SPG11-related_disorder;SPG11-related_spastic_paraplegia;See_cases				dbVar	chr15:44862195-44870476	0.01				IMH	15:41853704-76553742;15:41861792-76552734;15:41862487-76552776;15:41864025-76552620	0.1277																										34.24	-0.54306276032742	0.0702498830574831	-0.107233728120229	-1.8432416904893	-2.79720437732755	Charcot-Marie-Tooth disease axonal type 2X;amyotrophic lateral sclerosis type 5;hereditary spastic paraplegia 11;juvenile amyotrophic lateral sclerosis	AR	Definitive;Strong;Supportive	17322883;17322884;18079167;19105190;19105190[PMID]_17322883[PMID];20110243;20613862;22154821;22801083;23825025;24085347[PMID]_22154821[PMID]_20110243[PMID];26556829;26556829[PMID];28237315	80208	HGNC:11226	610844	Amyotrophic lateral sclerosis 5, juvenile, 602099 (3) AR;Charcot-Marie-Tooth disease, axonal, type 2X, 616668 (3) AR;Spastic paraplegia 11, AR, 604360 (3) AR	AR	yes		4	1.6013e-39	2.9120e-22			full=5
15_44862666_44867274_DEL_1	15	44862666	44867274	-4609	CNV098	DEL	NA	full	q21.1	SPG11	EIF3J	PATL2	1																							dbVar:nssv15149831;dbVar:nssv15151058;dbVar:nssv15151621;dbVar:nssv15154198;dbVar:nssv15770751;dbVar:nssv17171817;dbVar:nssv17173087	15:44862704-44862876;15:44862704-44867259;15:44862714-44867249;15:44862724-44862856;15:44862724-44867239;15:44864862-44867259;15:44864872-44867249	Hereditary_spastic_paraplegia_11		CLN:2081152;dbVar:nssv18786074	15:44864898-44864897;15:44864898-44865021			dbVar:nssv15172447;dbVar:nssv15125410;dbVar:nssv15172190;dbVar:nssv15149616;dbVar:nssv15150618;nssv15150717;dbVar:nssv15151655;dbVar:nssv15148445	15:20016812-102493540;15:20063341-102521392;15:20071674-102461162;15:20733396-102511616;15:22770423-102429112;15:31115048-102354857;15:41745085-102354798	0.01;0.01;0.01;0.01;0.01;0.01;0.01	Amyotrophic lateral sclerosis 5, juvenile, 602099 (3) AR;Charcot-Marie-Tooth disease, axonal, type 2X, 616668 (3) AR;Spastic paraplegia 11, AR, 604360 (3) AR		dbVar:nssv15127755;dbVar:nssv15127602;dbVar:nssv15151002;dbVar:nssv17969002;dbVar:nssv15155452;morbid:SPG11;dbVar:nssv18787744;dbVar:nssv18786327;dbVar:nssv15146160;dbVar:nssv17970987	15:23622527-102521392;15:29209621-102521392;15:41689328-52446981;15:42850435-49592633;15:43759774-53252240;15:44854894-44955860;15:44855320-44952834;15:44861705-44876011;15:44862155-44870476;15:44864990-44988554	0.01;0.01;0.04;0.07;0.05;4.56;4.73;32.21;55.38;1.85	44	Amyotrophic_lateral_sclerosis_type_5;Charcot-Marie-Tooth_disease_axonal_type_2X;Hereditary_spastic_paraplegia;Hereditary_spastic_paraplegia_11;Inborn_genetic_diseases;SPG11-related_disorder;SPG11-related_spastic_paraplegia;See_cases				dbVar	chr15:44862195-44870476	0.01				IMH	15:41853704-76553742;15:41861792-76552734;15:41862487-76552776;15:41864025-76552620	0.1277							chr15:44863205-44874641 dbVar;chr15:44862195-44870476 dbVar;chr15:44864540-44875268 dbVar	chr15:44862195-44870476 dbVar;chr15:44864540-44875268 dbVar;chr15:44863205-44874641 dbVar	0.570	0.515																34.24	-0.54306276032742	0.0702498830574831	-0.107233728120229	-1.8432416904893	-2.79720437732755							610844			yes		4	1.6013e-39	2.9120e-22	1.0	1A (cf Gene_count, RE_gene, +0.00);2A (cf P_loss_source, +1.00);3A (1 gene, +0.00);5F (+0.00)	5
15_44862666_44867274_DEL_1	15	44862666	44867274	-4609	CNV098	DEL	NA	split	q21.1	SPG11				NM_001411132	1	44854893	44955860	4609	611	8	yes	40	intron30-intron34	CDS	35	3'	44862665	44867274								dbVar:nssv15149831;dbVar:nssv15151058;dbVar:nssv15151621;dbVar:nssv15154198;dbVar:nssv15770751;dbVar:nssv17171817;dbVar:nssv17173087	15:44862704-44862876;15:44862704-44867259;15:44862714-44867249;15:44862724-44862856;15:44862724-44867239;15:44864862-44867259;15:44864872-44867249	Hereditary_spastic_paraplegia_11		CLN:2081152;dbVar:nssv18786074	15:44864898-44864897;15:44864898-44865021											44	Amyotrophic_lateral_sclerosis_type_5;Charcot-Marie-Tooth_disease_axonal_type_2X;Hereditary_spastic_paraplegia;Hereditary_spastic_paraplegia_11;Inborn_genetic_diseases;SPG11-related_disorder;SPG11-related_spastic_paraplegia;See_cases				dbVar	chr15:44862195-44870476	0.01				IMH	15:41853704-76553742;15:41861792-76552734;15:41862487-76552776;15:41864025-76552620	0.1277																										34.24	-0.54306276032742	0.0702498830574831	-0.107233728120229	-1.8432416904893	-2.79720437732755	Charcot-Marie-Tooth disease axonal type 2X;amyotrophic lateral sclerosis type 5;hereditary spastic paraplegia 11;juvenile amyotrophic lateral sclerosis	AR	Definitive;Strong;Supportive	17322883;17322884;18079167;19105190;19105190[PMID]_17322883[PMID];20110243;20613862;22154821;22801083;23825025;24085347[PMID]_22154821[PMID]_20110243[PMID];26556829;26556829[PMID];28237315	80208	HGNC:11226	610844	Amyotrophic lateral sclerosis 5, juvenile, 602099 (3) AR;Charcot-Marie-Tooth disease, axonal, type 2X, 616668 (3) AR;Spastic paraplegia 11, AR, 604360 (3) AR	AR	yes		4	1.6013e-39	2.9120e-22			full=5
15_44877853_44896402_DUP_1	15	44877853	44896402	18550	CNV010	DUP	NA	full	q21.1	SPG11	EIF3J	PATL2	1																B2M (morbid/RE=ABC_enhancer+EA_enhancer);FRMD5 (morbid/RE=EA_enhancer);PATL2 (morbid/RE=ABC_enhancer+EA_enhancer)			dbVar:nssv17973691	15:44887438-44891054			dbVar:nssv15153119;nssv17971155;dbVar:nssv16214629;dbVar:nssv17971178;dbVar:nssv17971343;dbVar:nssv18787743	15:44884510-44884656;15:44887438-44892850;15:44887448-44892840;15:44888262-44892850;15:44890444-44890591							dbVar:nssv15172447;dbVar:nssv15125410;dbVar:nssv15172190;dbVar:nssv15149616;dbVar:nssv15150618;nssv15150717;dbVar:nssv15151655;dbVar:nssv15148445;dbVar:nssv18788154;dbVar:nssv17173090;dbVar:nssv15149824	15:20016812-102493540;15:20063341-102521392;15:20071674-102461162;15:20733396-102511616;15:22770423-102429112;15:31115048-102354857;15:41745085-102354798;15:44876758-44884528;15:44881445-44925841;15:44881451-44925835	0.02;0.02;0.02;0.02;0.02;0.03;0.03;85.91;33.69;33.69	Amyotrophic lateral sclerosis 5, juvenile, 602099 (3) AR;Charcot-Marie-Tooth disease, axonal, type 2X, 616668 (3) AR;Spastic paraplegia 11, AR, 604360 (3) AR		dbVar:nssv15127755;dbVar:nssv15127602;dbVar:nssv15151002;dbVar:nssv17969002;dbVar:nssv15155452;morbid:SPG11;dbVar:nssv18787744;dbVar:nssv17970987;dbVar:nssv18787748;dbVar:nssv16214615	15:23622527-102521392;15:29209621-102521392;15:41689328-52446981;15:42850435-49592633;15:43759774-53252240;15:44854894-44955860;15:44855320-44952834;15:44864990-44988554;15:44877815-44878413;15:44887448-44955855	0.02;0.03;0.17;0.28;0.20;18.37;19.02;15.01;93.66;13.09	76	Abnormal_central_motor_function;Amyotrophic_lateral_sclerosis_type_5;Charcot-Marie-Tooth_disease_axonal_type_2X;Hereditary_spastic_paraplegia;Hereditary_spastic_paraplegia_11;Inborn_genetic_diseases;Juvenile_amyotrophic_lateral_sclerosis;Spastic_paraplegia										IMH	15:41853704-76553742;15:41861792-76552734;15:41862487-76552776;15:41864025-76552620	0.1277							chr15:44882992-44884022 dbVar;chr15:44882992-44884022 dbVar	chr15:44879234-44883795 dbVar;chr15:44879234-44883795 dbVar	0.430	0.355	15:44877506-44877821	AluY						15:44896399-44898146								34.24	-0.54306276032742	0.0702498830574831	-0.107233728120229	-1.8432416904893	-2.79720437732755							610844			yes		4	1.6013e-39	2.9120e-22	1.0	1A (cf Gene_count, RE_gene, +0.00);2A (cf P_gain_source, +1.00);3A (1 gene, +0.00);5F (+0.00)	5
15_44877853_44896402_DUP_1	15	44877853	44896402	18550	CNV010	DUP	NA	split	q21.1	SPG11				NM_001160227	2	44854893	44955860	18550	1582	22	yes	38	intron20-exon29	CDS	19	5'	44877852	44896402				dbVar:nssv17973691	15:44887438-44891054			dbVar:nssv15153119;nssv17971155;dbVar:nssv16214629;dbVar:nssv17971178;dbVar:nssv17971343;dbVar:nssv18787743	15:44884510-44884656;15:44887438-44892850;15:44887448-44892840;15:44888262-44892850;15:44890444-44890591															76	Abnormal_central_motor_function;Amyotrophic_lateral_sclerosis_type_5;Charcot-Marie-Tooth_disease_axonal_type_2X;Hereditary_spastic_paraplegia;Hereditary_spastic_paraplegia_11;Inborn_genetic_diseases;Juvenile_amyotrophic_lateral_sclerosis;Spastic_paraplegia										IMH	15:41853704-76553742;15:41861792-76552734;15:41862487-76552776;15:41864025-76552620	0.1277																										34.24	-0.54306276032742	0.0702498830574831	-0.107233728120229	-1.8432416904893	-2.79720437732755	Charcot-Marie-Tooth disease axonal type 2X;amyotrophic lateral sclerosis type 5;hereditary spastic paraplegia 11;juvenile amyotrophic lateral sclerosis	AR	Definitive;Strong;Supportive	17322883;17322884;18079167;19105190;19105190[PMID]_17322883[PMID];20110243;20613862;22154821;22801083;23825025;24085347[PMID]_22154821[PMID]_20110243[PMID];26556829;26556829[PMID];28237315	80208	HGNC:11226	610844	Amyotrophic lateral sclerosis 5, juvenile, 602099 (3) AR;Charcot-Marie-Tooth disease, axonal, type 2X, 616668 (3) AR;Spastic paraplegia 11, AR, 604360 (3) AR	AR	yes		4	1.6013e-39	2.9120e-22			full=5
15_44877853_44896402_DUP_1	15	44877853	44896402	18550	CNV096	DUP	NA	full	q21.1	SPG11	EIF3J	PATL2	1																B2M (morbid/RE=ABC_enhancer+EA_enhancer);FRMD5 (morbid/RE=EA_enhancer);PATL2 (morbid/RE=ABC_enhancer+EA_enhancer)			dbVar:nssv17973691	15:44887438-44891054			dbVar:nssv15153119;nssv17971155;dbVar:nssv16214629;dbVar:nssv17971178;dbVar:nssv17971343;dbVar:nssv18787743	15:44884510-44884656;15:44887438-44892850;15:44887448-44892840;15:44888262-44892850;15:44890444-44890591							dbVar:nssv15172447;dbVar:nssv15125410;dbVar:nssv15172190;dbVar:nssv15149616;dbVar:nssv15150618;nssv15150717;dbVar:nssv15151655;dbVar:nssv15148445;dbVar:nssv18788154;dbVar:nssv17173090;dbVar:nssv15149824	15:20016812-102493540;15:20063341-102521392;15:20071674-102461162;15:20733396-102511616;15:22770423-102429112;15:31115048-102354857;15:41745085-102354798;15:44876758-44884528;15:44881445-44925841;15:44881451-44925835	0.02;0.02;0.02;0.02;0.02;0.03;0.03;85.91;33.69;33.69	Amyotrophic lateral sclerosis 5, juvenile, 602099 (3) AR;Charcot-Marie-Tooth disease, axonal, type 2X, 616668 (3) AR;Spastic paraplegia 11, AR, 604360 (3) AR		dbVar:nssv15127755;dbVar:nssv15127602;dbVar:nssv15151002;dbVar:nssv17969002;dbVar:nssv15155452;morbid:SPG11;dbVar:nssv18787744;dbVar:nssv17970987;dbVar:nssv18787748;dbVar:nssv16214615	15:23622527-102521392;15:29209621-102521392;15:41689328-52446981;15:42850435-49592633;15:43759774-53252240;15:44854894-44955860;15:44855320-44952834;15:44864990-44988554;15:44877815-44878413;15:44887448-44955855	0.02;0.03;0.17;0.28;0.20;18.37;19.02;15.01;93.66;13.09	76	Abnormal_central_motor_function;Amyotrophic_lateral_sclerosis_type_5;Charcot-Marie-Tooth_disease_axonal_type_2X;Hereditary_spastic_paraplegia;Hereditary_spastic_paraplegia_11;Inborn_genetic_diseases;Juvenile_amyotrophic_lateral_sclerosis;Spastic_paraplegia										IMH	15:41853704-76553742;15:41861792-76552734;15:41862487-76552776;15:41864025-76552620	0.1277							chr15:44882992-44884022 dbVar;chr15:44882992-44884022 dbVar	chr15:44879234-44883795 dbVar;chr15:44879234-44883795 dbVar	0.430	0.355	15:44877506-44877821	AluY						15:44896399-44898146								34.24	-0.54306276032742	0.0702498830574831	-0.107233728120229	-1.8432416904893	-2.79720437732755							610844			yes		4	1.6013e-39	2.9120e-22	1.0	1A (cf Gene_count, RE_gene, +0.00);2A (cf P_gain_source, +1.00);3A (1 gene, +0.00);5F (+0.00)	5
15_44877853_44896402_DUP_1	15	44877853	44896402	18550	CNV096	DUP	NA	split	q21.1	SPG11				NM_001160227	2	44854893	44955860	18550	1582	22	yes	38	intron20-exon29	CDS	19	5'	44877852	44896402				dbVar:nssv17973691	15:44887438-44891054			dbVar:nssv15153119;nssv17971155;dbVar:nssv16214629;dbVar:nssv17971178;dbVar:nssv17971343;dbVar:nssv18787743	15:44884510-44884656;15:44887438-44892850;15:44887448-44892840;15:44888262-44892850;15:44890444-44890591															76	Abnormal_central_motor_function;Amyotrophic_lateral_sclerosis_type_5;Charcot-Marie-Tooth_disease_axonal_type_2X;Hereditary_spastic_paraplegia;Hereditary_spastic_paraplegia_11;Inborn_genetic_diseases;Juvenile_amyotrophic_lateral_sclerosis;Spastic_paraplegia										IMH	15:41853704-76553742;15:41861792-76552734;15:41862487-76552776;15:41864025-76552620	0.1277																										34.24	-0.54306276032742	0.0702498830574831	-0.107233728120229	-1.8432416904893	-2.79720437732755	Charcot-Marie-Tooth disease axonal type 2X;amyotrophic lateral sclerosis type 5;hereditary spastic paraplegia 11;juvenile amyotrophic lateral sclerosis	AR	Definitive;Strong;Supportive	17322883;17322884;18079167;19105190;19105190[PMID]_17322883[PMID];20110243;20613862;22154821;22801083;23825025;24085347[PMID]_22154821[PMID]_20110243[PMID];26556829;26556829[PMID];28237315	80208	HGNC:11226	610844	Amyotrophic lateral sclerosis 5, juvenile, 602099 (3) AR;Charcot-Marie-Tooth disease, axonal, type 2X, 616668 (3) AR;Spastic paraplegia 11, AR, 604360 (3) AR	AR	yes		4	1.6013e-39	2.9120e-22			full=5
16_89574039_89575481_DEL_1	16	89574039	89575481	-1443	CNV014	DEL	NA	full	q24.3	LOC101927863;SPG7	LOC101927817	RPL13	2																ACSF3 (morbid/RE=EA_enhancer);ANKRD11 (HI=3/morbid/RE=ABC_enhancer+EA_enhancer);APRT (morbid/RE=EA_enhancer);CDH15 (morbid/RE=EA_enhancer);CDK10 (morbid/RE=EA_enhancer);CDT1 (morbid/RE=EA_enhancer);CHMP1A (morbid/RE=EA_enhancer);CTU2 (morbid/RE=EA_enhancer);CYBA (morbid/RE=EA_enhancer);FANCA (morbid/RE=EA_enhancer);GAS8 (morbid/RE=EA_enhancer);MVD (morbid/RE=EA_enhancer);PIEZO1 (morbid/RE=EA_enhancer);RPL13 (morbid/RE=EA_enhancer);TRAPPC2L (morbid/RE=EA_enhancer);TUBB3 (morbid/RE=EA_enhancer)							dbVar:nssv15770718	16:89574817-89575018							dbVar:nssv15158812;dbVar:nssv15148703;dbVar:nssv15150639;nssv15151292;dbVar:nssv15158813;dbVar:nssv15158224;dbVar:nssv15126469;dbVar:nssv17976066;dbVar:nssv15149003;dbVar:nssv15152203;dbVar:nssv15146029;dbVar:nssv15146411;dbVar:nssv15147487;dbVar:nssv15146412;dbVar:nssv15146731;dbVar:nssv18326405;dbVar:nssv15155495;dbVar:nssv15147670;dbVar:nssv15147484;dbVar:nssv15148926;dbVar:nssv15146413;dbVar:nssv15146201;dbVar:nssv15154812;dbVar:nssv15148971;dbVar:nssv17955940;dbVar:nssv15148157;dbVar:nssv15148105;dbVar:nssv15147083;dbVar:nssv15606050;dbVar:nssv15151865;dbVar:nssv15147392;dbVar:nssv15147304;dbVar:nssv15150241;dbVar:nssv15145940;dbVar:nssv15151857;dbVar:nssv15145890;dbVar:nssv15145757	16:61452-90294632;16:69194-90274381;16:85882-90155062;16:88166-90163275;16:88166-90274695;16:31986099-90294753;16:46503969-90155062;16:52933096-90155062;16:57051474-89797669;16:64423282-90148393;16:65347299-90148393;16:65545387-90163403;16:70548535-90148393;16:70783302-90163403;16:71610277-90354753;16:72515939-90155062;16:74872515-90274440;16:75411880-90148400;16:76370101-90155062;16:76907467-90148393;16:78850189-90148393;16:79400437-90155062;16:80101213-90124279;16:80386596-90163348;16:80751189-90163070;16:80980557-90148393;16:82206756-90148393;16:82761334-90055381;16:83001541-90155062;16:83512059-89999318;16:84022176-90148393;16:84937274-89836905;16:85586583-90163403;16:85838575-90155062;16:87881823-90163403;16:87887008-90148393	0.00;0.00;0.00;0.00;0.00;0.00;0.00;0.00;0.00;0.01;0.01;0.01;0.01;0.01;0.01;0.01;0.01;0.01;0.01;0.01;0.01;0.01;0.01;0.01;0.02;0.02;0.02;0.02;0.02;0.02;0.02;0.03;0.03;0.03;0.06;0.06	Hereditary_spastic_paraplegia_7;Spastic paraplegia 7, AR, 607259 (3) AD,AR		dbVar:nssv17976684;dbVar:nssv15147725;dbVar:nssv15147723;dbVar:nssv15146521;dbVar:nssv15147578;dbVar:nssv15146032;dbVar:nssv15147170;dbVar:nssv18330240;dbVar:nssv15151121;dbVar:nssv17969105;dbVar:nssv15147724;morbid:SPG7;dbVar:nssv17971156;dbVar:nssv17971797;CLN:3395402	16:88365787-89584412;16:88630608-89607742;16:88635001-89628950;16:88706525-89596883;16:88755313-89584412;16:89283690-89603390;16:89291820-89596942;16:89320846-89607414;16:89405416-89607414;16:89430011-89601261;16:89475452-89652148;16:89574811-89624174;16:89574827-89579465;16:89574827-89597236;16:89575006-89576895	0.12;0.15;0.15;0.16;0.17;0.45;0.47;0.50;0.71;0.84;0.82;1.36;14.12;2.92;25.19	6	Hereditary_spastic_paraplegia_7;Polyneuropathy;SPG7-related_disorder				dbVar	chr16:89571176-89598077	0.01													chr16:89571176-89598077 dbVar	chr16:89571176-89598077 dbVar	0.715	0.515																61.82	-2.62354415217069	-0.917610624604858	-1.84560641646288	-0.619924520476797	0.314255019407682							602783			yes		8	1.9683e-36	1.3847e-18	1.0	1A (cf Gene_count, RE_gene, +0.00);2A (cf P_loss_source, +1.00);3A (2 genes, +0.00);5F (+0.00)	5
16_89574039_89575481_DEL_1	16	89574039	89575481	-1443	CNV014	DEL	NA	split	q24.3	LOC101927863				NR_188547	1	89558810	89574728	690	0	0	no	5	txStart-intron1	UTR	606	5'	89574038	89574728																													dbVar	chr16:89571176-89598077	0.01																																																						full=5
16_89574039_89575481_DEL_1	16	89574039	89575481	-1443	CNV014	DEL	NA	split	q24.3	SPG7				NM_001363850	1	89574795	89624176	686	183	7	no	18	txStart-intron1	5'UTR-CDS	473	5'	89574795	89575481								dbVar:nssv15770718	16:89574817-89575018															6	Hereditary_spastic_paraplegia_7;Polyneuropathy;SPG7-related_disorder				dbVar	chr16:89571176-89598077	0.01																														30		61.82	-2.62354415217069	-0.917610624604858	-1.84560641646288	-0.619924520476797	0.314255019407682	hereditary spastic paraplegia 7;lateral sclerosis	AD;AR	Definitive;Strong;Supportive	14722615;16357941;17101804;17646629[PMID]_20301286[PMID];20301286;21623769;22571692;22964162;27123479[PMID];602783;9634528;9635427	6687	HGNC:11237	602783	Spastic paraplegia 7, AR, 607259 (3) AD,AR	AD,AR	yes		8	1.9683e-36	1.3847e-18			full=5
16_89574039_89575481_DEL_1	16	89574039	89575481	-1443	CNV100	DEL	NA	full	q24.3	LOC101927863;SPG7	LOC101927817	RPL13	2																ACSF3 (morbid/RE=EA_enhancer);ANKRD11 (HI=3/morbid/RE=ABC_enhancer+EA_enhancer);APRT (morbid/RE=EA_enhancer);CDH15 (morbid/RE=EA_enhancer);CDK10 (morbid/RE=EA_enhancer);CDT1 (morbid/RE=EA_enhancer);CHMP1A (morbid/RE=EA_enhancer);CTU2 (morbid/RE=EA_enhancer);CYBA (morbid/RE=EA_enhancer);FANCA (morbid/RE=EA_enhancer);GAS8 (morbid/RE=EA_enhancer);MVD (morbid/RE=EA_enhancer);PIEZO1 (morbid/RE=EA_enhancer);RPL13 (morbid/RE=EA_enhancer);TRAPPC2L (morbid/RE=EA_enhancer);TUBB3 (morbid/RE=EA_enhancer)							dbVar:nssv15770718	16:89574817-89575018							dbVar:nssv15158812;dbVar:nssv15148703;dbVar:nssv15150639;nssv15151292;dbVar:nssv15158813;dbVar:nssv15158224;dbVar:nssv15126469;dbVar:nssv17976066;dbVar:nssv15149003;dbVar:nssv15152203;dbVar:nssv15146029;dbVar:nssv15146411;dbVar:nssv15147487;dbVar:nssv15146412;dbVar:nssv15146731;dbVar:nssv18326405;dbVar:nssv15155495;dbVar:nssv15147670;dbVar:nssv15147484;dbVar:nssv15148926;dbVar:nssv15146413;dbVar:nssv15146201;dbVar:nssv15154812;dbVar:nssv15148971;dbVar:nssv17955940;dbVar:nssv15148157;dbVar:nssv15148105;dbVar:nssv15147083;dbVar:nssv15606050;dbVar:nssv15151865;dbVar:nssv15147392;dbVar:nssv15147304;dbVar:nssv15150241;dbVar:nssv15145940;dbVar:nssv15151857;dbVar:nssv15145890;dbVar:nssv15145757	16:61452-90294632;16:69194-90274381;16:85882-90155062;16:88166-90163275;16:88166-90274695;16:31986099-90294753;16:46503969-90155062;16:52933096-90155062;16:57051474-89797669;16:64423282-90148393;16:65347299-90148393;16:65545387-90163403;16:70548535-90148393;16:70783302-90163403;16:71610277-90354753;16:72515939-90155062;16:74872515-90274440;16:75411880-90148400;16:76370101-90155062;16:76907467-90148393;16:78850189-90148393;16:79400437-90155062;16:80101213-90124279;16:80386596-90163348;16:80751189-90163070;16:80980557-90148393;16:82206756-90148393;16:82761334-90055381;16:83001541-90155062;16:83512059-89999318;16:84022176-90148393;16:84937274-89836905;16:85586583-90163403;16:85838575-90155062;16:87881823-90163403;16:87887008-90148393	0.00;0.00;0.00;0.00;0.00;0.00;0.00;0.00;0.00;0.01;0.01;0.01;0.01;0.01;0.01;0.01;0.01;0.01;0.01;0.01;0.01;0.01;0.01;0.01;0.02;0.02;0.02;0.02;0.02;0.02;0.02;0.03;0.03;0.03;0.06;0.06	Hereditary_spastic_paraplegia_7;Spastic paraplegia 7, AR, 607259 (3) AD,AR		dbVar:nssv17976684;dbVar:nssv15147725;dbVar:nssv15147723;dbVar:nssv15146521;dbVar:nssv15147578;dbVar:nssv15146032;dbVar:nssv15147170;dbVar:nssv18330240;dbVar:nssv15151121;dbVar:nssv17969105;dbVar:nssv15147724;morbid:SPG7;dbVar:nssv17971156;dbVar:nssv17971797;CLN:3395402	16:88365787-89584412;16:88630608-89607742;16:88635001-89628950;16:88706525-89596883;16:88755313-89584412;16:89283690-89603390;16:89291820-89596942;16:89320846-89607414;16:89405416-89607414;16:89430011-89601261;16:89475452-89652148;16:89574811-89624174;16:89574827-89579465;16:89574827-89597236;16:89575006-89576895	0.12;0.15;0.15;0.16;0.17;0.45;0.47;0.50;0.71;0.84;0.82;1.36;14.12;2.92;25.19	6	Hereditary_spastic_paraplegia_7;Polyneuropathy;SPG7-related_disorder				dbVar	chr16:89571176-89598077	0.01													chr16:89571176-89598077 dbVar	chr16:89571176-89598077 dbVar	0.715	0.515																61.82	-2.62354415217069	-0.917610624604858	-1.84560641646288	-0.619924520476797	0.314255019407682							602783			yes		8	1.9683e-36	1.3847e-18	1.0	1A (cf Gene_count, RE_gene, +0.00);2A (cf P_loss_source, +1.00);3A (2 genes, +0.00);5F (+0.00)	5
16_89574039_89575481_DEL_1	16	89574039	89575481	-1443	CNV100	DEL	NA	split	q24.3	LOC101927863				NR_188547	1	89558810	89574728	690	0	0	no	5	txStart-intron1	UTR	606	5'	89574038	89574728																													dbVar	chr16:89571176-89598077	0.01																																																						full=5
16_89574039_89575481_DEL_1	16	89574039	89575481	-1443	CNV100	DEL	NA	split	q24.3	SPG7				NM_001363850	1	89574795	89624176	686	183	7	no	18	txStart-intron1	5'UTR-CDS	473	5'	89574795	89575481								dbVar:nssv15770718	16:89574817-89575018															6	Hereditary_spastic_paraplegia_7;Polyneuropathy;SPG7-related_disorder				dbVar	chr16:89571176-89598077	0.01																														30		61.82	-2.62354415217069	-0.917610624604858	-1.84560641646288	-0.619924520476797	0.314255019407682	hereditary spastic paraplegia 7;lateral sclerosis	AD;AR	Definitive;Strong;Supportive	14722615;16357941;17101804;17646629[PMID]_20301286[PMID];20301286;21623769;22571692;22964162;27123479[PMID];602783;9634528;9635427	6687	HGNC:11237	602783	Spastic paraplegia 7, AR, 607259 (3) AD,AR	AD,AR	yes		8	1.9683e-36	1.3847e-18			full=5
16_89595890_89620977_DEL_1	16	89595890	89620977	-25088	CNV013	DEL	NA	full	q24.3	SPG7	LOC101927863	RPL13	1																ANKRD11 (HI=3/morbid/RE=ABC_enhancer+EA_enhancer);CDH15 (morbid/RE=ABC_enhancer+EA_enhancer);CDK10 (morbid/RE=ABC_enhancer+EA_enhancer);CHMP1A (morbid/RE=EA_enhancer);FANCA (morbid/RE=EA_enhancer);RPL13 (morbid/RE=ABC_enhancer+EA_enhancer);TUBB3 (morbid/RE=EA_enhancer)							dbVar:nssv15153084;dbVar:nssv17171969;dbVar:nssv17971798;dbVar:nssv17972030	16:89613047-89617037;16:89614406-89617023;16:89616902-89620368;16:89619468-89620817							dbVar:nssv15158812;dbVar:nssv15148703;dbVar:nssv15150639;nssv15151292;dbVar:nssv15158813;dbVar:nssv15158224;dbVar:nssv15126469;dbVar:nssv17976066;dbVar:nssv15149003;dbVar:nssv15152203;dbVar:nssv15146029;dbVar:nssv15146411;dbVar:nssv15147487;dbVar:nssv15146412;dbVar:nssv15146731;dbVar:nssv18326405;dbVar:nssv15155495;dbVar:nssv15147670;dbVar:nssv15147484;dbVar:nssv15148926;dbVar:nssv15146413;dbVar:nssv15146201;dbVar:nssv15154812;dbVar:nssv15148971;dbVar:nssv17955940;dbVar:nssv15148157;dbVar:nssv15148105;dbVar:nssv15147083;dbVar:nssv15606050;dbVar:nssv15151865;dbVar:nssv15147392;dbVar:nssv15147304;dbVar:nssv15150241;dbVar:nssv15145940;dbVar:nssv15151857;dbVar:nssv15145890;dbVar:nssv15145757	16:61452-90294632;16:69194-90274381;16:85882-90155062;16:88166-90163275;16:88166-90274695;16:31986099-90294753;16:46503969-90155062;16:52933096-90155062;16:57051474-89797669;16:64423282-90148393;16:65347299-90148393;16:65545387-90163403;16:70548535-90148393;16:70783302-90163403;16:71610277-90354753;16:72515939-90155062;16:74872515-90274440;16:75411880-90148400;16:76370101-90155062;16:76907467-90148393;16:78850189-90148393;16:79400437-90155062;16:80101213-90124279;16:80386596-90163348;16:80751189-90163070;16:80980557-90148393;16:82206756-90148393;16:82761334-90055381;16:83001541-90155062;16:83512059-89999318;16:84022176-90148393;16:84937274-89836905;16:85586583-90163403;16:85838575-90155062;16:87881823-90163403;16:87887008-90148393	0.03;0.03;0.03;0.03;0.03;0.04;0.06;0.07;0.08;0.10;0.10;0.10;0.13;0.13;0.13;0.14;0.16;0.17;0.18;0.19;0.22;0.23;0.25;0.26;0.27;0.27;0.32;0.34;0.35;0.39;0.41;0.51;0.55;0.58;1.10;1.11	Spastic paraplegia 7, AR, 607259 (3) AD,AR		dbVar:nssv15147725;dbVar:nssv15147723;dbVar:nssv15146521;dbVar:nssv15146032;dbVar:nssv15147170;dbVar:nssv18330240;dbVar:nssv15151121;dbVar:nssv17969105;dbVar:nssv15147724;morbid:SPG7;dbVar:nssv17971797;dbVar:nssv17173218;dbVar:nssv17173269;dbVar:nssv15154263;dbVar:nssv17171968;dbVar:nssv17650021	16:88630608-89607742;16:88635001-89628950;16:88706525-89596883;16:89283690-89603390;16:89291820-89596942;16:89320846-89607414;16:89405416-89607414;16:89430011-89601261;16:89475452-89652148;16:89574811-89624174;16:89574827-89597236;16:89579447-89613065;16:89592878-89611055;16:89595866-89596007;16:89595876-89595997;16:89620874-89881041	1.21;2.52;0.11;2.35;0.35;4.02;5.71;3.14;14.20;50.82;6.01;51.09;83.43;83.10;88.52;0.04	75	Cerebral_cortical_atrophy;Distal_spinal_muscular_atrophy;Dysarthria;Gait_ataxia;Hereditary_pancreatitis;Hereditary_spastic_paraplegia;Hereditary_spastic_paraplegia_7;Inborn_genetic_diseases;Memory_impairment;Mitochondrial_disease;Retinal_dystrophy;SPG7-related_disorder;Seizure;Spastic_ataxia;Spastic_paraparesis;Spastic_paraplegia																			chr16:89576612-89597929 dbVar;chr16:89608731-89609606 dbVar;chr16:89609284-89609755 dbVar;chr16:89619544-89620200 dbVar;chr16:89576612-89597929 dbVar;chr16:89608731-89609606 dbVar;chr16:89609284-89609755 dbVar;chr16:89619544-89620200 dbVar	chr16:89571176-89598077 dbVar;chr16:89599102-89663873 dbVar;chr16:89609273-89609617 dbVar;chr16:89611943-89612014 dbVar;chr16:89571176-89598077 dbVar;chr16:89599102-89663873 dbVar;chr16:89609273-89609617 dbVar;chr16:89611943-89612014 dbVar	0.565	0.610																61.82	-2.62354415217069	-0.917610624604858	-1.84560641646288	-0.619924520476797	0.314255019407682							602783			yes		8	1.9683e-36	1.3847e-18	1.0	1A (cf Gene_count, RE_gene, +0.00);2A (cf P_loss_source, +1.00);3A (1 gene, +0.00);5F (+0.00)	5
16_89595890_89620977_DEL_1	16	89595890	89620977	-25088	CNV013	DEL	NA	split	q24.3	SPG7				NM_001363850	1	89574795	89624176	25088	1418	58	yes	18	exon6-intron16	CDS	5	3'	89595889	89620977								dbVar:nssv15153084;dbVar:nssv17171969;dbVar:nssv17971798;dbVar:nssv17972030	16:89613047-89617037;16:89614406-89617023;16:89616902-89620368;16:89619468-89620817															75	Cerebral_cortical_atrophy;Distal_spinal_muscular_atrophy;Dysarthria;Gait_ataxia;Hereditary_pancreatitis;Hereditary_spastic_paraplegia;Hereditary_spastic_paraplegia_7;Inborn_genetic_diseases;Memory_impairment;Mitochondrial_disease;Retinal_dystrophy;SPG7-related_disorder;Seizure;Spastic_ataxia;Spastic_paraparesis;Spastic_paraplegia																																				30		61.82	-2.62354415217069	-0.917610624604858	-1.84560641646288	-0.619924520476797	0.314255019407682	hereditary spastic paraplegia 7;lateral sclerosis	AD;AR	Definitive;Strong;Supportive	14722615;16357941;17101804;17646629[PMID]_20301286[PMID];20301286;21623769;22571692;22964162;27123479[PMID];602783;9634528;9635427	6687	HGNC:11237	602783	Spastic paraplegia 7, AR, 607259 (3) AD,AR	AD,AR	yes		8	1.9683e-36	1.3847e-18			full=5
16_89595890_89620977_DEL_1	16	89595890	89620977	-25088	CNV099	DEL	NA	full	q24.3	SPG7	LOC101927863	RPL13	1																ANKRD11 (HI=3/morbid/RE=ABC_enhancer+EA_enhancer);CDH15 (morbid/RE=ABC_enhancer+EA_enhancer);CDK10 (morbid/RE=ABC_enhancer+EA_enhancer);CHMP1A (morbid/RE=EA_enhancer);FANCA (morbid/RE=EA_enhancer);RPL13 (morbid/RE=ABC_enhancer+EA_enhancer);TUBB3 (morbid/RE=EA_enhancer)							dbVar:nssv15153084;dbVar:nssv17171969;dbVar:nssv17971798;dbVar:nssv17972030	16:89613047-89617037;16:89614406-89617023;16:89616902-89620368;16:89619468-89620817							dbVar:nssv15158812;dbVar:nssv15148703;dbVar:nssv15150639;nssv15151292;dbVar:nssv15158813;dbVar:nssv15158224;dbVar:nssv15126469;dbVar:nssv17976066;dbVar:nssv15149003;dbVar:nssv15152203;dbVar:nssv15146029;dbVar:nssv15146411;dbVar:nssv15147487;dbVar:nssv15146412;dbVar:nssv15146731;dbVar:nssv18326405;dbVar:nssv15155495;dbVar:nssv15147670;dbVar:nssv15147484;dbVar:nssv15148926;dbVar:nssv15146413;dbVar:nssv15146201;dbVar:nssv15154812;dbVar:nssv15148971;dbVar:nssv17955940;dbVar:nssv15148157;dbVar:nssv15148105;dbVar:nssv15147083;dbVar:nssv15606050;dbVar:nssv15151865;dbVar:nssv15147392;dbVar:nssv15147304;dbVar:nssv15150241;dbVar:nssv15145940;dbVar:nssv15151857;dbVar:nssv15145890;dbVar:nssv15145757	16:61452-90294632;16:69194-90274381;16:85882-90155062;16:88166-90163275;16:88166-90274695;16:31986099-90294753;16:46503969-90155062;16:52933096-90155062;16:57051474-89797669;16:64423282-90148393;16:65347299-90148393;16:65545387-90163403;16:70548535-90148393;16:70783302-90163403;16:71610277-90354753;16:72515939-90155062;16:74872515-90274440;16:75411880-90148400;16:76370101-90155062;16:76907467-90148393;16:78850189-90148393;16:79400437-90155062;16:80101213-90124279;16:80386596-90163348;16:80751189-90163070;16:80980557-90148393;16:82206756-90148393;16:82761334-90055381;16:83001541-90155062;16:83512059-89999318;16:84022176-90148393;16:84937274-89836905;16:85586583-90163403;16:85838575-90155062;16:87881823-90163403;16:87887008-90148393	0.03;0.03;0.03;0.03;0.03;0.04;0.06;0.07;0.08;0.10;0.10;0.10;0.13;0.13;0.13;0.14;0.16;0.17;0.18;0.19;0.22;0.23;0.25;0.26;0.27;0.27;0.32;0.34;0.35;0.39;0.41;0.51;0.55;0.58;1.10;1.11	Spastic paraplegia 7, AR, 607259 (3) AD,AR		dbVar:nssv15147725;dbVar:nssv15147723;dbVar:nssv15146521;dbVar:nssv15146032;dbVar:nssv15147170;dbVar:nssv18330240;dbVar:nssv15151121;dbVar:nssv17969105;dbVar:nssv15147724;morbid:SPG7;dbVar:nssv17971797;dbVar:nssv17173218;dbVar:nssv17173269;dbVar:nssv15154263;dbVar:nssv17171968;dbVar:nssv17650021	16:88630608-89607742;16:88635001-89628950;16:88706525-89596883;16:89283690-89603390;16:89291820-89596942;16:89320846-89607414;16:89405416-89607414;16:89430011-89601261;16:89475452-89652148;16:89574811-89624174;16:89574827-89597236;16:89579447-89613065;16:89592878-89611055;16:89595866-89596007;16:89595876-89595997;16:89620874-89881041	1.21;2.52;0.11;2.35;0.35;4.02;5.71;3.14;14.20;50.82;6.01;51.09;83.43;83.10;88.52;0.04	75	Cerebral_cortical_atrophy;Distal_spinal_muscular_atrophy;Dysarthria;Gait_ataxia;Hereditary_pancreatitis;Hereditary_spastic_paraplegia;Hereditary_spastic_paraplegia_7;Inborn_genetic_diseases;Memory_impairment;Mitochondrial_disease;Retinal_dystrophy;SPG7-related_disorder;Seizure;Spastic_ataxia;Spastic_paraparesis;Spastic_paraplegia																			chr16:89576612-89597929 dbVar;chr16:89608731-89609606 dbVar;chr16:89609284-89609755 dbVar;chr16:89619544-89620200 dbVar;chr16:89576612-89597929 dbVar;chr16:89608731-89609606 dbVar;chr16:89609284-89609755 dbVar;chr16:89619544-89620200 dbVar	chr16:89571176-89598077 dbVar;chr16:89599102-89663873 dbVar;chr16:89609273-89609617 dbVar;chr16:89611943-89612014 dbVar;chr16:89571176-89598077 dbVar;chr16:89599102-89663873 dbVar;chr16:89609273-89609617 dbVar;chr16:89611943-89612014 dbVar	0.565	0.610																61.82	-2.62354415217069	-0.917610624604858	-1.84560641646288	-0.619924520476797	0.314255019407682							602783			yes		8	1.9683e-36	1.3847e-18	1.0	1A (cf Gene_count, RE_gene, +0.00);2A (cf P_loss_source, +1.00);3A (1 gene, +0.00);5F (+0.00)	5
16_89595890_89620977_DEL_1	16	89595890	89620977	-25088	CNV099	DEL	NA	split	q24.3	SPG7				NM_001363850	1	89574795	89624176	25088	1418	58	yes	18	exon6-intron16	CDS	5	3'	89595889	89620977								dbVar:nssv15153084;dbVar:nssv17171969;dbVar:nssv17971798;dbVar:nssv17972030	16:89613047-89617037;16:89614406-89617023;16:89616902-89620368;16:89619468-89620817															75	Cerebral_cortical_atrophy;Distal_spinal_muscular_atrophy;Dysarthria;Gait_ataxia;Hereditary_pancreatitis;Hereditary_spastic_paraplegia;Hereditary_spastic_paraplegia_7;Inborn_genetic_diseases;Memory_impairment;Mitochondrial_disease;Retinal_dystrophy;SPG7-related_disorder;Seizure;Spastic_ataxia;Spastic_paraparesis;Spastic_paraplegia																																				30		61.82	-2.62354415217069	-0.917610624604858	-1.84560641646288	-0.619924520476797	0.314255019407682	hereditary spastic paraplegia 7;lateral sclerosis	AD;AR	Definitive;Strong;Supportive	14722615;16357941;17101804;17646629[PMID]_20301286[PMID];20301286;21623769;22571692;22964162;27123479[PMID];602783;9634528;9635427	6687	HGNC:11237	602783	Spastic paraplegia 7, AR, 607259 (3) AD,AR	AD,AR	yes		8	1.9683e-36	1.3847e-18			full=5
17_78091938_78092166_DEL_1	17	78091938	78092166	-229	CNV025	DEL	NA	full	q25.3	GAA	MIR1268B	EIF4A3	1																CCDC40 (morbid/RE=EA_enhancer);EIF4A3 (morbid/RE=EA_enhancer);SGSH (morbid/RE=EA_enhancer)							dbVar:nssv15129282;dbVar:nssv15770334	17:78091983-78092166;17:78091993-78092156							dbVar:nssv15149908;nssv15152170;dbVar:nssv15159024;dbVar:nssv15160732;dbVar:nssv15159027;dbVar:nssv15127236;dbVar:nssv15149626;dbVar:nssv15776727;dbVar:nssv15153193;dbVar:nssv15152233;dbVar:nssv15147088;dbVar:nssv15146769;dbVar:nssv16207334;dbVar:nssv17976673;dbVar:nssv15142500;dbVar:nssv15132539;dbVar:nssv15155559;dbVar:nssv15132085;dbVar:nssv15132209	17:527-81041938;17:7215-81058310;17:8548-81060040;17:12345-81057996;17:16757564-81048189;17:42580685-81085615;17:62778721-81041938;17:63689672-81041938;17:67002416-81041938;17:67205221-81044553;17:67912577-81048189;17:73261872-78608763;17:73481510-81043199;17:73951702-81041938;17:76088318-81044553;17:76552612-81041938;17:76898042-81044553;17:76914733-80978971	0.00;0.00;0.00;0.00;0.00;0.00;0.00;0.00;0.00;0.00;0.00;0.00;0.00;0.00;0.00;0.01;0.01;0.01	Glycogen storage disease II, 232300 (3) AR;|Glycogen_storage_disease,_type_II		dbVar:nssv15127168;morbid:GAA;dbVar:nssv15124993;nssv18791283;dbVar:nssv17970730;dbVar:nssv18792850;CLN:653062;dbVar:nssv17173285	17:34750819-81048189;17:78075380-78093680;17:78085284-78092476;17:78090758-78092614;17:78091550-78092451;17:78091650-78092188;17:78091973-78092176	0.00;1.25;3.18;12.33;25.39;42.49;95.10	14	Cardiovascular_phenotype;GAA-related_disorder;Glycogen_storage_disease;Glycogen_storage_disease,_type_II				dbVar	chr17:78091657-78092187	0.01													chr17:78091657-78092187 dbVar	chr17:78091657-78092187 dbVar	0.655	0.660																75.35	-0.120527469009746	-1.46668612227285	-1.11763622353123	-0.0558530140068724	-0.588793594102511							606800			yes		5	2.8174e-18	4.6201e-11	1.0	1A (cf Gene_count, RE_gene, +0.00);2A (cf P_loss_source, +1.00);3A (1 gene, +0.00);5F (+0.00)	5
17_78091938_78092166_DEL_1	17	78091938	78092166	-229	CNV025	DEL	NA	split	q25.3	GAA				NM_000152	5	78075379	78093680	229	165	5	no	20	intron17-intron18	CDS	10	5'	78091937	78092166								dbVar:nssv15129282;dbVar:nssv15770334	17:78091983-78092166;17:78091993-78092156															14	Cardiovascular_phenotype;GAA-related_disorder;Glycogen_storage_disease;Glycogen_storage_disease,_type_II				dbVar	chr17:78091657-78092187	0.01																													ACMG	30		75.35	-0.120527469009746	-1.46668612227285	-1.11763622353123	-0.0558530140068724	-0.588793594102511	glycogen storage disease II;glycogen storage disease due to acid maltase deficiency, infantile onset;glycogen storage disease due to acid maltase deficiency, late-onset	AR	Definitive;Strong;Supportive	16634037;18425781;22252923;25103075;27365701;NULL	2548	HGNC:4065	606800	Glycogen storage disease II, 232300 (3) AR	AR	yes		5	2.8174e-18	4.6201e-11			full=5
17_78091938_78092166_DEL_1	17	78091938	78092166	-229	CNV112	DEL	NA	full	q25.3	GAA	MIR1268B	EIF4A3	1																CCDC40 (morbid/RE=EA_enhancer);EIF4A3 (morbid/RE=EA_enhancer);SGSH (morbid/RE=EA_enhancer)							dbVar:nssv15129282;dbVar:nssv15770334	17:78091983-78092166;17:78091993-78092156							dbVar:nssv15149908;nssv15152170;dbVar:nssv15159024;dbVar:nssv15160732;dbVar:nssv15159027;dbVar:nssv15127236;dbVar:nssv15149626;dbVar:nssv15776727;dbVar:nssv15153193;dbVar:nssv15152233;dbVar:nssv15147088;dbVar:nssv15146769;dbVar:nssv16207334;dbVar:nssv17976673;dbVar:nssv15142500;dbVar:nssv15132539;dbVar:nssv15155559;dbVar:nssv15132085;dbVar:nssv15132209	17:527-81041938;17:7215-81058310;17:8548-81060040;17:12345-81057996;17:16757564-81048189;17:42580685-81085615;17:62778721-81041938;17:63689672-81041938;17:67002416-81041938;17:67205221-81044553;17:67912577-81048189;17:73261872-78608763;17:73481510-81043199;17:73951702-81041938;17:76088318-81044553;17:76552612-81041938;17:76898042-81044553;17:76914733-80978971	0.00;0.00;0.00;0.00;0.00;0.00;0.00;0.00;0.00;0.00;0.00;0.00;0.00;0.00;0.00;0.01;0.01;0.01	Glycogen storage disease II, 232300 (3) AR;|Glycogen_storage_disease,_type_II		dbVar:nssv15127168;morbid:GAA;dbVar:nssv15124993;nssv18791283;dbVar:nssv17970730;dbVar:nssv18792850;CLN:653062;dbVar:nssv17173285	17:34750819-81048189;17:78075380-78093680;17:78085284-78092476;17:78090758-78092614;17:78091550-78092451;17:78091650-78092188;17:78091973-78092176	0.00;1.25;3.18;12.33;25.39;42.49;95.10	14	Cardiovascular_phenotype;GAA-related_disorder;Glycogen_storage_disease;Glycogen_storage_disease,_type_II				dbVar	chr17:78091657-78092187	0.01													chr17:78091657-78092187 dbVar	chr17:78091657-78092187 dbVar	0.655	0.660																75.35	-0.120527469009746	-1.46668612227285	-1.11763622353123	-0.0558530140068724	-0.588793594102511							606800			yes		5	2.8174e-18	4.6201e-11	1.0	1A (cf Gene_count, RE_gene, +0.00);2A (cf P_loss_source, +1.00);3A (1 gene, +0.00);5F (+0.00)	5
17_78091938_78092166_DEL_1	17	78091938	78092166	-229	CNV112	DEL	NA	split	q25.3	GAA				NM_000152	5	78075379	78093680	229	165	5	no	20	intron17-intron18	CDS	10	5'	78091937	78092166								dbVar:nssv15129282;dbVar:nssv15770334	17:78091983-78092166;17:78091993-78092156															14	Cardiovascular_phenotype;GAA-related_disorder;Glycogen_storage_disease;Glycogen_storage_disease,_type_II				dbVar	chr17:78091657-78092187	0.01																													ACMG	30		75.35	-0.120527469009746	-1.46668612227285	-1.11763622353123	-0.0558530140068724	-0.588793594102511	glycogen storage disease II;glycogen storage disease due to acid maltase deficiency, infantile onset;glycogen storage disease due to acid maltase deficiency, late-onset	AR	Definitive;Strong;Supportive	16634037;18425781;22252923;25103075;27365701;NULL	2548	HGNC:4065	606800	Glycogen storage disease II, 232300 (3) AR	AR	yes		5	2.8174e-18	4.6201e-11			full=5
19_13335371_13346648_DEL_1	19	13335371	13346648	-11278	CNV001	DEL	NA	full	p13.2	CACNA1A	IER2	YJU2B	1																CALR (morbid/RE=EA_enhancer);DHPS (morbid/RE=EA_enhancer);DNASE2 (morbid/RE=EA_enhancer);GCDH (morbid/RE=EA_enhancer);MAN2B1 (morbid/RE=EA_enhancer);NACC1 (morbid/RE=EA_enhancer);RNASEH2A (morbid/RE=EA_enhancer);TNPO2 (morbid/RE=EA_enhancer);TRMT1 (morbid/RE=EA_enhancer);WDR83OS (morbid/RE=EA_enhancer)							dbVar:nssv17171363;dbVar:nssv17172256;dbVar:nssv18791546;dbVar:nssv18791550	19:13338226-13342694;19:13339494-13341043;19:13340887-13342684;19:13342505-13342694							dbVar:nssv15173860;dbVar:nssv15150638;nssv15150782;dbVar:nssv15173861;dbVar:nssv15132927;dbVar:nssv15140428;dbVar:nssv15134337;dbVar:nssv15147244;dbVar:nssv15132928;dbVar:nssv15121178	19:68030-59110290;19:260913-58956888;19:260913-59097160;19:8941824-13442041;19:9678769-14853426;19:10425935-14159806;19:11338619-45129651;19:12242868-14862610;19:12961410-13401768	0.02;0.02;0.02;0.25;0.22;0.30;0.03;0.43;2.56	Developmental and epileptic encephalopathy 42, 617106 (3) AD;Episodic ataxia, type 2, 108500 (3) AD;Migraine, familial hemiplegic, 1, 141500 (3) AD;Migraine, familial hemiplegic, 1, with progressive cerebellar ataxia, 141500 (3) AD;Spinocerebellar ataxia 6, 183086 (3) AD		dbVar:nssv15138575;dbVar:nssv15121994;dbVar:nssv15136271;dbVar:nssv15141590;dbVar:nssv15774889;dbVar:nssv15142544;dbVar:nssv15133775;dbVar:nssv17957205;dbVar:nssv17970870;nssv17971374;dbVar:nssv15134722;dbVar:nssv15129274;dbVar:nssv15121753;dbVar:nssv15120162;morbid:CACNA1A;dbVar:nssv15119703;nssv15120166;HI3:CACNA1A;dbVar:nssv15120165;dbVar:nssv18791549	19:10430151-13888674;19:11628641-13336101;19:11635979-14265833;19:12204633-13497073;19:12354643-13424014;19:12574344-14726197;19:12691242-14853485;19:12697729-14111313;19:12757435-13617038;19:13085209-13519400;19:13106633-13428155;19:13145481-13394500;19:13315087-13354652;19:13317256-13617293;19:13317257-13335480;19:13317257-13617293;19:13325424-13411363;19:13339494-13373667	0.33;0.04;0.43;0.87;1.05;0.52;0.52;0.80;1.31;2.60;3.51;4.53;28.50;3.76;0.60;3.76;13.12;20.94	34	Ataxia___Neurologic_(child_onset);CACNA1A-related_disorder;Cerebellar_ataxia;Chronic_and_progressive_ataxia;Developmental_and_epileptic_encephalopathy,_42;Developmental_and_epileptic_encephalopathy,_52;Enlarged_cisterna_magna;Episodic_ataxia,_type_2,_and_epilepsy;Episodic_ataxia_type_2;Familial_hemiplegic_migraine;Global_developmental_delay;Inborn_genetic_diseases;Migraine,_familial_hemiplegic,_1;Neurodevelopmental_delay;Non-progressive_congenital_cerebellar_ataxia;Spinocerebellar_ataxia_type_6										IMH	19:1692675-42013683;19:12453356-19802551	0.0254									0.510	0.495	19:13335152-13335327	AluJb												3		35.52	1.41338495639277	1.65083645536139	1.86751979318996	1.18148330722263	7.24830614237983							601011			yes		0	1.0000e+00	1.0000e+00	1.0	1A (cf Gene_count, RE_gene, +0.00);2A (cf P_loss_source, +1.00);3A (1 gene, +0.00);5F (+0.00)	5
19_13335371_13346648_DEL_1	19	13335371	13346648	-11278	CNV001	DEL	NA	split	p13.2	CACNA1A				NM_000068	4	13317255	13617293	11278	781	11	yes	48	intron32-intron39	CDS	104	3'	13335370	13346648								dbVar:nssv17171363;dbVar:nssv17172256;dbVar:nssv18791546;dbVar:nssv18791550	19:13338226-13342694;19:13339494-13341043;19:13340887-13342684;19:13342505-13342694															34	Ataxia___Neurologic_(child_onset);CACNA1A-related_disorder;Cerebellar_ataxia;Chronic_and_progressive_ataxia;Developmental_and_epileptic_encephalopathy,_42;Developmental_and_epileptic_encephalopathy,_52;Enlarged_cisterna_magna;Episodic_ataxia,_type_2,_and_epilepsy;Episodic_ataxia_type_2;Familial_hemiplegic_migraine;Global_developmental_delay;Inborn_genetic_diseases;Migraine,_familial_hemiplegic,_1;Neurodevelopmental_delay;Non-progressive_congenital_cerebellar_ataxia;Spinocerebellar_ataxia_type_6										IMH	19:1692675-42013683;19:12453356-19802551	0.0254																								3	0	35.52	1.41338495639277	1.65083645536139	1.86751979318996	1.18148330722263	7.24830614237983	Lennox-Gastaut syndrome;benign paroxysmal torticollis of infancy;developmental and epileptic encephalopathy, 42;episodic ataxia type 2;familial or sporadic hemiplegic migraine;migraine, familial hemiplegic, 1;spinocerebellar ataxia type 6;undetermined early-onset epileptic encephalopathy	AD	Definitive;Moderate;Strong;Supportive	10371528;11342703;11439943;11812585;12162387[PMID];17119788;19486177;19864665;20129625;20156848;20301317[PMID];20301562[PMID];20301674[PMID];20837964;21458376;21703448;22942164;22969264;23203776;23934111;25274239;25613900;25735478;25784583;26739101;26795593;27212419;27250579;27476654;27476654[PMID];28566750;28742085;28927557;29343472;29366381;30600012;31468518;31468518[PMID];33425808;8898206;9302278;9403487	773	HGNC:1388	601011	Developmental and epileptic encephalopathy 42, 617106 (3) AD;Episodic ataxia, type 2, 108500 (3) AD;Migraine, familial hemiplegic, 1, 141500 (3) AD;Migraine, familial hemiplegic, 1, with progressive cerebellar ataxia, 141500 (3) AD;Spinocerebellar ataxia 6, 183086 (3) AD	AD	yes		0	1.0000e+00	1.0000e+00			full=5
19_13335371_13346648_DEL_1	19	13335371	13346648	-11278	CNV062	DEL	NA	full	p13.2	CACNA1A	IER2	YJU2B	1																CALR (morbid/RE=EA_enhancer);DHPS (morbid/RE=EA_enhancer);DNASE2 (morbid/RE=EA_enhancer);GCDH (morbid/RE=EA_enhancer);MAN2B1 (morbid/RE=EA_enhancer);NACC1 (morbid/RE=EA_enhancer);RNASEH2A (morbid/RE=EA_enhancer);TNPO2 (morbid/RE=EA_enhancer);TRMT1 (morbid/RE=EA_enhancer);WDR83OS (morbid/RE=EA_enhancer)							dbVar:nssv17171363;dbVar:nssv17172256;dbVar:nssv18791546;dbVar:nssv18791550	19:13338226-13342694;19:13339494-13341043;19:13340887-13342684;19:13342505-13342694							dbVar:nssv15173860;dbVar:nssv15150638;nssv15150782;dbVar:nssv15173861;dbVar:nssv15132927;dbVar:nssv15140428;dbVar:nssv15134337;dbVar:nssv15147244;dbVar:nssv15132928;dbVar:nssv15121178	19:68030-59110290;19:260913-58956888;19:260913-59097160;19:8941824-13442041;19:9678769-14853426;19:10425935-14159806;19:11338619-45129651;19:12242868-14862610;19:12961410-13401768	0.02;0.02;0.02;0.25;0.22;0.30;0.03;0.43;2.56	Developmental and epileptic encephalopathy 42, 617106 (3) AD;Episodic ataxia, type 2, 108500 (3) AD;Migraine, familial hemiplegic, 1, 141500 (3) AD;Migraine, familial hemiplegic, 1, with progressive cerebellar ataxia, 141500 (3) AD;Spinocerebellar ataxia 6, 183086 (3) AD		dbVar:nssv15138575;dbVar:nssv15121994;dbVar:nssv15136271;dbVar:nssv15141590;dbVar:nssv15774889;dbVar:nssv15142544;dbVar:nssv15133775;dbVar:nssv17957205;dbVar:nssv17970870;nssv17971374;dbVar:nssv15134722;dbVar:nssv15129274;dbVar:nssv15121753;dbVar:nssv15120162;morbid:CACNA1A;dbVar:nssv15119703;nssv15120166;HI3:CACNA1A;dbVar:nssv15120165;dbVar:nssv18791549	19:10430151-13888674;19:11628641-13336101;19:11635979-14265833;19:12204633-13497073;19:12354643-13424014;19:12574344-14726197;19:12691242-14853485;19:12697729-14111313;19:12757435-13617038;19:13085209-13519400;19:13106633-13428155;19:13145481-13394500;19:13315087-13354652;19:13317256-13617293;19:13317257-13335480;19:13317257-13617293;19:13325424-13411363;19:13339494-13373667	0.33;0.04;0.43;0.87;1.05;0.52;0.52;0.80;1.31;2.60;3.51;4.53;28.50;3.76;0.60;3.76;13.12;20.94	34	Ataxia___Neurologic_(child_onset);CACNA1A-related_disorder;Cerebellar_ataxia;Chronic_and_progressive_ataxia;Developmental_and_epileptic_encephalopathy,_42;Developmental_and_epileptic_encephalopathy,_52;Enlarged_cisterna_magna;Episodic_ataxia,_type_2,_and_epilepsy;Episodic_ataxia_type_2;Familial_hemiplegic_migraine;Global_developmental_delay;Inborn_genetic_diseases;Migraine,_familial_hemiplegic,_1;Neurodevelopmental_delay;Non-progressive_congenital_cerebellar_ataxia;Spinocerebellar_ataxia_type_6										IMH	19:1692675-42013683;19:12453356-19802551	0.0254									0.510	0.495	19:13335152-13335327	AluJb												3		35.52	1.41338495639277	1.65083645536139	1.86751979318996	1.18148330722263	7.24830614237983							601011			yes		0	1.0000e+00	1.0000e+00	1.0	1A (cf Gene_count, RE_gene, +0.00);2A (cf P_loss_source, +1.00);3A (1 gene, +0.00);5F (+0.00)	5
19_13335371_13346648_DEL_1	19	13335371	13346648	-11278	CNV062	DEL	NA	split	p13.2	CACNA1A				NM_000068	4	13317255	13617293	11278	781	11	yes	48	intron32-intron39	CDS	104	3'	13335370	13346648								dbVar:nssv17171363;dbVar:nssv17172256;dbVar:nssv18791546;dbVar:nssv18791550	19:13338226-13342694;19:13339494-13341043;19:13340887-13342684;19:13342505-13342694															34	Ataxia___Neurologic_(child_onset);CACNA1A-related_disorder;Cerebellar_ataxia;Chronic_and_progressive_ataxia;Developmental_and_epileptic_encephalopathy,_42;Developmental_and_epileptic_encephalopathy,_52;Enlarged_cisterna_magna;Episodic_ataxia,_type_2,_and_epilepsy;Episodic_ataxia_type_2;Familial_hemiplegic_migraine;Global_developmental_delay;Inborn_genetic_diseases;Migraine,_familial_hemiplegic,_1;Neurodevelopmental_delay;Non-progressive_congenital_cerebellar_ataxia;Spinocerebellar_ataxia_type_6										IMH	19:1692675-42013683;19:12453356-19802551	0.0254																								3	0	35.52	1.41338495639277	1.65083645536139	1.86751979318996	1.18148330722263	7.24830614237983	Lennox-Gastaut syndrome;benign paroxysmal torticollis of infancy;developmental and epileptic encephalopathy, 42;episodic ataxia type 2;familial or sporadic hemiplegic migraine;migraine, familial hemiplegic, 1;spinocerebellar ataxia type 6;undetermined early-onset epileptic encephalopathy	AD	Definitive;Moderate;Strong;Supportive	10371528;11342703;11439943;11812585;12162387[PMID];17119788;19486177;19864665;20129625;20156848;20301317[PMID];20301562[PMID];20301674[PMID];20837964;21458376;21703448;22942164;22969264;23203776;23934111;25274239;25613900;25735478;25784583;26739101;26795593;27212419;27250579;27476654;27476654[PMID];28566750;28742085;28927557;29343472;29366381;30600012;31468518;31468518[PMID];33425808;8898206;9302278;9403487	773	HGNC:1388	601011	Developmental and epileptic encephalopathy 42, 617106 (3) AD;Episodic ataxia, type 2, 108500 (3) AD;Migraine, familial hemiplegic, 1, 141500 (3) AD;Migraine, familial hemiplegic, 1, with progressive cerebellar ataxia, 141500 (3) AD;Spinocerebellar ataxia 6, 183086 (3) AD	AD	yes		0	1.0000e+00	1.0000e+00			full=5
19_13445205_13446729_DEL_1	19	13445205	13446729	-1525	CNV002	DEL	NA	full	p13.2	CACNA1A	IER2	YJU2B	1																							dbVar:nssv18792889	19:13446508-13446665							dbVar:nssv15173860;dbVar:nssv15150638;nssv15150782;dbVar:nssv15173861;dbVar:nssv15140428;dbVar:nssv15134337;dbVar:nssv15147244;dbVar:nssv15132928;dbVar:nssv17172257;dbVar:nssv15120164	19:68030-59110290;19:260913-58956888;19:260913-59097160;19:9678769-14853426;19:10425935-14159806;19:11338619-45129651;19:12242868-14862610;19:13445173-13446743;19:13446725-13482501	0.00;0.00;0.00;0.03;0.04;0.00;0.06;97.07;0.01	Developmental and epileptic encephalopathy 42, 617106 (3) AD;Episodic ataxia, type 2, 108500 (3) AD;Migraine, familial hemiplegic, 1, 141500 (3) AD;Migraine, familial hemiplegic, 1, with progressive cerebellar ataxia, 141500 (3) AD;Spinocerebellar ataxia 6, 183086 (3) AD		dbVar:nssv15138575;dbVar:nssv15136271;dbVar:nssv15141590;dbVar:nssv15142544;dbVar:nssv15133775;dbVar:nssv17957205;dbVar:nssv17970870;nssv17971374;dbVar:nssv15134722;morbid:CACNA1A;HI3:CACNA1A;dbVar:nssv18329634;dbVar:nssv17970758;dbVar:nssv17971298;dbVar:nssv15119701	19:10430151-13888674;19:11635979-14265833;19:12204633-13497073;19:12574344-14726197;19:12691242-14853485;19:12697729-14111313;19:12757435-13617038;19:13085209-13519400;19:13317256-13617293;19:13317257-13617293;19:13427806-13682946;19:13427907-13617038;19:13445173-13446743;19:13446725-13482501	0.04;0.06;0.12;0.07;0.07;0.11;0.18;0.35;0.51;0.51;0.60;0.81;97.07;0.01	4	CACNA1A-related_disorder;Developmental_and_epileptic_encephalopathy,_42;Episodic_ataxia_type_2										IMH	19:1692675-42013683;19:12453356-19802551	0.0254									0.545	0.515														3		35.52	1.41338495639277	1.65083645536139	1.86751979318996	1.18148330722263	7.24830614237983							601011			yes		0	1.0000e+00	1.0000e+00	1.0	1A (cf Gene_count, RE_gene, +0.00);2A (cf P_loss_source, +1.00);3A (1 gene, +0.00);5F (+0.00)	5
19_13445205_13446729_DEL_1	19	13445205	13446729	-1525	CNV002	DEL	NA	split	p13.2	CACNA1A				NM_000068	4	13317255	13617293	1525	207	3	no	48	intron6-exon8	CDS	6	3'	13445204	13446729								dbVar:nssv18792889	19:13446508-13446665															4	CACNA1A-related_disorder;Developmental_and_epileptic_encephalopathy,_42;Episodic_ataxia_type_2										IMH	19:1692675-42013683;19:12453356-19802551	0.0254																								3	0	35.52	1.41338495639277	1.65083645536139	1.86751979318996	1.18148330722263	7.24830614237983	Lennox-Gastaut syndrome;benign paroxysmal torticollis of infancy;developmental and epileptic encephalopathy, 42;episodic ataxia type 2;familial or sporadic hemiplegic migraine;migraine, familial hemiplegic, 1;spinocerebellar ataxia type 6;undetermined early-onset epileptic encephalopathy	AD	Definitive;Moderate;Strong;Supportive	10371528;11342703;11439943;11812585;12162387[PMID];17119788;19486177;19864665;20129625;20156848;20301317[PMID];20301562[PMID];20301674[PMID];20837964;21458376;21703448;22942164;22969264;23203776;23934111;25274239;25613900;25735478;25784583;26739101;26795593;27212419;27250579;27476654;27476654[PMID];28566750;28742085;28927557;29343472;29366381;30600012;31468518;31468518[PMID];33425808;8898206;9302278;9403487	773	HGNC:1388	601011	Developmental and epileptic encephalopathy 42, 617106 (3) AD;Episodic ataxia, type 2, 108500 (3) AD;Migraine, familial hemiplegic, 1, 141500 (3) AD;Migraine, familial hemiplegic, 1, with progressive cerebellar ataxia, 141500 (3) AD;Spinocerebellar ataxia 6, 183086 (3) AD	AD	yes		0	1.0000e+00	1.0000e+00			full=5
19_13445205_13446729_DEL_1	19	13445205	13446729	-1525	CNV136	DEL	NA	full	p13.2	CACNA1A	IER2	YJU2B	1																							dbVar:nssv18792889	19:13446508-13446665							dbVar:nssv15173860;dbVar:nssv15150638;nssv15150782;dbVar:nssv15173861;dbVar:nssv15140428;dbVar:nssv15134337;dbVar:nssv15147244;dbVar:nssv15132928;dbVar:nssv17172257;dbVar:nssv15120164	19:68030-59110290;19:260913-58956888;19:260913-59097160;19:9678769-14853426;19:10425935-14159806;19:11338619-45129651;19:12242868-14862610;19:13445173-13446743;19:13446725-13482501	0.00;0.00;0.00;0.03;0.04;0.00;0.06;97.07;0.01	Developmental and epileptic encephalopathy 42, 617106 (3) AD;Episodic ataxia, type 2, 108500 (3) AD;Migraine, familial hemiplegic, 1, 141500 (3) AD;Migraine, familial hemiplegic, 1, with progressive cerebellar ataxia, 141500 (3) AD;Spinocerebellar ataxia 6, 183086 (3) AD		dbVar:nssv15138575;dbVar:nssv15136271;dbVar:nssv15141590;dbVar:nssv15142544;dbVar:nssv15133775;dbVar:nssv17957205;dbVar:nssv17970870;nssv17971374;dbVar:nssv15134722;morbid:CACNA1A;HI3:CACNA1A;dbVar:nssv18329634;dbVar:nssv17970758;dbVar:nssv17971298;dbVar:nssv15119701	19:10430151-13888674;19:11635979-14265833;19:12204633-13497073;19:12574344-14726197;19:12691242-14853485;19:12697729-14111313;19:12757435-13617038;19:13085209-13519400;19:13317256-13617293;19:13317257-13617293;19:13427806-13682946;19:13427907-13617038;19:13445173-13446743;19:13446725-13482501	0.04;0.06;0.12;0.07;0.07;0.11;0.18;0.35;0.51;0.51;0.60;0.81;97.07;0.01	4	CACNA1A-related_disorder;Developmental_and_epileptic_encephalopathy,_42;Episodic_ataxia_type_2										IMH	19:1692675-42013683;19:12453356-19802551	0.0254									0.545	0.515														3		35.52	1.41338495639277	1.65083645536139	1.86751979318996	1.18148330722263	7.24830614237983							601011			yes		0	1.0000e+00	1.0000e+00	1.0	1A (cf Gene_count, RE_gene, +0.00);2A (cf P_loss_source, +1.00);3A (1 gene, +0.00);5F (+0.00)	5
19_13445205_13446729_DEL_1	19	13445205	13446729	-1525	CNV136	DEL	NA	split	p13.2	CACNA1A				NM_000068	4	13317255	13617293	1525	207	3	no	48	intron6-exon8	CDS	6	3'	13445204	13446729								dbVar:nssv18792889	19:13446508-13446665															4	CACNA1A-related_disorder;Developmental_and_epileptic_encephalopathy,_42;Episodic_ataxia_type_2										IMH	19:1692675-42013683;19:12453356-19802551	0.0254																								3	0	35.52	1.41338495639277	1.65083645536139	1.86751979318996	1.18148330722263	7.24830614237983	Lennox-Gastaut syndrome;benign paroxysmal torticollis of infancy;developmental and epileptic encephalopathy, 42;episodic ataxia type 2;familial or sporadic hemiplegic migraine;migraine, familial hemiplegic, 1;spinocerebellar ataxia type 6;undetermined early-onset epileptic encephalopathy	AD	Definitive;Moderate;Strong;Supportive	10371528;11342703;11439943;11812585;12162387[PMID];17119788;19486177;19864665;20129625;20156848;20301317[PMID];20301562[PMID];20301674[PMID];20837964;21458376;21703448;22942164;22969264;23203776;23934111;25274239;25613900;25735478;25784583;26739101;26795593;27212419;27250579;27476654;27476654[PMID];28566750;28742085;28927557;29343472;29366381;30600012;31468518;31468518[PMID];33425808;8898206;9302278;9403487	773	HGNC:1388	601011	Developmental and epileptic encephalopathy 42, 617106 (3) AD;Episodic ataxia, type 2, 108500 (3) AD;Migraine, familial hemiplegic, 1, 141500 (3) AD;Migraine, familial hemiplegic, 1, with progressive cerebellar ataxia, 141500 (3) AD;Spinocerebellar ataxia 6, 183086 (3) AD	AD	yes		0	1.0000e+00	1.0000e+00			full=5
19_13470613_13476283_DEL_1	19	13470613	13476283	-5671	CNV036	DEL	NA	full	p13.2	CACNA1A	IER2	YJU2B	1																							dbVar:nssv15770124	19:13474954-13476239							dbVar:nssv15173860;dbVar:nssv15150638;nssv15150782;dbVar:nssv15173861;dbVar:nssv15140428;dbVar:nssv15134337;dbVar:nssv15147244;dbVar:nssv15132928;dbVar:nssv15120164	19:68030-59110290;19:260913-58956888;19:260913-59097160;19:9678769-14853426;19:10425935-14159806;19:11338619-45129651;19:12242868-14862610;19:13446725-13482501	0.01;0.01;0.01;0.11;0.15;0.02;0.22;15.85	Developmental and epileptic encephalopathy 42, 617106 (3) AD;Episodic ataxia, type 2, 108500 (3) AD;Migraine, familial hemiplegic, 1, 141500 (3) AD;Migraine, familial hemiplegic, 1, with progressive cerebellar ataxia, 141500 (3) AD;Spinocerebellar ataxia 6, 183086 (3) AD		dbVar:nssv15138575;dbVar:nssv15136271;dbVar:nssv15141590;dbVar:nssv15142544;dbVar:nssv15133775;dbVar:nssv17957205;dbVar:nssv17970870;nssv17971374;dbVar:nssv15134722;morbid:CACNA1A;HI3:CACNA1A;dbVar:nssv18329634;dbVar:nssv17970758;dbVar:nssv15119701;dbVar:nssv15143945;dbVar:nssv15120163;dbVar:nssv18791547	19:10430151-13888674;19:11635979-14265833;19:12204633-13497073;19:12574344-14726197;19:12691242-14853485;19:12697729-14111313;19:12757435-13617038;19:13085209-13519400;19:13317256-13617293;19:13317257-13617293;19:13427806-13682946;19:13427907-13617038;19:13446725-13482501;19:13470401-13470633;19:13470615-13616745;19:13476112-13476303	0.16;0.22;0.44;0.26;0.26;0.40;0.66;1.31;1.89;1.89;2.22;3.00;15.85;9.01;3.88;89.58	2	Developmental_and_epileptic_encephalopathy,_42;Episodic_ataxia_type_2;Familial_hemiplegic_migraine;Migraine,_familial_hemiplegic,_1										IMH	19:1692675-42013683;19:12453356-19802551	0.0254									0.540	0.525														3		35.52	1.41338495639277	1.65083645536139	1.86751979318996	1.18148330722263	7.24830614237983							601011			yes		0	1.0000e+00	1.0000e+00	1.0	1A (cf Gene_count, RE_gene, +0.00);2A (cf P_loss_source, +1.00);3A (1 gene, +0.00);5F (+0.00)	5
19_13470613_13476283_DEL_1	19	13470613	13476283	-5671	CNV036	DEL	NA	split	p13.2	CACNA1A				NM_000068	4	13317255	13617293	5671	154	2	yes	48	intron4-exon6	CDS	0	3'	13470612	13476283								dbVar:nssv15770124	19:13474954-13476239															2	Developmental_and_epileptic_encephalopathy,_42;Episodic_ataxia_type_2;Familial_hemiplegic_migraine;Migraine,_familial_hemiplegic,_1										IMH	19:1692675-42013683;19:12453356-19802551	0.0254																								3	0	35.52	1.41338495639277	1.65083645536139	1.86751979318996	1.18148330722263	7.24830614237983	Lennox-Gastaut syndrome;benign paroxysmal torticollis of infancy;developmental and epileptic encephalopathy, 42;episodic ataxia type 2;familial or sporadic hemiplegic migraine;migraine, familial hemiplegic, 1;spinocerebellar ataxia type 6;undetermined early-onset epileptic encephalopathy	AD	Definitive;Moderate;Strong;Supportive	10371528;11342703;11439943;11812585;12162387[PMID];17119788;19486177;19864665;20129625;20156848;20301317[PMID];20301562[PMID];20301674[PMID];20837964;21458376;21703448;22942164;22969264;23203776;23934111;25274239;25613900;25735478;25784583;26739101;26795593;27212419;27250579;27476654;27476654[PMID];28566750;28742085;28927557;29343472;29366381;30600012;31468518;31468518[PMID];33425808;8898206;9302278;9403487	773	HGNC:1388	601011	Developmental and epileptic encephalopathy 42, 617106 (3) AD;Episodic ataxia, type 2, 108500 (3) AD;Migraine, familial hemiplegic, 1, 141500 (3) AD;Migraine, familial hemiplegic, 1, with progressive cerebellar ataxia, 141500 (3) AD;Spinocerebellar ataxia 6, 183086 (3) AD	AD	yes		0	1.0000e+00	1.0000e+00			full=5
19_13470613_13476283_DEL_1	19	13470613	13476283	-5671	CNV137	DEL	NA	full	p13.2	CACNA1A	IER2	YJU2B	1																							dbVar:nssv15770124	19:13474954-13476239							dbVar:nssv15173860;dbVar:nssv15150638;nssv15150782;dbVar:nssv15173861;dbVar:nssv15140428;dbVar:nssv15134337;dbVar:nssv15147244;dbVar:nssv15132928;dbVar:nssv15120164	19:68030-59110290;19:260913-58956888;19:260913-59097160;19:9678769-14853426;19:10425935-14159806;19:11338619-45129651;19:12242868-14862610;19:13446725-13482501	0.01;0.01;0.01;0.11;0.15;0.02;0.22;15.85	Developmental and epileptic encephalopathy 42, 617106 (3) AD;Episodic ataxia, type 2, 108500 (3) AD;Migraine, familial hemiplegic, 1, 141500 (3) AD;Migraine, familial hemiplegic, 1, with progressive cerebellar ataxia, 141500 (3) AD;Spinocerebellar ataxia 6, 183086 (3) AD		dbVar:nssv15138575;dbVar:nssv15136271;dbVar:nssv15141590;dbVar:nssv15142544;dbVar:nssv15133775;dbVar:nssv17957205;dbVar:nssv17970870;nssv17971374;dbVar:nssv15134722;morbid:CACNA1A;HI3:CACNA1A;dbVar:nssv18329634;dbVar:nssv17970758;dbVar:nssv15119701;dbVar:nssv15143945;dbVar:nssv15120163;dbVar:nssv18791547	19:10430151-13888674;19:11635979-14265833;19:12204633-13497073;19:12574344-14726197;19:12691242-14853485;19:12697729-14111313;19:12757435-13617038;19:13085209-13519400;19:13317256-13617293;19:13317257-13617293;19:13427806-13682946;19:13427907-13617038;19:13446725-13482501;19:13470401-13470633;19:13470615-13616745;19:13476112-13476303	0.16;0.22;0.44;0.26;0.26;0.40;0.66;1.31;1.89;1.89;2.22;3.00;15.85;9.01;3.88;89.58	2	Developmental_and_epileptic_encephalopathy,_42;Episodic_ataxia_type_2;Familial_hemiplegic_migraine;Migraine,_familial_hemiplegic,_1										IMH	19:1692675-42013683;19:12453356-19802551	0.0254									0.540	0.525														3		35.52	1.41338495639277	1.65083645536139	1.86751979318996	1.18148330722263	7.24830614237983							601011			yes		0	1.0000e+00	1.0000e+00	1.0	1A (cf Gene_count, RE_gene, +0.00);2A (cf P_loss_source, +1.00);3A (1 gene, +0.00);5F (+0.00)	5
19_13470613_13476283_DEL_1	19	13470613	13476283	-5671	CNV137	DEL	NA	split	p13.2	CACNA1A				NM_000068	4	13317255	13617293	5671	154	2	yes	48	intron4-exon6	CDS	0	3'	13470612	13476283								dbVar:nssv15770124	19:13474954-13476239															2	Developmental_and_epileptic_encephalopathy,_42;Episodic_ataxia_type_2;Familial_hemiplegic_migraine;Migraine,_familial_hemiplegic,_1										IMH	19:1692675-42013683;19:12453356-19802551	0.0254																								3	0	35.52	1.41338495639277	1.65083645536139	1.86751979318996	1.18148330722263	7.24830614237983	Lennox-Gastaut syndrome;benign paroxysmal torticollis of infancy;developmental and epileptic encephalopathy, 42;episodic ataxia type 2;familial or sporadic hemiplegic migraine;migraine, familial hemiplegic, 1;spinocerebellar ataxia type 6;undetermined early-onset epileptic encephalopathy	AD	Definitive;Moderate;Strong;Supportive	10371528;11342703;11439943;11812585;12162387[PMID];17119788;19486177;19864665;20129625;20156848;20301317[PMID];20301562[PMID];20301674[PMID];20837964;21458376;21703448;22942164;22969264;23203776;23934111;25274239;25613900;25735478;25784583;26739101;26795593;27212419;27250579;27476654;27476654[PMID];28566750;28742085;28927557;29343472;29366381;30600012;31468518;31468518[PMID];33425808;8898206;9302278;9403487	773	HGNC:1388	601011	Developmental and epileptic encephalopathy 42, 617106 (3) AD;Episodic ataxia, type 2, 108500 (3) AD;Migraine, familial hemiplegic, 1, 141500 (3) AD;Migraine, familial hemiplegic, 1, with progressive cerebellar ataxia, 141500 (3) AD;Spinocerebellar ataxia 6, 183086 (3) AD	AD	yes		0	1.0000e+00	1.0000e+00			full=5
2_152466318_152582063_DEL_1	2	152466318	152582063	-115746	CNV042	DEL	NA	full	q23.3	NEB	RIF1	ARL5A	1																							dbVar:nssv15146070;nssv17517525;dbVar:nssv15770474;dbVar:nssv15770477;dbVar:nssv15771004;dbVar:nssv16207679;dbVar:nssv16212955;dbVar:nssv16213481;dbVar:nssv17172522;dbVar:nssv17970932;dbVar:nssv17973503;dbVar:nssv17973504;dbVar:nssv18326538;dbVar:nssv18791847;dbVar:nssv18791851;dbVar:nssv18791855;dbVar:nssv18791868;dbVar:nssv18791869	2:152470771-152554182;2:152470781-152554172;2:152475956-152476286;2:152482029-152566297;2:152482029-152567072;2:152499079-152500653;2:152501091-152506689;2:152502271-152504771;2:152502273-152504773;2:152502625-152502768;2:152502635-152502758;2:152502645-152502748;2:152506681-152507409;2:152506681-152510623;2:152524299-152525665;2:152541945-152544191;2:152541946-152544191	Nemaline_myopathy_2		CLN:2163339;CLN:3002141;dbVar:nssv18786224	2:152566186-152566298;2:152567020-152567019;2:152567020-152567123			dbVar:nssv17976961;dbVar:nssv15161685;nssv15161863;dbVar:nssv15174359;dbVar:nssv15174602;dbVar:nssv16867392;dbVar:nssv17957151;dbVar:nssv15148047;dbVar:nssv15148215;dbVar:nssv15162217	2:2-243199373;2:12772-242783384;2:14239-243048760;2:15673-243101834;2:136473384-152727396;2:142409402-152680804;2:144657718-159178136;2:147081760-157075637;2:152409979-179325736	0.05;0.05;0.05;0.05;0.71;1.13;0.80;1.16;0.43	Arthrogryposis multiplex congenita 6, 619334 (3) AR;Nemaline myopathy 2, AR, 256030 (3) AR		dbVar:nssv15124851;dbVar:nssv17969766;dbVar:nssv16207836;dbVar:nssv15146585;dbVar:nssv15146586;dbVar:nssv15146502;dbVar:nssv15152710;dbVar:nssv17969781;morbid:NEB;dbVar:nssv16212735;dbVar:nssv15127276;dbVar:nssv15773246;dbVar:nssv18326541;dbVar:nssv18791852;dbVar:nssv18791849;dbVar:nssv18791854	2:50886433-243102476;2:143258713-152867819;2:147173793-158346266;2:148009517-158712890;2:148347893-154353187;2:149674856-164061133;2:150134078-154848282;2:150606202-153038451;2:152341853-152590990;2:152342265-152814130;2:152429770-159391791;2:152434812-152466339;2:152465192-152566169;2:152466304-152563531;2:152466304-152955525;2:152579877-152589670	0.06;1.20;1.04;1.08;1.93;0.80;2.46;4.76;46.46;24.53;1.66;0.07;98.88;99.99;23.66;22.33	347	Arthrogryposis_multiplex_congenita_6;Inborn_genetic_diseases;NEB-related_disorder;Nemaline_myopathy;Nemaline_myopathy_2				dbVar	chr2:152427990-154686227	0.01				IMH	2:26280501-162970618;2:122235798-235423496;2:137647844-222431685;2:143803782-206683541	0.1694							chr2:152476285-152476891 dbVar;chr2:152502271-152504771 dbVar;chr2:152573455-152573902 dbVar;chr2:152427990-154686227 dbVar;chr2:152481668-152496866 dbVar;chr2:152511636-152512693 dbVar;chr2:152575496-152575626 dbVar	chr2:152427990-154686227 dbVar;chr2:152481668-152496866 dbVar;chr2:152511636-152512693 dbVar;chr2:152575496-152575626 dbVar;chr2:152476285-152476891 dbVar;chr2:152502271-152504771 dbVar;chr2:152573455-152573902 dbVar	0.465	0.370																6.11				-1.44791796862193	-3.73912225944834							161650			yes		2	4.5589e-41	4.0810e-17	1.0	1A (cf Gene_count, RE_gene, +0.00);2A (cf P_loss_source, +1.00);3A (1 gene, +0.00);5F (+0.00)	5
2_152466318_152582063_DEL_1	2	152466318	152582063	-115746	CNV042	DEL	NA	split	q23.3	NEB				NM_001164507	2	152341852	152590990	115746	12025	47	yes	182	exon6-intron81	CDS	5	5'	152466317	152582063								dbVar:nssv15146070;nssv17517525;dbVar:nssv15770474;dbVar:nssv15770477;dbVar:nssv15771004;dbVar:nssv16207679;dbVar:nssv16212955;dbVar:nssv16213481;dbVar:nssv17172522;dbVar:nssv17970932;dbVar:nssv17973503;dbVar:nssv17973504;dbVar:nssv18326538;dbVar:nssv18791847;dbVar:nssv18791851;dbVar:nssv18791855;dbVar:nssv18791868;dbVar:nssv18791869	2:152470771-152554182;2:152470781-152554172;2:152475956-152476286;2:152482029-152566297;2:152482029-152567072;2:152499079-152500653;2:152501091-152506689;2:152502271-152504771;2:152502273-152504773;2:152502625-152502768;2:152502635-152502758;2:152502645-152502748;2:152506681-152507409;2:152506681-152510623;2:152524299-152525665;2:152541945-152544191;2:152541946-152544191	Nemaline_myopathy_2		CLN:2163339;CLN:3002141;dbVar:nssv18786224	2:152566186-152566298;2:152567020-152567019;2:152567020-152567123											347	Arthrogryposis_multiplex_congenita_6;Inborn_genetic_diseases;NEB-related_disorder;Nemaline_myopathy;Nemaline_myopathy_2				dbVar	chr2:152427990-154686227	0.01				IMH	2:26280501-162970618;2:122235798-235423496;2:137647844-222431685;2:143803782-206683541	0.1694																										6.11				-1.44791796862193	-3.73912225944834	childhood-onset nemaline myopathy;intermediate nemaline myopathy;lethal multiple pterygium syndrome;nemaline myopathy 2;severe congenital nemaline myopathy;typical nemaline myopathy	AD;AR	Definitive;Limited;Strong;Supportive	12207937;16917880;25205138;25712079;28336317[PMID];NULL	4703	HGNC:7720	161650	Arthrogryposis multiplex congenita 6, 619334 (3) AR;Nemaline myopathy 2, AR, 256030 (3) AR	AR	yes		2	4.5589e-41	4.0810e-17			full=5
2_152466318_152582063_DEL_1	2	152466318	152582063	-115746	CNV143	DEL	NA	full	q23.3	NEB	RIF1	ARL5A	1																							dbVar:nssv15146070;nssv17517525;dbVar:nssv15770474;dbVar:nssv15770477;dbVar:nssv15771004;dbVar:nssv16207679;dbVar:nssv16212955;dbVar:nssv16213481;dbVar:nssv17172522;dbVar:nssv17970932;dbVar:nssv17973503;dbVar:nssv17973504;dbVar:nssv18326538;dbVar:nssv18791847;dbVar:nssv18791851;dbVar:nssv18791855;dbVar:nssv18791868;dbVar:nssv18791869	2:152470771-152554182;2:152470781-152554172;2:152475956-152476286;2:152482029-152566297;2:152482029-152567072;2:152499079-152500653;2:152501091-152506689;2:152502271-152504771;2:152502273-152504773;2:152502625-152502768;2:152502635-152502758;2:152502645-152502748;2:152506681-152507409;2:152506681-152510623;2:152524299-152525665;2:152541945-152544191;2:152541946-152544191	Nemaline_myopathy_2		CLN:2163339;CLN:3002141;dbVar:nssv18786224	2:152566186-152566298;2:152567020-152567019;2:152567020-152567123			dbVar:nssv17976961;dbVar:nssv15161685;nssv15161863;dbVar:nssv15174359;dbVar:nssv15174602;dbVar:nssv16867392;dbVar:nssv17957151;dbVar:nssv15148047;dbVar:nssv15148215;dbVar:nssv15162217	2:2-243199373;2:12772-242783384;2:14239-243048760;2:15673-243101834;2:136473384-152727396;2:142409402-152680804;2:144657718-159178136;2:147081760-157075637;2:152409979-179325736	0.05;0.05;0.05;0.05;0.71;1.13;0.80;1.16;0.43	Arthrogryposis multiplex congenita 6, 619334 (3) AR;Nemaline myopathy 2, AR, 256030 (3) AR		dbVar:nssv15124851;dbVar:nssv17969766;dbVar:nssv16207836;dbVar:nssv15146585;dbVar:nssv15146586;dbVar:nssv15146502;dbVar:nssv15152710;dbVar:nssv17969781;morbid:NEB;dbVar:nssv16212735;dbVar:nssv15127276;dbVar:nssv15773246;dbVar:nssv18326541;dbVar:nssv18791852;dbVar:nssv18791849;dbVar:nssv18791854	2:50886433-243102476;2:143258713-152867819;2:147173793-158346266;2:148009517-158712890;2:148347893-154353187;2:149674856-164061133;2:150134078-154848282;2:150606202-153038451;2:152341853-152590990;2:152342265-152814130;2:152429770-159391791;2:152434812-152466339;2:152465192-152566169;2:152466304-152563531;2:152466304-152955525;2:152579877-152589670	0.06;1.20;1.04;1.08;1.93;0.80;2.46;4.76;46.46;24.53;1.66;0.07;98.88;99.99;23.66;22.33	347	Arthrogryposis_multiplex_congenita_6;Inborn_genetic_diseases;NEB-related_disorder;Nemaline_myopathy;Nemaline_myopathy_2				dbVar	chr2:152427990-154686227	0.01				IMH	2:26280501-162970618;2:122235798-235423496;2:137647844-222431685;2:143803782-206683541	0.1694							chr2:152476285-152476891 dbVar;chr2:152502271-152504771 dbVar;chr2:152573455-152573902 dbVar;chr2:152427990-154686227 dbVar;chr2:152481668-152496866 dbVar;chr2:152511636-152512693 dbVar;chr2:152575496-152575626 dbVar	chr2:152427990-154686227 dbVar;chr2:152481668-152496866 dbVar;chr2:152511636-152512693 dbVar;chr2:152575496-152575626 dbVar;chr2:152476285-152476891 dbVar;chr2:152502271-152504771 dbVar;chr2:152573455-152573902 dbVar	0.465	0.370																6.11				-1.44791796862193	-3.73912225944834							161650			yes		2	4.5589e-41	4.0810e-17	1.0	1A (cf Gene_count, RE_gene, +0.00);2A (cf P_loss_source, +1.00);3A (1 gene, +0.00);5F (+0.00)	5
2_152466318_152582063_DEL_1	2	152466318	152582063	-115746	CNV143	DEL	NA	split	q23.3	NEB				NM_001164507	2	152341852	152590990	115746	12025	47	yes	182	exon6-intron81	CDS	5	5'	152466317	152582063								dbVar:nssv15146070;nssv17517525;dbVar:nssv15770474;dbVar:nssv15770477;dbVar:nssv15771004;dbVar:nssv16207679;dbVar:nssv16212955;dbVar:nssv16213481;dbVar:nssv17172522;dbVar:nssv17970932;dbVar:nssv17973503;dbVar:nssv17973504;dbVar:nssv18326538;dbVar:nssv18791847;dbVar:nssv18791851;dbVar:nssv18791855;dbVar:nssv18791868;dbVar:nssv18791869	2:152470771-152554182;2:152470781-152554172;2:152475956-152476286;2:152482029-152566297;2:152482029-152567072;2:152499079-152500653;2:152501091-152506689;2:152502271-152504771;2:152502273-152504773;2:152502625-152502768;2:152502635-152502758;2:152502645-152502748;2:152506681-152507409;2:152506681-152510623;2:152524299-152525665;2:152541945-152544191;2:152541946-152544191	Nemaline_myopathy_2		CLN:2163339;CLN:3002141;dbVar:nssv18786224	2:152566186-152566298;2:152567020-152567019;2:152567020-152567123											347	Arthrogryposis_multiplex_congenita_6;Inborn_genetic_diseases;NEB-related_disorder;Nemaline_myopathy;Nemaline_myopathy_2				dbVar	chr2:152427990-154686227	0.01				IMH	2:26280501-162970618;2:122235798-235423496;2:137647844-222431685;2:143803782-206683541	0.1694																										6.11				-1.44791796862193	-3.73912225944834	childhood-onset nemaline myopathy;intermediate nemaline myopathy;lethal multiple pterygium syndrome;nemaline myopathy 2;severe congenital nemaline myopathy;typical nemaline myopathy	AD;AR	Definitive;Limited;Strong;Supportive	12207937;16917880;25205138;25712079;28336317[PMID];NULL	4703	HGNC:7720	161650	Arthrogryposis multiplex congenita 6, 619334 (3) AR;Nemaline myopathy 2, AR, 256030 (3) AR	AR	yes		2	4.5589e-41	4.0810e-17			full=5
22_20030877_20050965_DEL_1	22	20030877	20050965	-20089	CNV016	DEL	NA	full	q11.21	TANGO2	MIR185	DGCR8	1																CDC45 (morbid/RE=EA_enhancer);GP1BB (morbid/RE=EA_enhancer);TBX1 (morbid/RE=EA_enhancer)					Recurrent_metabolic_encephalomyopathic_crises-rhabdomyolysis-cardiac_arrhythmia-intellectual_disability_syndrome|Intellectual_disability|Acute_rhabdomyolysis|Episodic_flaccid_weakness|Seizure|Cardiac_arrhythmia	HP:0000730;HP:0001249;HP:0001250;HP:0001267;HP:0001275;HP:0001286;HP:0001303;HP:0001656;HP:0001661;HP:0001665;HP:0001666;HP:0001687;HP:0001721;HP:0002122;HP:0002125;HP:0002182;HP:0002192;HP:0002279;HP:0002306;HP:0002316;HP:0002348;HP:0002382;HP:0002386;HP:0002391;HP:0002402;HP:0002417;HP:0002430;HP:0002431;HP:0002432;HP:0002434;HP:0002437;HP:0002458;HP:0002466;HP:0002479;HP:0002482;HP:0002499;HP:0002543;HP:0002794;HP:0003752;HP:0003767;HP:0004351;HP:0005158;HP:0006833;HP:0006997;HP:0007154;HP:0007176;HP:0007180;HP:0008942;HP:0010520;HP:0011675	CLN:226591;dbVar:nssv16216543;dbVar:nssv17171772;dbVar:nssv18790095;dbVar:nssv8639589;nssv15122532	22:20030879-20049206;22:20036383-20045782;22:20036384-20045781;22:20036385-20045784;22:20039969-20043556					22q11.2 recurrent (DGS/VCFS) region (proximal, A-B) (includes TBX1);22q11.2 recurrent (DGS/VCFS) region (proximal, A-D) (includes TBX1)		dbVar:nssv15161990;dbVar:nssv15139753;dbVar:nssv15150031;dbVar:nssv15150491;dbVar:nssv15146973;dbVar:nssv15137211;dbVar:nssv15161991;dbVar:nssv15161992;dbVar:nssv15164031;dbVar:nssv16254742;dbVar:nssv16297047;dbVar:nssv15141953;dbVar:nssv15156366;nssv15772157;dbVar:nssv17976875;dbVar:nssv16207463;dbVar:nssv16296938;dbVar:nssv16207464;dbVar:nssv15774756;dbVar:nssv15149512;nssv15150794;dbVar:nssv15139758;dbVar:nssv15755803;dbVar:nssv15774287;dbVar:nssv15605979;dbVar:nssv15139756;dbVar:nssv15605980;dbVar:nssv15132295;dbVar:nssv15133039;dbVar:nssv15133301;dbVar:nssv15132518;dbVar:nssv15134365;dbVar:nssv15146613;dbVar:nssv15147269;dbVar:nssv15605803;dbVar:nssv15605804;dbVar:nssv16736606;dbVar:nssv15128891;dbVar:nssv15126571;dbVar:nssv15128500;dbVar:nssv16254735;dbVar:nssv15140068;dbVar:nssv15137505;dbVar:nssv15128758;dbVar:nssv15152138;dbVar:nssv15154014;dbVar:nssv15755815;dbVar:nssv15755817;dbVar:nssv16255668;dbVar:nssv18329661;dbVar:nssv18330205;dbVar:nssv15156359;dbVar:nssv15142823;dbVar:nssv15140066;dbVar:nssv15133432;dbVar:nssv15605805;dbVar:nssv15605808;dbVar:nssv15605806;dbVar:nssv15132858;dbVar:nssv15133520;dbVar:nssv15132127;dbVar:nssv15133128;dbVar:nssv15136566;dbVar:nssv15133389;dbVar:nssv15140044;dbVar:nssv15133925;dbVar:nssv15138146;dbVar:nssv15133393;nssv15139545;dbVar:nssv15135020;dbVar:nssv15132566;dbVar:nssv15164039;dbVar:nssv15132423;dbVar:nssv15132330;dbVar:nssv15126758;dbVar:nssv15127771;dbVar:nssv15126436;dbVar:nssv17649918;dbVar:nssv15162011;dbVar:nssv15125959;dbVar:nssv17955842;dbVar:nssv15139556;dbVar:nssv15122631;dbVar:nssv15123767;dbVar:nssv15162014;dbVar:nssv15143627;dbVar:nssv16865904;dbVar:nssv15123759;dbVar:nssv17650003;dbVar:nssv15755805;dbVar:nssv15132167;dbVar:nssv15133526;dbVar:nssv15162019;dbVar:nssv15145463;dbVar:nssv15145234;dbVar:nssv16207634;dbVar:nssv15605810;dbVar:nssv15605809;dbVar:nssv18842027;dbVar:nssv18842024;nssv18842046;dbVar:nssv18326316;dbVar:nssv15139749;dbVar:nssv15140369;dbVar:nssv15133118;dbVar:nssv15136643;dbVar:nssv15136015;dbVar:nssv15133139;dbVar:nssv16736612;dbVar:nssv15131931;nssv15133075;dbVar:nssv15131925;dbVar:nssv15134715;dbVar:nssv15133442;dbVar:nssv15605811;dbVar:nssv15134239;dbVar:nssv15133527;dbVar:nssv15132426;dbVar:nssv16736616;TS3:ISCA-37433;TS3:ISCA-37446;dbVar:nssv15605876;dbVar:nssv15605828;dbVar:nssv15156361;dbVar:nssv15153271;dbVar:nssv17976874;dbVar:nssv15137439;dbVar:nssv15139887;dbVar:nssv15137698;dbVar:nssv18830992;dbVar:nssv15153269;dbVar:nssv15138869;dbVar:nssv15139242;dbVar:nssv18329574;dbVar:nssv18329591;dbVar:nssv17976884;dbVar:nssv15134211;dbVar:nssv15132553;dbVar:nssv15133921;dbVar:nssv15132642;nssv15139997;dbVar:nssv15132247;nssv15139527;dbVar:nssv15131997;nssv15139348;dbVar:nssv15137835;dbVar:nssv15132026;nssv15139977;dbVar:nssv15127741;dbVar:nssv15605831;dbVar:nssv18830785;dbVar:nssv15755816;dbVar:nssv15134353;dbVar:nssv15133528;dbVar:nssv15154013;dbVar:nssv16207465;dbVar:nssv18830899;dbVar:nssv16254573;dbVar:nssv16255670;dbVar:nssv15133914;dbVar:nssv15132168;dbVar:nssv15145464;dbVar:nssv15755306	22:16054668-51243435;22:16054692-27296513;22:16054692-51220902;22:16054692-51237463;22:16054692-51237518;22:16087695-20311784;22:16114245-20737903;22:16114245-51195728;22:16114245-51211392;22:16197006-51224252;22:16800001-21500000;22:16888900-20311858;22:16888900-20312661;22:16888900-21915509;22:16888900-22290476;22:16888900-26483608;22:16888900-27657507;22:16888900-51197838;22:16888901-51197838;22:17012936-21431054;22:17041670-20247250;22:17055734-20312661;22:17072087-20130474;22:17264512-23238029;22:17289828-20311922;22:17397499-20311763;22:17397499-20659606;22:17397499-20708934;22:17397499-21505417;22:17397499-24754904;22:17397499-51178264;22:17397634-51178213;22:18609713-21408430;22:18611224-21408430;22:18628020-20311763;22:18628133-21712996;22:18628133-21900562;22:18628133-51244566;22:18628148-21722313;22:18637140-20289862;22:18640730-21465659;22:18641480-21917191;22:18644791-21465659;22:18645354-21465659;22:18648856-21461017;22:18648856-21927646;22:18648867-21465659;22:18648868-20311858;22:18648868-21798907;22:18649190-20311858;22:18650665-21440455;22:18650665-21440514;22:18650676-21455556;22:18650746-21460220;22:18650804-21386010;22:18650804-21460220;22:18651615-21440455;22:18652638-21914178;22:18660554-21455556;22:18661700-21505445;22:18661700-22905025;22:18661725-20311763;22:18661725-21025713;22:18661725-21440514;22:18661725-21461752;22:18661725-21505417;22:18661725-21661435;22:18661725-32217179;22:18675474-21465050;22:18704555-21411284;22:18706002-21440514;22:18713492-20412989;22:18713492-21712996;22:18713492-21917191;22:18841375-21465101;22:18844633-21463730;22:18848021-21468378;22:18873002-21469900;22:18874966-21028946;22:18877788-20306993;22:18877788-21462353;22:18878410-21467387;22:18886916-20278471;22:18886916-21461017;22:18886916-23421058;22:18889978-21463189;22:18890265-21464056;22:18890272-21505417;22:18890272-21561514;22:18891399-21463730;22:18891967-20311852;22:18891967-21631412;22:18892576-20306993;22:18892576-20308800;22:18892576-21460220;22:18893839-20508931;22:18893839-21416074;22:18893889-21414817;22:18894340-21032422;22:18894340-21440455;22:18894821-21440515;22:18894821-21505445;22:18894836-20311784;22:18894836-21461752;22:18894836-21464119;22:18894836-21505417;22:18894836-21561514;22:18894836-21809009;22:18896973-21440514;22:18900756-21075586;22:18908833-21358123;22:18909039-21440514;22:18909039-21798755;22:18909045-21464119;22:18912232-20287208;22:18912232-21465672;22:18912515-21431174;22:18912515-21922035;22:18916828-21050078;22:18916828-21465659;22:18916828-21804886;22:18916829-20312661;22:18916829-21465659;22:18916829-21465662;22:18916843-20311810;22:18916843-20311858;22:18916843-20312661;22:18916843-21465659;22:18916844-21798907;22:18916844-21804563;22:18917048-21465659;22:18919943-20311763;22:18919943-20659606;22:18919943-20708934;22:18919943-21440514;22:18919943-21505417;22:18919943-21561514;22:18919943-21801604;22:18919943-21809009;22:18919988-21561468;22:18923899-21431174;22:18936190-21464809;22:18937381-21459713;22:18938162-21455556;22:18950767-21455556;22:18970561-21465662;22:18970562-21040836;22:18973253-21435405;22:19024657-21465662;22:19035090-22672555;22:19058830-21561514;22:19168759-20942862;22:19346606-21864619;22:19819478-21464764	0.06;0.18;0.06;0.06;0.06;0.48;0.43;0.06;0.06;0.06;0.43;0.59;0.59;0.40;0.37;0.21;0.19;0.06;0.06;0.45;0.63;0.62;0.66;0.34;0.66;0.69;0.62;0.61;0.49;0.27;0.06;0.06;0.72;0.72;1.19;0.65;0.61;0.06;0.65;1.22;0.71;0.61;0.71;0.71;0.71;0.61;0.71;1.21;0.64;1.21;0.72;0.72;0.72;0.72;0.73;0.72;0.72;0.62;0.72;0.71;0.47;1.22;0.85;0.72;0.72;0.71;0.67;0.15;0.72;0.74;0.73;1.18;0.67;0.63;0.77;0.77;0.77;0.77;0.93;1.41;0.78;0.78;1.44;0.78;0.44;0.78;0.78;0.77;0.75;0.78;1.41;0.73;1.42;1.42;0.78;1.24;0.80;0.80;0.94;0.79;0.79;0.77;1.42;0.78;0.78;0.77;0.75;0.69;0.79;0.92;0.82;0.79;0.70;0.79;1.46;0.79;0.80;0.67;0.94;0.79;0.70;1.44;0.79;0.79;1.44;1.44;1.44;0.79;0.70;0.70;0.79;1.44;1.15;1.12;0.80;0.78;0.76;0.70;0.70;0.76;0.80;0.79;0.80;0.80;0.80;0.81;0.97;0.82;0.82;0.55;0.80;1.13;0.80;1.22	22q11.2 recurrent (DGS/VCFS) region (proximal, A-B) (includes TBX1);22q11.2 recurrent (DGS/VCFS) region (proximal, A-D) (includes TBX1);Metabolic encephalomyopathic crises, recurrent, with rhabdomyolysis, cardiac arrhythmias, and neurodegeneration, 616878 (3) AR		dbVar:nssv16208592;dbVar:nssv16208593;dbVar:nssv15132388;dbVar:nssv15132068;dbVar:nssv15133055;dbVar:nssv18787557;nssv18791888;dbVar:nssv16207650;dbVar:nssv15153272;dbVar:nssv15135754;dbVar:nssv15133431;nssv15139986;dbVar:nssv15125556;dbVar:nssv15126775;dbVar:nssv15133864;dbVar:nssv15755811;dbVar:nssv15755813;dbVar:nssv18326404;dbVar:nssv15126915;dbVar:nssv15128185;dbVar:nssv15145459;dbVar:nssv15145460;dbVar:nssv15138286;dbVar:nssv15154015;nssv18326430;dbVar:nssv18330227;dbVar:nssv17976889;dbVar:nssv17976891;dbVar:nssv15153273;dbVar:nssv18330460;dbVar:nssv17976888;dbVar:nssv15145461;dbVar:nssv15138328;dbVar:nssv17976880;dbVar:nssv15154017;dbVar:nssv18329577;dbVar:nssv15140316;dbVar:nssv15133433;dbVar:nssv18326382;dbVar:nssv17955872;dbVar:nssv15133434;dbVar:nssv16255835;dbVar:nssv15132708;dbVar:nssv15134184;dbVar:nssv15132128;nssv15139349;dbVar:nssv15134982;dbVar:nssv15135883;dbVar:nssv15133394;nssv16091745;dbVar:nssv15132006;nssv15139990;dbVar:nssv15137884;dbVar:nssv15133435;dbVar:nssv18792765;dbVar:nssv15135454;dbVar:nssv15133438;nssv15140028;dbVar:nssv15132230;nssv15139684;dbVar:nssv15132655;nssv15139976;dbVar:nssv15136079;dbVar:nssv15132507;nssv15139975;dbVar:nssv15132389;dbVar:nssv17976452;dbVar:nssv15164040;dbVar:nssv15137872;dbVar:nssv16254738;dbVar:nssv15127636;dbVar:nssv15128166;dbVar:nssv15127784;dbVar:nssv16208773;dbVar:nssv15145231;dbVar:nssv15145040;dbVar:nssv18786377;dbVar:nssv15145232;dbVar:nssv15139558;dbVar:nssv15163611;dbVar:nssv16215256;dbVar:nssv15128065;dbVar:nssv17955534;dbVar:nssv15163612;dbVar:nssv15145462;dbVar:nssv15145233;dbVar:nssv15163613;dbVar:nssv15132390;dbVar:nssv15163614;dbVar:nssv15162012;dbVar:nssv15139255;dbVar:nssv15162013;dbVar:nssv15162015;dbVar:nssv17976449;dbVar:nssv17955549;dbVar:nssv15162016;nssv16215222;nssv16215239;nssv16865884;dbVar:nssv15162017;dbVar:nssv15164042;dbVar:nssv15143222;dbVar:nssv15162018;dbVar:nssv16865881;dbVar:nssv15164043;dbVar:nssv15755824;dbVar:nssv17650004;dbVar:nssv17649858;dbVar:nssv16297048;dbVar:nssv17517456;dbVar:nssv15141730;dbVar:nssv15126093;dbVar:nssv15125439;dbVar:nssv15755804;dbVar:nssv15133439;dbVar:nssv15132392;dbVar:nssv15132132;dbVar:nssv15133440;dbVar:nssv15136213;dbVar:nssv15605874;nssv15605879;dbVar:nssv17976881;dbVar:nssv18842051;dbVar:nssv17173212;dbVar:nssv17173202;dbVar:nssv18792648;dbVar:nssv17976675;dbVar:nssv18830700;dbVar:nssv18786378;dbVar:nssv18786379;dbVar:nssv15140698;dbVar:nssv15139562;dbVar:nssv15140747;dbVar:nssv15140051;dbVar:nssv15133119;dbVar:nssv15132747;dbVar:nssv15143645;dbVar:nssv15133099;dbVar:nssv15140043;dbVar:nssv15132748;dbVar:nssv15134703;dbVar:nssv15134635;dbVar:nssv15133317;nssv15143213;dbVar:nssv15131926;dbVar:nssv15134849;dbVar:nssv15136233;dbVar:nssv15133443;dbVar:nssv15140048;dbVar:nssv17171460;nssv17974163;dbVar:nssv15605919;dbVar:nssv15605807;HI3:ISCA-37433;dbVar:nssv15755810;HI3:ISCA-37446;dbVar:nssv15605830;nssv16216546;dbVar:nssv15605834;dbVar:nssv15143197;dbVar:nssv15776509;dbVar:nssv15139269;dbVar:nssv15141198;dbVar:nssv15139434;dbVar:nssv15142496;dbVar:nssv15137499;dbVar:nssv15138712;dbVar:nssv18330193;dbVar:nssv15155693;dbVar:nssv15139445;nssv15774763;dbVar:nssv15139405;dbVar:nssv15154011;dbVar:nssv15156360;dbVar:nssv16254574;dbVar:nssv16208595;dbVar:nssv16208596;dbVar:nssv15139855;nssv18326386;dbVar:nssv15139854;nssv15153270;dbVar:nssv15154016;nssv17976890;dbVar:nssv15152149;dbVar:nssv15137491;dbVar:nssv18329824;dbVar:nssv18329601;dbVar:nssv18330322;dbVar:nssv18330326;dbVar:nssv18329598;dbVar:nssv18330218;dbVar:nssv15141653;dbVar:nssv15142207;dbVar:nssv15605829;dbVar:nssv15755814;dbVar:nssv15139759;dbVar:nssv15134350;nssv15139984;dbVar:nssv15137802;dbVar:nssv15132334;dbVar:nssv15132933;dbVar:nssv15132323;nssv15139981;dbVar:nssv15132248;nssv15139690;dbVar:nssv15134351;dbVar:nssv15132463;nssv15139699;dbVar:nssv15132523;dbVar:nssv15755812;dbVar:nssv15155695;dbVar:nssv18831006;dbVar:nssv17976279;dbVar:nssv15132934;dbVar:nssv15132935;dbVar:nssv15133185;dbVar:nssv15134354;dbVar:nssv15139289;dbVar:nssv18841927;nssv18830898;dbVar:nssv15138106;dbVar:nssv15133186;dbVar:nssv15162020;dbVar:nssv15141722;dbVar:nssv15140057;dbVar:nssv15139467;dbVar:nssv15142401;dbVar:nssv15134356;dbVar:nssv15134360;dbVar:nssv15138475;dbVar:nssv17955868;dbVar:nssv18330006;dbVar:nssv15134820;dbVar:nssv18786380;dbVar:nssv18330264;dbVar:nssv18330820;dbVar:nssv15776871;dbVar:nssv15776863;morbid:TANGO2;dbVar:nssv17955605;dbVar:nssv15775129;dbVar:nssv18792883;dbVar:nssv17955606;dbVar:nssv16216544;nssv8639845;nssv15161831;dbVar:nssv16214784;dbVar:nssv15772982;dbVar:nssv15772938;nssv15773614;nssv15775115;nssv15775184;nssv15775592;dbVar:nssv17971094;dbVar:nssv15770877	22:16888900-20125005;22:16888900-20730144;22:17019016-20718227;22:17397499-20311763;22:17397499-20708934;22:17565983-20052185;22:18475386-23764120;22:18626109-21800797;22:18628020-21464119;22:18628020-21505417;22:18628133-21561468;22:18628133-21883879;22:18628148-21440515;22:18631365-21800471;22:18636750-21800471;22:18639781-21910280;22:18641480-21712996;22:18641480-21722262;22:18642647-21717111;22:18642647-21742277;22:18644242-21465662;22:18644543-21465659;22:18644544-21800797;22:18644791-21798907;22:18644791-21800471;22:18644791-21915509;22:18644792-21041014;22:18645354-21800797;22:18646694-21631412;22:18648857-21465662;22:18648867-21798907;22:18648867-21800797;22:18648868-21465659;22:18650665-21440455;22:18650676-21455556;22:18655799-21726191;22:18660136-21737597;22:18660554-21455556;22:18661700-21457610;22:18661700-21505445;22:18661725-20659606;22:18661725-21440514;22:18661725-21461811;22:18661725-21464119;22:18661725-21505417;22:18661725-21561514;22:18661725-21809009;22:18671630-21536841;22:18689517-21588615;22:18706002-20311763;22:18706002-20659606;22:18706002-21025713;22:18706002-21440514;22:18706002-21464119;22:18706002-21505417;22:18706002-21809009;22:18718029-21326012;22:18728119-21811991;22:18765086-21661435;22:18765103-21661435;22:18788000-21065894;22:18788000-21468378;22:18788000-21684798;22:18789966-21591197;22:18790223-21697998;22:18820423-21477877;22:18834446-21414817;22:18834453-21575702;22:18844633-21463730;22:18844633-21608479;22:18844633-21797812;22:18848021-21468378;22:18861210-21630630;22:18861749-21463730;22:18868433-20331055;22:18868433-21477877;22:18872509-21465050;22:18874457-20306317;22:18875870-21470273;22:18875957-21466715;22:18876631-21465659;22:18878410-21465050;22:18878410-21907671;22:18884515-21484289;22:18884715-21483289;22:18886916-21463730;22:18886916-21465050;22:18886916-21467387;22:18886916-21811991;22:18889491-20312668;22:18889491-21463730;22:18889491-21466715;22:18889491-21917190;22:18889572-21464697;22:18889694-21465485;22:18889951-21466053;22:18889970-21462658;22:18890043-21440455;22:18890163-21464056;22:18890222-21561468;22:18890265-21540347;22:18890272-20328113;22:18890272-20659606;22:18890272-21394730;22:18890272-21461811;22:18891527-21796215;22:18892576-21460220;22:18893345-21650280;22:18893839-20307561;22:18893883-21563420;22:18893883-21571027;22:18893887-21386103;22:18893889-21414817;22:18893889-21481925;22:18893889-21570386;22:18894079-21414817;22:18894340-20255110;22:18894340-20255154;22:18894340-21440455;22:18894340-21440514;22:18894821-21440515;22:18894836-20238206;22:18894836-20311763;22:18894836-20659606;22:18894836-21440514;22:18894836-21461752;22:18894836-21461811;22:18894836-21464119;22:18894836-21505417;22:18894836-21561514;22:18896973-20311763;22:18896973-21382953;22:18896973-21440514;22:18900443-21440514;22:18900689-21351637;22:18900756-21800277;22:18901005-21408430;22:18912232-20287208;22:18912232-21465672;22:18912232-21465672;22:18912404-21431174;22:18912871-21431174;22:18915348-21463730;22:18916828-20311858;22:18916828-21465662;22:18916829-20312661;22:18916829-21041014;22:18916829-21049800;22:18916829-21465659;22:18916829-21465662;22:18916829-21800797;22:18916843-20310938;22:18916843-20311858;22:18916843-20312661;22:18916843-20716903;22:18916843-20767095;22:18916843-21011216;22:18916843-21033371;22:18916843-21075592;22:18916843-21465659;22:18916843-21465662;22:18916843-21798907;22:18916843-21804716;22:18916843-21804886;22:18916844-20311858;22:18916844-21033401;22:18916844-21075592;22:18916844-21465659;22:18916844-21800471;22:18916844-21915509;22:18917048-21465659;22:18917048-21465662;22:18918742-20311922;22:18919478-21800471;22:18919580-21460595;22:18919943-20311763;22:18919943-20659606;22:18919943-20708934;22:18919943-21025713;22:18919943-21440514;22:18919943-21505417;22:18919943-21505558;22:18919943-21561514;22:18919943-21809009;22:18922152-21449911;22:18935464-21465659;22:18936190-21464809;22:18936191-21464809;22:18938162-20229017;22:18938162-20996250;22:18938162-21455556;22:18962314-21455556;22:18970562-21465662;22:18973253-21435405;22:18999804-21455499;22:18999804-21455556;22:19016664-21463730;22:19023802-21440455;22:19023802-21440514;22:19024657-21465659;22:19024658-21465662;22:19029603-21505417;22:19035018-21461811;22:19035324-21464119;22:19036287-21208284;22:19046678-21465662;22:19058830-21440514;22:19184001-21416024;22:19336599-21208828;22:19647906-21153690;22:19709401-21142058;22:19710419-21142058;22:20008633-20054687;22:20027161-20063237;22:20028564-20053554;22:20028990-20062723;22:20028993-20062955;22:20029136-20062954;22:20029701-20062756;22:20030823-20041691;22:20030823-20053554;22:20030859-20052185;22:20030879-20052185	0.62;0.52;0.54;0.69;0.61;0.81;0.38;0.63;0.71;0.70;0.68;0.62;0.71;0.63;0.63;0.61;0.65;0.65;0.65;0.65;0.71;0.71;0.64;0.64;0.64;0.61;0.84;0.64;0.67;0.71;0.64;0.64;0.71;0.72;0.72;0.65;0.65;0.72;0.72;0.71;1.01;0.72;0.72;0.72;0.71;0.69;0.64;0.70;0.69;1.25;1.03;0.87;0.73;0.73;0.72;0.65;0.77;0.65;0.69;0.69;0.88;0.75;0.69;0.72;0.69;0.76;0.78;0.73;0.77;0.73;0.68;0.77;0.73;0.77;1.37;0.77;0.77;1.40;0.77;0.78;0.78;0.78;0.66;0.77;0.77;0.78;0.78;0.78;0.69;1.41;0.78;0.78;0.66;0.78;0.78;0.78;0.78;0.79;0.78;0.75;0.76;1.40;1.14;0.80;0.78;0.69;0.78;0.73;1.42;0.75;0.75;0.81;0.80;0.78;0.75;0.80;1.48;1.48;0.79;0.79;0.79;1.50;1.42;1.14;0.79;0.78;0.78;0.78;0.77;0.75;1.42;0.81;0.79;0.79;0.82;0.69;0.80;1.46;0.79;0.79;0.80;0.80;0.79;1.44;0.79;1.44;0.95;0.94;0.79;0.79;0.70;1.44;1.44;1.44;1.12;1.09;0.96;0.95;0.93;0.79;0.79;0.70;0.70;0.70;1.44;0.95;0.93;0.79;0.70;0.67;0.79;0.79;1.44;0.70;0.79;1.44;1.15;1.12;0.95;0.80;0.78;0.78;0.76;0.70;0.79;0.79;0.79;0.79;1.56;0.98;0.80;0.81;0.81;0.82;0.82;0.82;0.82;0.83;0.83;0.82;0.82;0.81;0.83;0.83;0.92;0.83;0.84;0.90;1.07;1.33;1.40;1.40;43.62;55.68;80.38;59.55;59.15;59.40;60.77;99.50;88.37;94.20;94.27	24	Abnormality_of_metabolism/homeostasis;Acute_rhabdomyolysis;Cardiac_arrhythmia;Episodic_flaccid_weakness;Inborn_genetic_diseases;Intellectual_disability;Metabolic_crises_with_rhabdomyolysis,_cardiac_arrhythmias,_and_neurodegeneration;Recurrent_metabolic_encephalomyopathic_crises-rhabdomyolysis-cardiac_arrhythmia-intellectual_disability_syndrome;Seizure;TANGO2-related_disorder				dbVar	chr22:18934999-21466000;chr22:20028540-20068304;chr22:20029000-20063000;chr22:20029491-20059847	0.01				IMH	22:17036164-22613666;22:18655109-20719124;22:18904624-20296851;22:18939719-20275949;22:18954422-20259184;22:18957903-20255847;22:19014638-21718005	0.4801							chr22:20028540-20068304 dbVar;chr22:20029491-20059847 dbVar;22:20031111-20032688 DDD:56216;chr22:20028540-20068304 dbVar;chr22:20029491-20059847 dbVar;22:20031111-20032688 DDD:56216	chr22:18934999-21466000 dbVar;chr22:20029000-20063000 dbVar;chr22:20031029-20032703 dbVar;chr22:18934999-21466000 dbVar;chr22:20029000-20063000 dbVar;chr22:20031029-20032703 dbVar	0.510	0.655																51.91	-2.62354415217069	-2.53125239294469	-2.47162789907313	1.46130508236304	0.279301120222081							616830			yes		4	1.4769e-04	4.2224e-06	1.0	1A (cf Gene_count, RE_gene, +0.00);2A (cf P_loss_source, +1.00);3A (1 gene, +0.00);5F (+0.00)	5
22_20030877_20050965_DEL_1	22	20030877	20050965	-20089	CNV016	DEL	NA	split	q11.21	TANGO2				NM_001283106	3	20004545	20054687	20089	654	78	no	10	intron3-intron9	CDS	0	5'	20030876	20050965						Recurrent_metabolic_encephalomyopathic_crises-rhabdomyolysis-cardiac_arrhythmia-intellectual_disability_syndrome|Intellectual_disability|Acute_rhabdomyolysis|Episodic_flaccid_weakness|Seizure|Cardiac_arrhythmia	HP:0000730;HP:0001249;HP:0001250;HP:0001267;HP:0001275;HP:0001286;HP:0001303;HP:0001656;HP:0001661;HP:0001665;HP:0001666;HP:0001687;HP:0001721;HP:0002122;HP:0002125;HP:0002182;HP:0002192;HP:0002279;HP:0002306;HP:0002316;HP:0002348;HP:0002382;HP:0002386;HP:0002391;HP:0002402;HP:0002417;HP:0002430;HP:0002431;HP:0002432;HP:0002434;HP:0002437;HP:0002458;HP:0002466;HP:0002479;HP:0002482;HP:0002499;HP:0002543;HP:0002794;HP:0003752;HP:0003767;HP:0004351;HP:0005158;HP:0006833;HP:0006997;HP:0007154;HP:0007176;HP:0007180;HP:0008942;HP:0010520;HP:0011675	CLN:226591;dbVar:nssv16216543;dbVar:nssv17171772;dbVar:nssv18790095;dbVar:nssv8639589;nssv15122532	22:20030879-20049206;22:20036383-20045782;22:20036384-20045781;22:20036385-20045784;22:20039969-20043556															24	Abnormality_of_metabolism/homeostasis;Acute_rhabdomyolysis;Cardiac_arrhythmia;Episodic_flaccid_weakness;Inborn_genetic_diseases;Intellectual_disability;Metabolic_crises_with_rhabdomyolysis,_cardiac_arrhythmias,_and_neurodegeneration;Recurrent_metabolic_encephalomyopathic_crises-rhabdomyolysis-cardiac_arrhythmia-intellectual_disability_syndrome;Seizure;TANGO2-related_disorder				dbVar	chr22:18934999-21466000;chr22:20028540-20068304;chr22:20029000-20063000;chr22:20029491-20059847	0.01				IMH	22:17036164-22613666;22:18655109-20719124;22:18904624-20296851;22:18939719-20275949;22:18954422-20259184;22:18957903-20255847;22:19014638-21718005	0.4801																										51.91	-2.62354415217069	-2.53125239294469	-2.47162789907313	1.46130508236304	0.279301120222081	metabolic encephalomyopathic crises, recurrent, with rhabdomyolysis, cardiac arrhythmias, and neurodegeneration;recurrent metabolic encephalomyopathic crises-rhabdomyolysis-cardiac arrhythmia-intellectual disability syndrome	AR	Moderate;Strong	26805781;26805782	128989	HGNC:25439	616830	Metabolic encephalomyopathic crises, recurrent, with rhabdomyolysis, cardiac arrhythmias, and neurodegeneration, 616878 (3) AR	AR	yes		4	1.4769e-04	4.2224e-06			full=5
22_20030877_20050965_DEL_1	22	20030877	20050965	-20089	CNV102	DEL	NA	full	q11.21	TANGO2	MIR185	DGCR8	1																CDC45 (morbid/RE=EA_enhancer);GP1BB (morbid/RE=EA_enhancer);TBX1 (morbid/RE=EA_enhancer)					Recurrent_metabolic_encephalomyopathic_crises-rhabdomyolysis-cardiac_arrhythmia-intellectual_disability_syndrome|Intellectual_disability|Acute_rhabdomyolysis|Episodic_flaccid_weakness|Seizure|Cardiac_arrhythmia	HP:0000730;HP:0001249;HP:0001250;HP:0001267;HP:0001275;HP:0001286;HP:0001303;HP:0001656;HP:0001661;HP:0001665;HP:0001666;HP:0001687;HP:0001721;HP:0002122;HP:0002125;HP:0002182;HP:0002192;HP:0002279;HP:0002306;HP:0002316;HP:0002348;HP:0002382;HP:0002386;HP:0002391;HP:0002402;HP:0002417;HP:0002430;HP:0002431;HP:0002432;HP:0002434;HP:0002437;HP:0002458;HP:0002466;HP:0002479;HP:0002482;HP:0002499;HP:0002543;HP:0002794;HP:0003752;HP:0003767;HP:0004351;HP:0005158;HP:0006833;HP:0006997;HP:0007154;HP:0007176;HP:0007180;HP:0008942;HP:0010520;HP:0011675	CLN:226591;dbVar:nssv16216543;dbVar:nssv17171772;dbVar:nssv18790095;dbVar:nssv8639589;nssv15122532	22:20030879-20049206;22:20036383-20045782;22:20036384-20045781;22:20036385-20045784;22:20039969-20043556					22q11.2 recurrent (DGS/VCFS) region (proximal, A-B) (includes TBX1);22q11.2 recurrent (DGS/VCFS) region (proximal, A-D) (includes TBX1)		dbVar:nssv15161990;dbVar:nssv15139753;dbVar:nssv15150031;dbVar:nssv15150491;dbVar:nssv15146973;dbVar:nssv15137211;dbVar:nssv15161991;dbVar:nssv15161992;dbVar:nssv15164031;dbVar:nssv16254742;dbVar:nssv16297047;dbVar:nssv15141953;dbVar:nssv15156366;nssv15772157;dbVar:nssv17976875;dbVar:nssv16207463;dbVar:nssv16296938;dbVar:nssv16207464;dbVar:nssv15774756;dbVar:nssv15149512;nssv15150794;dbVar:nssv15139758;dbVar:nssv15755803;dbVar:nssv15774287;dbVar:nssv15605979;dbVar:nssv15139756;dbVar:nssv15605980;dbVar:nssv15132295;dbVar:nssv15133039;dbVar:nssv15133301;dbVar:nssv15132518;dbVar:nssv15134365;dbVar:nssv15146613;dbVar:nssv15147269;dbVar:nssv15605803;dbVar:nssv15605804;dbVar:nssv16736606;dbVar:nssv15128891;dbVar:nssv15126571;dbVar:nssv15128500;dbVar:nssv16254735;dbVar:nssv15140068;dbVar:nssv15137505;dbVar:nssv15128758;dbVar:nssv15152138;dbVar:nssv15154014;dbVar:nssv15755815;dbVar:nssv15755817;dbVar:nssv16255668;dbVar:nssv18329661;dbVar:nssv18330205;dbVar:nssv15156359;dbVar:nssv15142823;dbVar:nssv15140066;dbVar:nssv15133432;dbVar:nssv15605805;dbVar:nssv15605808;dbVar:nssv15605806;dbVar:nssv15132858;dbVar:nssv15133520;dbVar:nssv15132127;dbVar:nssv15133128;dbVar:nssv15136566;dbVar:nssv15133389;dbVar:nssv15140044;dbVar:nssv15133925;dbVar:nssv15138146;dbVar:nssv15133393;nssv15139545;dbVar:nssv15135020;dbVar:nssv15132566;dbVar:nssv15164039;dbVar:nssv15132423;dbVar:nssv15132330;dbVar:nssv15126758;dbVar:nssv15127771;dbVar:nssv15126436;dbVar:nssv17649918;dbVar:nssv15162011;dbVar:nssv15125959;dbVar:nssv17955842;dbVar:nssv15139556;dbVar:nssv15122631;dbVar:nssv15123767;dbVar:nssv15162014;dbVar:nssv15143627;dbVar:nssv16865904;dbVar:nssv15123759;dbVar:nssv17650003;dbVar:nssv15755805;dbVar:nssv15132167;dbVar:nssv15133526;dbVar:nssv15162019;dbVar:nssv15145463;dbVar:nssv15145234;dbVar:nssv16207634;dbVar:nssv15605810;dbVar:nssv15605809;dbVar:nssv18842027;dbVar:nssv18842024;nssv18842046;dbVar:nssv18326316;dbVar:nssv15139749;dbVar:nssv15140369;dbVar:nssv15133118;dbVar:nssv15136643;dbVar:nssv15136015;dbVar:nssv15133139;dbVar:nssv16736612;dbVar:nssv15131931;nssv15133075;dbVar:nssv15131925;dbVar:nssv15134715;dbVar:nssv15133442;dbVar:nssv15605811;dbVar:nssv15134239;dbVar:nssv15133527;dbVar:nssv15132426;dbVar:nssv16736616;TS3:ISCA-37433;TS3:ISCA-37446;dbVar:nssv15605876;dbVar:nssv15605828;dbVar:nssv15156361;dbVar:nssv15153271;dbVar:nssv17976874;dbVar:nssv15137439;dbVar:nssv15139887;dbVar:nssv15137698;dbVar:nssv18830992;dbVar:nssv15153269;dbVar:nssv15138869;dbVar:nssv15139242;dbVar:nssv18329574;dbVar:nssv18329591;dbVar:nssv17976884;dbVar:nssv15134211;dbVar:nssv15132553;dbVar:nssv15133921;dbVar:nssv15132642;nssv15139997;dbVar:nssv15132247;nssv15139527;dbVar:nssv15131997;nssv15139348;dbVar:nssv15137835;dbVar:nssv15132026;nssv15139977;dbVar:nssv15127741;dbVar:nssv15605831;dbVar:nssv18830785;dbVar:nssv15755816;dbVar:nssv15134353;dbVar:nssv15133528;dbVar:nssv15154013;dbVar:nssv16207465;dbVar:nssv18830899;dbVar:nssv16254573;dbVar:nssv16255670;dbVar:nssv15133914;dbVar:nssv15132168;dbVar:nssv15145464;dbVar:nssv15755306	22:16054668-51243435;22:16054692-27296513;22:16054692-51220902;22:16054692-51237463;22:16054692-51237518;22:16087695-20311784;22:16114245-20737903;22:16114245-51195728;22:16114245-51211392;22:16197006-51224252;22:16800001-21500000;22:16888900-20311858;22:16888900-20312661;22:16888900-21915509;22:16888900-22290476;22:16888900-26483608;22:16888900-27657507;22:16888900-51197838;22:16888901-51197838;22:17012936-21431054;22:17041670-20247250;22:17055734-20312661;22:17072087-20130474;22:17264512-23238029;22:17289828-20311922;22:17397499-20311763;22:17397499-20659606;22:17397499-20708934;22:17397499-21505417;22:17397499-24754904;22:17397499-51178264;22:17397634-51178213;22:18609713-21408430;22:18611224-21408430;22:18628020-20311763;22:18628133-21712996;22:18628133-21900562;22:18628133-51244566;22:18628148-21722313;22:18637140-20289862;22:18640730-21465659;22:18641480-21917191;22:18644791-21465659;22:18645354-21465659;22:18648856-21461017;22:18648856-21927646;22:18648867-21465659;22:18648868-20311858;22:18648868-21798907;22:18649190-20311858;22:18650665-21440455;22:18650665-21440514;22:18650676-21455556;22:18650746-21460220;22:18650804-21386010;22:18650804-21460220;22:18651615-21440455;22:18652638-21914178;22:18660554-21455556;22:18661700-21505445;22:18661700-22905025;22:18661725-20311763;22:18661725-21025713;22:18661725-21440514;22:18661725-21461752;22:18661725-21505417;22:18661725-21661435;22:18661725-32217179;22:18675474-21465050;22:18704555-21411284;22:18706002-21440514;22:18713492-20412989;22:18713492-21712996;22:18713492-21917191;22:18841375-21465101;22:18844633-21463730;22:18848021-21468378;22:18873002-21469900;22:18874966-21028946;22:18877788-20306993;22:18877788-21462353;22:18878410-21467387;22:18886916-20278471;22:18886916-21461017;22:18886916-23421058;22:18889978-21463189;22:18890265-21464056;22:18890272-21505417;22:18890272-21561514;22:18891399-21463730;22:18891967-20311852;22:18891967-21631412;22:18892576-20306993;22:18892576-20308800;22:18892576-21460220;22:18893839-20508931;22:18893839-21416074;22:18893889-21414817;22:18894340-21032422;22:18894340-21440455;22:18894821-21440515;22:18894821-21505445;22:18894836-20311784;22:18894836-21461752;22:18894836-21464119;22:18894836-21505417;22:18894836-21561514;22:18894836-21809009;22:18896973-21440514;22:18900756-21075586;22:18908833-21358123;22:18909039-21440514;22:18909039-21798755;22:18909045-21464119;22:18912232-20287208;22:18912232-21465672;22:18912515-21431174;22:18912515-21922035;22:18916828-21050078;22:18916828-21465659;22:18916828-21804886;22:18916829-20312661;22:18916829-21465659;22:18916829-21465662;22:18916843-20311810;22:18916843-20311858;22:18916843-20312661;22:18916843-21465659;22:18916844-21798907;22:18916844-21804563;22:18917048-21465659;22:18919943-20311763;22:18919943-20659606;22:18919943-20708934;22:18919943-21440514;22:18919943-21505417;22:18919943-21561514;22:18919943-21801604;22:18919943-21809009;22:18919988-21561468;22:18923899-21431174;22:18936190-21464809;22:18937381-21459713;22:18938162-21455556;22:18950767-21455556;22:18970561-21465662;22:18970562-21040836;22:18973253-21435405;22:19024657-21465662;22:19035090-22672555;22:19058830-21561514;22:19168759-20942862;22:19346606-21864619;22:19819478-21464764	0.06;0.18;0.06;0.06;0.06;0.48;0.43;0.06;0.06;0.06;0.43;0.59;0.59;0.40;0.37;0.21;0.19;0.06;0.06;0.45;0.63;0.62;0.66;0.34;0.66;0.69;0.62;0.61;0.49;0.27;0.06;0.06;0.72;0.72;1.19;0.65;0.61;0.06;0.65;1.22;0.71;0.61;0.71;0.71;0.71;0.61;0.71;1.21;0.64;1.21;0.72;0.72;0.72;0.72;0.73;0.72;0.72;0.62;0.72;0.71;0.47;1.22;0.85;0.72;0.72;0.71;0.67;0.15;0.72;0.74;0.73;1.18;0.67;0.63;0.77;0.77;0.77;0.77;0.93;1.41;0.78;0.78;1.44;0.78;0.44;0.78;0.78;0.77;0.75;0.78;1.41;0.73;1.42;1.42;0.78;1.24;0.80;0.80;0.94;0.79;0.79;0.77;1.42;0.78;0.78;0.77;0.75;0.69;0.79;0.92;0.82;0.79;0.70;0.79;1.46;0.79;0.80;0.67;0.94;0.79;0.70;1.44;0.79;0.79;1.44;1.44;1.44;0.79;0.70;0.70;0.79;1.44;1.15;1.12;0.80;0.78;0.76;0.70;0.70;0.76;0.80;0.79;0.80;0.80;0.80;0.81;0.97;0.82;0.82;0.55;0.80;1.13;0.80;1.22	22q11.2 recurrent (DGS/VCFS) region (proximal, A-B) (includes TBX1);22q11.2 recurrent (DGS/VCFS) region (proximal, A-D) (includes TBX1);Metabolic encephalomyopathic crises, recurrent, with rhabdomyolysis, cardiac arrhythmias, and neurodegeneration, 616878 (3) AR		dbVar:nssv16208592;dbVar:nssv16208593;dbVar:nssv15132388;dbVar:nssv15132068;dbVar:nssv15133055;dbVar:nssv18787557;nssv18791888;dbVar:nssv16207650;dbVar:nssv15153272;dbVar:nssv15135754;dbVar:nssv15133431;nssv15139986;dbVar:nssv15125556;dbVar:nssv15126775;dbVar:nssv15133864;dbVar:nssv15755811;dbVar:nssv15755813;dbVar:nssv18326404;dbVar:nssv15126915;dbVar:nssv15128185;dbVar:nssv15145459;dbVar:nssv15145460;dbVar:nssv15138286;dbVar:nssv15154015;nssv18326430;dbVar:nssv18330227;dbVar:nssv17976889;dbVar:nssv17976891;dbVar:nssv15153273;dbVar:nssv18330460;dbVar:nssv17976888;dbVar:nssv15145461;dbVar:nssv15138328;dbVar:nssv17976880;dbVar:nssv15154017;dbVar:nssv18329577;dbVar:nssv15140316;dbVar:nssv15133433;dbVar:nssv18326382;dbVar:nssv17955872;dbVar:nssv15133434;dbVar:nssv16255835;dbVar:nssv15132708;dbVar:nssv15134184;dbVar:nssv15132128;nssv15139349;dbVar:nssv15134982;dbVar:nssv15135883;dbVar:nssv15133394;nssv16091745;dbVar:nssv15132006;nssv15139990;dbVar:nssv15137884;dbVar:nssv15133435;dbVar:nssv18792765;dbVar:nssv15135454;dbVar:nssv15133438;nssv15140028;dbVar:nssv15132230;nssv15139684;dbVar:nssv15132655;nssv15139976;dbVar:nssv15136079;dbVar:nssv15132507;nssv15139975;dbVar:nssv15132389;dbVar:nssv17976452;dbVar:nssv15164040;dbVar:nssv15137872;dbVar:nssv16254738;dbVar:nssv15127636;dbVar:nssv15128166;dbVar:nssv15127784;dbVar:nssv16208773;dbVar:nssv15145231;dbVar:nssv15145040;dbVar:nssv18786377;dbVar:nssv15145232;dbVar:nssv15139558;dbVar:nssv15163611;dbVar:nssv16215256;dbVar:nssv15128065;dbVar:nssv17955534;dbVar:nssv15163612;dbVar:nssv15145462;dbVar:nssv15145233;dbVar:nssv15163613;dbVar:nssv15132390;dbVar:nssv15163614;dbVar:nssv15162012;dbVar:nssv15139255;dbVar:nssv15162013;dbVar:nssv15162015;dbVar:nssv17976449;dbVar:nssv17955549;dbVar:nssv15162016;nssv16215222;nssv16215239;nssv16865884;dbVar:nssv15162017;dbVar:nssv15164042;dbVar:nssv15143222;dbVar:nssv15162018;dbVar:nssv16865881;dbVar:nssv15164043;dbVar:nssv15755824;dbVar:nssv17650004;dbVar:nssv17649858;dbVar:nssv16297048;dbVar:nssv17517456;dbVar:nssv15141730;dbVar:nssv15126093;dbVar:nssv15125439;dbVar:nssv15755804;dbVar:nssv15133439;dbVar:nssv15132392;dbVar:nssv15132132;dbVar:nssv15133440;dbVar:nssv15136213;dbVar:nssv15605874;nssv15605879;dbVar:nssv17976881;dbVar:nssv18842051;dbVar:nssv17173212;dbVar:nssv17173202;dbVar:nssv18792648;dbVar:nssv17976675;dbVar:nssv18830700;dbVar:nssv18786378;dbVar:nssv18786379;dbVar:nssv15140698;dbVar:nssv15139562;dbVar:nssv15140747;dbVar:nssv15140051;dbVar:nssv15133119;dbVar:nssv15132747;dbVar:nssv15143645;dbVar:nssv15133099;dbVar:nssv15140043;dbVar:nssv15132748;dbVar:nssv15134703;dbVar:nssv15134635;dbVar:nssv15133317;nssv15143213;dbVar:nssv15131926;dbVar:nssv15134849;dbVar:nssv15136233;dbVar:nssv15133443;dbVar:nssv15140048;dbVar:nssv17171460;nssv17974163;dbVar:nssv15605919;dbVar:nssv15605807;HI3:ISCA-37433;dbVar:nssv15755810;HI3:ISCA-37446;dbVar:nssv15605830;nssv16216546;dbVar:nssv15605834;dbVar:nssv15143197;dbVar:nssv15776509;dbVar:nssv15139269;dbVar:nssv15141198;dbVar:nssv15139434;dbVar:nssv15142496;dbVar:nssv15137499;dbVar:nssv15138712;dbVar:nssv18330193;dbVar:nssv15155693;dbVar:nssv15139445;nssv15774763;dbVar:nssv15139405;dbVar:nssv15154011;dbVar:nssv15156360;dbVar:nssv16254574;dbVar:nssv16208595;dbVar:nssv16208596;dbVar:nssv15139855;nssv18326386;dbVar:nssv15139854;nssv15153270;dbVar:nssv15154016;nssv17976890;dbVar:nssv15152149;dbVar:nssv15137491;dbVar:nssv18329824;dbVar:nssv18329601;dbVar:nssv18330322;dbVar:nssv18330326;dbVar:nssv18329598;dbVar:nssv18330218;dbVar:nssv15141653;dbVar:nssv15142207;dbVar:nssv15605829;dbVar:nssv15755814;dbVar:nssv15139759;dbVar:nssv15134350;nssv15139984;dbVar:nssv15137802;dbVar:nssv15132334;dbVar:nssv15132933;dbVar:nssv15132323;nssv15139981;dbVar:nssv15132248;nssv15139690;dbVar:nssv15134351;dbVar:nssv15132463;nssv15139699;dbVar:nssv15132523;dbVar:nssv15755812;dbVar:nssv15155695;dbVar:nssv18831006;dbVar:nssv17976279;dbVar:nssv15132934;dbVar:nssv15132935;dbVar:nssv15133185;dbVar:nssv15134354;dbVar:nssv15139289;dbVar:nssv18841927;nssv18830898;dbVar:nssv15138106;dbVar:nssv15133186;dbVar:nssv15162020;dbVar:nssv15141722;dbVar:nssv15140057;dbVar:nssv15139467;dbVar:nssv15142401;dbVar:nssv15134356;dbVar:nssv15134360;dbVar:nssv15138475;dbVar:nssv17955868;dbVar:nssv18330006;dbVar:nssv15134820;dbVar:nssv18786380;dbVar:nssv18330264;dbVar:nssv18330820;dbVar:nssv15776871;dbVar:nssv15776863;morbid:TANGO2;dbVar:nssv17955605;dbVar:nssv15775129;dbVar:nssv18792883;dbVar:nssv17955606;dbVar:nssv16216544;nssv8639845;nssv15161831;dbVar:nssv16214784;dbVar:nssv15772982;dbVar:nssv15772938;nssv15773614;nssv15775115;nssv15775184;nssv15775592;dbVar:nssv17971094;dbVar:nssv15770877	22:16888900-20125005;22:16888900-20730144;22:17019016-20718227;22:17397499-20311763;22:17397499-20708934;22:17565983-20052185;22:18475386-23764120;22:18626109-21800797;22:18628020-21464119;22:18628020-21505417;22:18628133-21561468;22:18628133-21883879;22:18628148-21440515;22:18631365-21800471;22:18636750-21800471;22:18639781-21910280;22:18641480-21712996;22:18641480-21722262;22:18642647-21717111;22:18642647-21742277;22:18644242-21465662;22:18644543-21465659;22:18644544-21800797;22:18644791-21798907;22:18644791-21800471;22:18644791-21915509;22:18644792-21041014;22:18645354-21800797;22:18646694-21631412;22:18648857-21465662;22:18648867-21798907;22:18648867-21800797;22:18648868-21465659;22:18650665-21440455;22:18650676-21455556;22:18655799-21726191;22:18660136-21737597;22:18660554-21455556;22:18661700-21457610;22:18661700-21505445;22:18661725-20659606;22:18661725-21440514;22:18661725-21461811;22:18661725-21464119;22:18661725-21505417;22:18661725-21561514;22:18661725-21809009;22:18671630-21536841;22:18689517-21588615;22:18706002-20311763;22:18706002-20659606;22:18706002-21025713;22:18706002-21440514;22:18706002-21464119;22:18706002-21505417;22:18706002-21809009;22:18718029-21326012;22:18728119-21811991;22:18765086-21661435;22:18765103-21661435;22:18788000-21065894;22:18788000-21468378;22:18788000-21684798;22:18789966-21591197;22:18790223-21697998;22:18820423-21477877;22:18834446-21414817;22:18834453-21575702;22:18844633-21463730;22:18844633-21608479;22:18844633-21797812;22:18848021-21468378;22:18861210-21630630;22:18861749-21463730;22:18868433-20331055;22:18868433-21477877;22:18872509-21465050;22:18874457-20306317;22:18875870-21470273;22:18875957-21466715;22:18876631-21465659;22:18878410-21465050;22:18878410-21907671;22:18884515-21484289;22:18884715-21483289;22:18886916-21463730;22:18886916-21465050;22:18886916-21467387;22:18886916-21811991;22:18889491-20312668;22:18889491-21463730;22:18889491-21466715;22:18889491-21917190;22:18889572-21464697;22:18889694-21465485;22:18889951-21466053;22:18889970-21462658;22:18890043-21440455;22:18890163-21464056;22:18890222-21561468;22:18890265-21540347;22:18890272-20328113;22:18890272-20659606;22:18890272-21394730;22:18890272-21461811;22:18891527-21796215;22:18892576-21460220;22:18893345-21650280;22:18893839-20307561;22:18893883-21563420;22:18893883-21571027;22:18893887-21386103;22:18893889-21414817;22:18893889-21481925;22:18893889-21570386;22:18894079-21414817;22:18894340-20255110;22:18894340-20255154;22:18894340-21440455;22:18894340-21440514;22:18894821-21440515;22:18894836-20238206;22:18894836-20311763;22:18894836-20659606;22:18894836-21440514;22:18894836-21461752;22:18894836-21461811;22:18894836-21464119;22:18894836-21505417;22:18894836-21561514;22:18896973-20311763;22:18896973-21382953;22:18896973-21440514;22:18900443-21440514;22:18900689-21351637;22:18900756-21800277;22:18901005-21408430;22:18912232-20287208;22:18912232-21465672;22:18912232-21465672;22:18912404-21431174;22:18912871-21431174;22:18915348-21463730;22:18916828-20311858;22:18916828-21465662;22:18916829-20312661;22:18916829-21041014;22:18916829-21049800;22:18916829-21465659;22:18916829-21465662;22:18916829-21800797;22:18916843-20310938;22:18916843-20311858;22:18916843-20312661;22:18916843-20716903;22:18916843-20767095;22:18916843-21011216;22:18916843-21033371;22:18916843-21075592;22:18916843-21465659;22:18916843-21465662;22:18916843-21798907;22:18916843-21804716;22:18916843-21804886;22:18916844-20311858;22:18916844-21033401;22:18916844-21075592;22:18916844-21465659;22:18916844-21800471;22:18916844-21915509;22:18917048-21465659;22:18917048-21465662;22:18918742-20311922;22:18919478-21800471;22:18919580-21460595;22:18919943-20311763;22:18919943-20659606;22:18919943-20708934;22:18919943-21025713;22:18919943-21440514;22:18919943-21505417;22:18919943-21505558;22:18919943-21561514;22:18919943-21809009;22:18922152-21449911;22:18935464-21465659;22:18936190-21464809;22:18936191-21464809;22:18938162-20229017;22:18938162-20996250;22:18938162-21455556;22:18962314-21455556;22:18970562-21465662;22:18973253-21435405;22:18999804-21455499;22:18999804-21455556;22:19016664-21463730;22:19023802-21440455;22:19023802-21440514;22:19024657-21465659;22:19024658-21465662;22:19029603-21505417;22:19035018-21461811;22:19035324-21464119;22:19036287-21208284;22:19046678-21465662;22:19058830-21440514;22:19184001-21416024;22:19336599-21208828;22:19647906-21153690;22:19709401-21142058;22:19710419-21142058;22:20008633-20054687;22:20027161-20063237;22:20028564-20053554;22:20028990-20062723;22:20028993-20062955;22:20029136-20062954;22:20029701-20062756;22:20030823-20041691;22:20030823-20053554;22:20030859-20052185;22:20030879-20052185	0.62;0.52;0.54;0.69;0.61;0.81;0.38;0.63;0.71;0.70;0.68;0.62;0.71;0.63;0.63;0.61;0.65;0.65;0.65;0.65;0.71;0.71;0.64;0.64;0.64;0.61;0.84;0.64;0.67;0.71;0.64;0.64;0.71;0.72;0.72;0.65;0.65;0.72;0.72;0.71;1.01;0.72;0.72;0.72;0.71;0.69;0.64;0.70;0.69;1.25;1.03;0.87;0.73;0.73;0.72;0.65;0.77;0.65;0.69;0.69;0.88;0.75;0.69;0.72;0.69;0.76;0.78;0.73;0.77;0.73;0.68;0.77;0.73;0.77;1.37;0.77;0.77;1.40;0.77;0.78;0.78;0.78;0.66;0.77;0.77;0.78;0.78;0.78;0.69;1.41;0.78;0.78;0.66;0.78;0.78;0.78;0.78;0.79;0.78;0.75;0.76;1.40;1.14;0.80;0.78;0.69;0.78;0.73;1.42;0.75;0.75;0.81;0.80;0.78;0.75;0.80;1.48;1.48;0.79;0.79;0.79;1.50;1.42;1.14;0.79;0.78;0.78;0.78;0.77;0.75;1.42;0.81;0.79;0.79;0.82;0.69;0.80;1.46;0.79;0.79;0.80;0.80;0.79;1.44;0.79;1.44;0.95;0.94;0.79;0.79;0.70;1.44;1.44;1.44;1.12;1.09;0.96;0.95;0.93;0.79;0.79;0.70;0.70;0.70;1.44;0.95;0.93;0.79;0.70;0.67;0.79;0.79;1.44;0.70;0.79;1.44;1.15;1.12;0.95;0.80;0.78;0.78;0.76;0.70;0.79;0.79;0.79;0.79;1.56;0.98;0.80;0.81;0.81;0.82;0.82;0.82;0.82;0.83;0.83;0.82;0.82;0.81;0.83;0.83;0.92;0.83;0.84;0.90;1.07;1.33;1.40;1.40;43.62;55.68;80.38;59.55;59.15;59.40;60.77;99.50;88.37;94.20;94.27	24	Abnormality_of_metabolism/homeostasis;Acute_rhabdomyolysis;Cardiac_arrhythmia;Episodic_flaccid_weakness;Inborn_genetic_diseases;Intellectual_disability;Metabolic_crises_with_rhabdomyolysis,_cardiac_arrhythmias,_and_neurodegeneration;Recurrent_metabolic_encephalomyopathic_crises-rhabdomyolysis-cardiac_arrhythmia-intellectual_disability_syndrome;Seizure;TANGO2-related_disorder				dbVar	chr22:18934999-21466000;chr22:20028540-20068304;chr22:20029000-20063000;chr22:20029491-20059847	0.01				IMH	22:17036164-22613666;22:18655109-20719124;22:18904624-20296851;22:18939719-20275949;22:18954422-20259184;22:18957903-20255847;22:19014638-21718005	0.4801							chr22:20028540-20068304 dbVar;chr22:20029491-20059847 dbVar;22:20031111-20032688 DDD:56216;chr22:20028540-20068304 dbVar;chr22:20029491-20059847 dbVar;22:20031111-20032688 DDD:56216	chr22:18934999-21466000 dbVar;chr22:20029000-20063000 dbVar;chr22:20031029-20032703 dbVar;chr22:18934999-21466000 dbVar;chr22:20029000-20063000 dbVar;chr22:20031029-20032703 dbVar	0.510	0.655																51.91	-2.62354415217069	-2.53125239294469	-2.47162789907313	1.46130508236304	0.279301120222081							616830			yes		4	1.4769e-04	4.2224e-06	1.0	1A (cf Gene_count, RE_gene, +0.00);2A (cf P_loss_source, +1.00);3A (1 gene, +0.00);5F (+0.00)	5
22_20030877_20050965_DEL_1	22	20030877	20050965	-20089	CNV102	DEL	NA	split	q11.21	TANGO2				NM_001283106	3	20004545	20054687	20089	654	78	no	10	intron3-intron9	CDS	0	5'	20030876	20050965						Recurrent_metabolic_encephalomyopathic_crises-rhabdomyolysis-cardiac_arrhythmia-intellectual_disability_syndrome|Intellectual_disability|Acute_rhabdomyolysis|Episodic_flaccid_weakness|Seizure|Cardiac_arrhythmia	HP:0000730;HP:0001249;HP:0001250;HP:0001267;HP:0001275;HP:0001286;HP:0001303;HP:0001656;HP:0001661;HP:0001665;HP:0001666;HP:0001687;HP:0001721;HP:0002122;HP:0002125;HP:0002182;HP:0002192;HP:0002279;HP:0002306;HP:0002316;HP:0002348;HP:0002382;HP:0002386;HP:0002391;HP:0002402;HP:0002417;HP:0002430;HP:0002431;HP:0002432;HP:0002434;HP:0002437;HP:0002458;HP:0002466;HP:0002479;HP:0002482;HP:0002499;HP:0002543;HP:0002794;HP:0003752;HP:0003767;HP:0004351;HP:0005158;HP:0006833;HP:0006997;HP:0007154;HP:0007176;HP:0007180;HP:0008942;HP:0010520;HP:0011675	CLN:226591;dbVar:nssv16216543;dbVar:nssv17171772;dbVar:nssv18790095;dbVar:nssv8639589;nssv15122532	22:20030879-20049206;22:20036383-20045782;22:20036384-20045781;22:20036385-20045784;22:20039969-20043556															24	Abnormality_of_metabolism/homeostasis;Acute_rhabdomyolysis;Cardiac_arrhythmia;Episodic_flaccid_weakness;Inborn_genetic_diseases;Intellectual_disability;Metabolic_crises_with_rhabdomyolysis,_cardiac_arrhythmias,_and_neurodegeneration;Recurrent_metabolic_encephalomyopathic_crises-rhabdomyolysis-cardiac_arrhythmia-intellectual_disability_syndrome;Seizure;TANGO2-related_disorder				dbVar	chr22:18934999-21466000;chr22:20028540-20068304;chr22:20029000-20063000;chr22:20029491-20059847	0.01				IMH	22:17036164-22613666;22:18655109-20719124;22:18904624-20296851;22:18939719-20275949;22:18954422-20259184;22:18957903-20255847;22:19014638-21718005	0.4801																										51.91	-2.62354415217069	-2.53125239294469	-2.47162789907313	1.46130508236304	0.279301120222081	metabolic encephalomyopathic crises, recurrent, with rhabdomyolysis, cardiac arrhythmias, and neurodegeneration;recurrent metabolic encephalomyopathic crises-rhabdomyolysis-cardiac arrhythmia-intellectual disability syndrome	AR	Moderate;Strong	26805781;26805782	128989	HGNC:25439	616830	Metabolic encephalomyopathic crises, recurrent, with rhabdomyolysis, cardiac arrhythmias, and neurodegeneration, 616878 (3) AR	AR	yes		4	1.4769e-04	4.2224e-06			full=5
3_4558177_4752241_DEL_1	3	4558177	4752241	-194065	CNV037	DEL	NA	full	p26.1	ITPR1	ITPR1-DT	EGOT	1																CRBN (morbid/RE=ABC_enhancer);SUMF1 (morbid/RE=ABC_enhancer+EA_enhancer);TRNT1 (morbid/RE=ABC_enhancer)							dbVar:nssv18792107;dbVar:nssv18792108	3:4558177-4562798;3:4669428-4715091							dbVar:nssv15162889;dbVar:nssv18329418;dbVar:nssv15164144;dbVar:nssv15162891;dbVar:nssv17969827;dbVar:nssv15151098;dbVar:nssv17969828;dbVar:nssv15149909;dbVar:nssv15149891;nssv15151839;dbVar:nssv15147419;dbVar:nssv15145877;dbVar:nssv15147393;dbVar:nssv15137454;dbVar:nssv15146217;dbVar:nssv15138418;dbVar:nssv15148928;dbVar:nssv15146372;dbVar:nssv15153450	3:60175-197948027;3:60932-10687964;3:61496-197838262;3:61496-4952779;3:61892-24432821;3:61892-33958201;3:61892-36710181;3:61892-37459464;3:61893-197851986;3:73915-13655318;3:73915-20375879;3:73915-30105699;3:73915-8206943;3:93950-37189567;3:93950-6007771;3:94992-41423012;3:105527-19552092;3:1897973-19519085	0.10;1.83;0.10;3.97;0.80;0.57;0.53;0.52;0.10;1.43;0.96;0.65;2.39;0.52;3.28;0.47;1.00;1.10	Gillespie syndrome, 206700 (3) AD,AR;Spinocerebellar ataxia 15, 606658 (3) AD;Spinocerebellar ataxia 29, congenital nonprogressive, 117360 (3) AD		dbVar:nssv15755197;dbVar:nssv17649920;dbVar:nssv15152731;dbVar:nssv16208718;dbVar:nssv15147539;dbVar:nssv15150631;dbVar:nssv15152726;dbVar:nssv15776382;dbVar:nssv15152727;dbVar:nssv15142083;dbVar:nssv15152728;dbVar:nssv15141456;dbVar:nssv15152729;dbVar:nssv15152730;dbVar:nssv15775973;nssv15775974;dbVar:nssv15150410;dbVar:nssv15139505;dbVar:nssv17969826;dbVar:nssv18329884;dbVar:nssv18330726;dbVar:nssv18329637;dbVar:nssv15149001;dbVar:nssv15146754;dbVar:nssv15145900;dbVar:nssv15145888;dbVar:nssv15132739;dbVar:nssv16867388;dbVar:nssv15135562;dbVar:nssv15134760;dbVar:nssv15137418;dbVar:nssv15136710;dbVar:nssv15137713;dbVar:nssv15146252;dbVar:nssv15150259;dbVar:nssv15122992;dbVar:nssv15133636;dbVar:nssv15131586;dbVar:nssv15135052;dbVar:nssv15133467;dbVar:nssv15136338;dbVar:nssv15136960;dbVar:nssv15133469;dbVar:nssv15133468;dbVar:nssv15120302;dbVar:nssv15119818;dbVar:nssv15605888;dbVar:nssv15148264;dbVar:nssv15132584;dbVar:nssv15152124;dbVar:nssv15137482;dbVar:nssv15136156;dbVar:nssv18842033;dbVar:nssv18329618;dbVar:nssv15124368;nssv15131715;dbVar:nssv15775992;dbVar:nssv18329121;dbVar:nssv18792106;dbVar:nssv18330994;dbVar:nssv15139666;dbVar:nssv15775944;dbVar:nssv15119732;morbid:ITPR1	3:36017-9307855;3:60002-8472742;3:61892-10104842;3:61892-10287825;3:61892-11263288;3:61892-12575409;3:61892-5167964;3:61892-6067006;3:61892-7032830;3:61892-7456866;3:61892-7486254;3:61892-7865381;3:61892-7875536;3:61892-8173161;3:61892-8269583;3:61892-8777555;3:61892-9403721;3:61892-9797094;3:61893-11679509;3:61893-9769457;3:61893-9899605;3:73915-10364808;3:73915-10672995;3:73915-11421309;3:73915-12722982;3:73915-5832807;3:73915-5940479;3:73915-6107686;3:73915-7098404;3:73915-9107971;3:73915-9511190;3:73915-9616678;3:93950-11131255;3:93950-4562686;3:93950-4869174;3:93950-5179947;3:93950-5427855;3:93950-6319291;3:93950-8623723;3:93950-9491994;3:94431-8412059;3:105527-4750470;3:105527-7019189;3:105527-8299796;3:105527-9549653;3:107777-5257572;3:730582-11092828;3:2026211-6894668;3:2930452-5953602;3:2933270-5953309;3:2962571-5902795;3:3669543-9937745;3:3718733-5377364;3:4134225-4665869;3:4276015-4643555;3:4333904-4652945;3:4403829-4887909;3:4416177-4609952;3:4513393-4573345;3:4513498-4612609;3:4522281-4835599;3:4535032-4889190	2.09;2.31;1.93;1.90;1.73;1.55;3.80;3.23;2.78;2.62;2.61;2.49;2.48;2.39;2.36;2.23;2.08;1.99;1.67;2.00;1.97;1.89;1.83;1.71;1.53;3.37;3.31;3.22;2.76;2.15;2.06;2.03;1.76;0.10;4.06;3.82;3.64;3.12;2.28;2.06;2.33;4.14;2.81;2.37;2.05;3.77;1.87;3.99;6.42;6.43;6.60;3.10;11.70;20.26;23.23;29.70;40.09;26.72;25.30;54.92;61.94;54.80	24	Gillespie_syndrome;Inborn_genetic_diseases;Neurodevelopmental_disorder;Spinocerebellar_ataxia_type_15/16;Spinocerebellar_ataxia_type_29;not_specified				dbVar	chr3:3018999-7816000	0.01				IMH	3:1200531-154949082	0.2020							chr3:4572751-4574182 dbVar;chr3:4584649-4593101 dbVar;chr3:4603717-4608871 dbVar;chr3:4629359-4629839 dbVar;chr3:4644511-4652138 dbVar;chr3:4648192-4648274 dbVar;chr3:4661276-4661396 dbVar;chr3:4667389-4668663 dbVar;chr3:4723332-4723807 dbVar;chr3:4572751-4574182 dbVar;chr3:4584649-4593101 dbVar;chr3:4603717-4608871 dbVar;chr3:4629359-4629839 dbVar;chr3:4644511-4652138 dbVar;chr3:4648192-4648274 dbVar;chr3:4661276-4661396 dbVar;chr3:4667389-4668663 dbVar;chr3:4723332-4723807 dbVar	chr3:3018999-7816000 dbVar;chr3:4583639-4585390 dbVar;chr3:4596767-4596971 dbVar;chr3:4620345-4629080 dbVar;chr3:4644503-4652150 dbVar;chr3:4644704-4649426 dbVar;chr3:4660002-4660064 dbVar;chr3:4666526-4667502 dbVar;chr3:4677150-4678277 dbVar;chr3:3018999-7816000 dbVar;chr3:4583639-4585390 dbVar;chr3:4596767-4596971 dbVar;chr3:4620345-4629080 dbVar;chr3:4644503-4652150 dbVar;chr3:4644704-4649426 dbVar;chr3:4660002-4660064 dbVar;chr3:4666526-4667502 dbVar;chr3:4677150-4678277 dbVar	0.385	0.440														1		9.28	1.72513951238694	0.253387244408508	0.753565178353284	-1.72235982582785	6.13165946034667							147265			yes		0	1.0000e+00	1.0000e+00	1.0	1A (cf Gene_count, RE_gene, +0.00);2A (cf P_loss_source, +1.00);3A (1 gene, +0.00);5F (+0.00)	5
3_4558177_4752241_DEL_1	3	4558177	4752241	-194065	CNV037	DEL	NA	split	p26.1	ITPR1				NM_001378452	1	4535031	4889190	194065	4990	60	yes	62	exon3-intron38	CDS	17	3'	4558176	4752241								dbVar:nssv18792107;dbVar:nssv18792108	3:4558177-4562798;3:4669428-4715091															24	Gillespie_syndrome;Inborn_genetic_diseases;Neurodevelopmental_disorder;Spinocerebellar_ataxia_type_15/16;Spinocerebellar_ataxia_type_29;not_specified				dbVar	chr3:3018999-7816000	0.01				IMH	3:1200531-154949082	0.2020																								1	0	9.28	1.72513951238694	0.253387244408508	0.753565178353284	-1.72235982582785	6.13165946034667	aniridia-cerebellar ataxia-intellectual disability syndrome;spinocerebellar ataxia type 15/16;spinocerebellar ataxia type 29	AD;AR	Definitive;Moderate;Strong;Supportive	17590087;20082166;20301536;21367767;21555639;22986007;22986007[PMID];25794864;27062503;27108797;27108797[PMID]_27108798[PMID];27108798;28620721;29169895;29196976;29925855;30242502;31340402;8279653;8538767;NULL	3708	HGNC:6180	147265	Gillespie syndrome, 206700 (3) AD,AR;Spinocerebellar ataxia 15, 606658 (3) AD;Spinocerebellar ataxia 29, congenital nonprogressive, 117360 (3) AD	AD;AD,AR	yes		0	1.0000e+00	1.0000e+00			full=5
3_4558177_4752241_DEL_1	3	4558177	4752241	-194065	CNV138	DEL	NA	full	p26.1	ITPR1	ITPR1-DT	EGOT	1																CRBN (morbid/RE=ABC_enhancer);SUMF1 (morbid/RE=ABC_enhancer+EA_enhancer);TRNT1 (morbid/RE=ABC_enhancer)							dbVar:nssv18792107;dbVar:nssv18792108	3:4558177-4562798;3:4669428-4715091							dbVar:nssv15162889;dbVar:nssv18329418;dbVar:nssv15164144;dbVar:nssv15162891;dbVar:nssv17969827;dbVar:nssv15151098;dbVar:nssv17969828;dbVar:nssv15149909;dbVar:nssv15149891;nssv15151839;dbVar:nssv15147419;dbVar:nssv15145877;dbVar:nssv15147393;dbVar:nssv15137454;dbVar:nssv15146217;dbVar:nssv15138418;dbVar:nssv15148928;dbVar:nssv15146372;dbVar:nssv15153450	3:60175-197948027;3:60932-10687964;3:61496-197838262;3:61496-4952779;3:61892-24432821;3:61892-33958201;3:61892-36710181;3:61892-37459464;3:61893-197851986;3:73915-13655318;3:73915-20375879;3:73915-30105699;3:73915-8206943;3:93950-37189567;3:93950-6007771;3:94992-41423012;3:105527-19552092;3:1897973-19519085	0.10;1.83;0.10;3.97;0.80;0.57;0.53;0.52;0.10;1.43;0.96;0.65;2.39;0.52;3.28;0.47;1.00;1.10	Gillespie syndrome, 206700 (3) AD,AR;Spinocerebellar ataxia 15, 606658 (3) AD;Spinocerebellar ataxia 29, congenital nonprogressive, 117360 (3) AD		dbVar:nssv15755197;dbVar:nssv17649920;dbVar:nssv15152731;dbVar:nssv16208718;dbVar:nssv15147539;dbVar:nssv15150631;dbVar:nssv15152726;dbVar:nssv15776382;dbVar:nssv15152727;dbVar:nssv15142083;dbVar:nssv15152728;dbVar:nssv15141456;dbVar:nssv15152729;dbVar:nssv15152730;dbVar:nssv15775973;nssv15775974;dbVar:nssv15150410;dbVar:nssv15139505;dbVar:nssv17969826;dbVar:nssv18329884;dbVar:nssv18330726;dbVar:nssv18329637;dbVar:nssv15149001;dbVar:nssv15146754;dbVar:nssv15145900;dbVar:nssv15145888;dbVar:nssv15132739;dbVar:nssv16867388;dbVar:nssv15135562;dbVar:nssv15134760;dbVar:nssv15137418;dbVar:nssv15136710;dbVar:nssv15137713;dbVar:nssv15146252;dbVar:nssv15150259;dbVar:nssv15122992;dbVar:nssv15133636;dbVar:nssv15131586;dbVar:nssv15135052;dbVar:nssv15133467;dbVar:nssv15136338;dbVar:nssv15136960;dbVar:nssv15133469;dbVar:nssv15133468;dbVar:nssv15120302;dbVar:nssv15119818;dbVar:nssv15605888;dbVar:nssv15148264;dbVar:nssv15132584;dbVar:nssv15152124;dbVar:nssv15137482;dbVar:nssv15136156;dbVar:nssv18842033;dbVar:nssv18329618;dbVar:nssv15124368;nssv15131715;dbVar:nssv15775992;dbVar:nssv18329121;dbVar:nssv18792106;dbVar:nssv18330994;dbVar:nssv15139666;dbVar:nssv15775944;dbVar:nssv15119732;morbid:ITPR1	3:36017-9307855;3:60002-8472742;3:61892-10104842;3:61892-10287825;3:61892-11263288;3:61892-12575409;3:61892-5167964;3:61892-6067006;3:61892-7032830;3:61892-7456866;3:61892-7486254;3:61892-7865381;3:61892-7875536;3:61892-8173161;3:61892-8269583;3:61892-8777555;3:61892-9403721;3:61892-9797094;3:61893-11679509;3:61893-9769457;3:61893-9899605;3:73915-10364808;3:73915-10672995;3:73915-11421309;3:73915-12722982;3:73915-5832807;3:73915-5940479;3:73915-6107686;3:73915-7098404;3:73915-9107971;3:73915-9511190;3:73915-9616678;3:93950-11131255;3:93950-4562686;3:93950-4869174;3:93950-5179947;3:93950-5427855;3:93950-6319291;3:93950-8623723;3:93950-9491994;3:94431-8412059;3:105527-4750470;3:105527-7019189;3:105527-8299796;3:105527-9549653;3:107777-5257572;3:730582-11092828;3:2026211-6894668;3:2930452-5953602;3:2933270-5953309;3:2962571-5902795;3:3669543-9937745;3:3718733-5377364;3:4134225-4665869;3:4276015-4643555;3:4333904-4652945;3:4403829-4887909;3:4416177-4609952;3:4513393-4573345;3:4513498-4612609;3:4522281-4835599;3:4535032-4889190	2.09;2.31;1.93;1.90;1.73;1.55;3.80;3.23;2.78;2.62;2.61;2.49;2.48;2.39;2.36;2.23;2.08;1.99;1.67;2.00;1.97;1.89;1.83;1.71;1.53;3.37;3.31;3.22;2.76;2.15;2.06;2.03;1.76;0.10;4.06;3.82;3.64;3.12;2.28;2.06;2.33;4.14;2.81;2.37;2.05;3.77;1.87;3.99;6.42;6.43;6.60;3.10;11.70;20.26;23.23;29.70;40.09;26.72;25.30;54.92;61.94;54.80	24	Gillespie_syndrome;Inborn_genetic_diseases;Neurodevelopmental_disorder;Spinocerebellar_ataxia_type_15/16;Spinocerebellar_ataxia_type_29;not_specified				dbVar	chr3:3018999-7816000	0.01				IMH	3:1200531-154949082	0.2020							chr3:4572751-4574182 dbVar;chr3:4584649-4593101 dbVar;chr3:4603717-4608871 dbVar;chr3:4629359-4629839 dbVar;chr3:4644511-4652138 dbVar;chr3:4648192-4648274 dbVar;chr3:4661276-4661396 dbVar;chr3:4667389-4668663 dbVar;chr3:4723332-4723807 dbVar;chr3:4572751-4574182 dbVar;chr3:4584649-4593101 dbVar;chr3:4603717-4608871 dbVar;chr3:4629359-4629839 dbVar;chr3:4644511-4652138 dbVar;chr3:4648192-4648274 dbVar;chr3:4661276-4661396 dbVar;chr3:4667389-4668663 dbVar;chr3:4723332-4723807 dbVar	chr3:3018999-7816000 dbVar;chr3:4583639-4585390 dbVar;chr3:4596767-4596971 dbVar;chr3:4620345-4629080 dbVar;chr3:4644503-4652150 dbVar;chr3:4644704-4649426 dbVar;chr3:4660002-4660064 dbVar;chr3:4666526-4667502 dbVar;chr3:4677150-4678277 dbVar;chr3:3018999-7816000 dbVar;chr3:4583639-4585390 dbVar;chr3:4596767-4596971 dbVar;chr3:4620345-4629080 dbVar;chr3:4644503-4652150 dbVar;chr3:4644704-4649426 dbVar;chr3:4660002-4660064 dbVar;chr3:4666526-4667502 dbVar;chr3:4677150-4678277 dbVar	0.385	0.440														1		9.28	1.72513951238694	0.253387244408508	0.753565178353284	-1.72235982582785	6.13165946034667							147265			yes		0	1.0000e+00	1.0000e+00	1.0	1A (cf Gene_count, RE_gene, +0.00);2A (cf P_loss_source, +1.00);3A (1 gene, +0.00);5F (+0.00)	5
3_4558177_4752241_DEL_1	3	4558177	4752241	-194065	CNV138	DEL	NA	split	p26.1	ITPR1				NM_001378452	1	4535031	4889190	194065	4990	60	yes	62	exon3-intron38	CDS	17	3'	4558176	4752241								dbVar:nssv18792107;dbVar:nssv18792108	3:4558177-4562798;3:4669428-4715091															24	Gillespie_syndrome;Inborn_genetic_diseases;Neurodevelopmental_disorder;Spinocerebellar_ataxia_type_15/16;Spinocerebellar_ataxia_type_29;not_specified				dbVar	chr3:3018999-7816000	0.01				IMH	3:1200531-154949082	0.2020																								1	0	9.28	1.72513951238694	0.253387244408508	0.753565178353284	-1.72235982582785	6.13165946034667	aniridia-cerebellar ataxia-intellectual disability syndrome;spinocerebellar ataxia type 15/16;spinocerebellar ataxia type 29	AD;AR	Definitive;Moderate;Strong;Supportive	17590087;20082166;20301536;21367767;21555639;22986007;22986007[PMID];25794864;27062503;27108797;27108797[PMID]_27108798[PMID];27108798;28620721;29169895;29196976;29925855;30242502;31340402;8279653;8538767;NULL	3708	HGNC:6180	147265	Gillespie syndrome, 206700 (3) AD,AR;Spinocerebellar ataxia 15, 606658 (3) AD;Spinocerebellar ataxia 29, congenital nonprogressive, 117360 (3) AD	AD;AD,AR	yes		0	1.0000e+00	1.0000e+00			full=5
6_5368795_5369464_DEL_1	6	5368795	5369464	-670	CNV006	DEL	NA	full	p25.1	FARS2	MIR3691	FARS2-AS1	1																							dbVar:nssv17171369;dbVar:nssv18788585	6:5368805-5369425;6:5368805-5369435							dbVar:nssv15166690;dbVar:nssv15132417;dbVar:nssv15166692;dbVar:nssv15138806;dbVar:nssv15150238;dbVar:nssv15136852;dbVar:nssv15137715;dbVar:nssv15139508;dbVar:nssv15139953;dbVar:nssv15154408;dbVar:nssv15154409;dbVar:nssv15772668;dbVar:nssv15161578;dbVar:nssv15161859;nssv15161868;dbVar:nssv15135449;dbVar:nssv15131978;dbVar:nssv15168255;dbVar:nssv15124407;nssv15153178;dbVar:nssv15133514;dbVar:nssv18786303;dbVar:nssv15151431;dbVar:nssv15148873	6:60108-171054786;6:106432-18360826;6:108667-170980171;6:152635-14417234;6:152635-15732394;6:152635-6027780;6:155808-17058645;6:156975-11551050;6:156975-13081433;6:156975-13502033;6:156975-21955964;6:156975-23221621;6:156975-46757028;6:156976-170919482;6:163084-9525729;6:164361-13340113;6:165633-170919470;6:168776-24023234;6:389424-13475188;6:820001-21700000;6:1860929-8884071;6:3224545-30624967	0.00;0.00;0.00;0.00;0.00;0.01;0.00;0.01;0.01;0.01;0.00;0.00;0.00;0.00;0.01;0.01;0.00;0.00;0.01;0.00;0.01;0.00	Combined oxidative phosphorylation deficiency 14, 614946 (3) AR;Spastic paraplegia 77, AR, 617046 (3) AR		dbVar:nssv15135893;dbVar:nssv15139184;dbVar:nssv15139679;dbVar:nssv15142299;dbVar:nssv15138353;dbVar:nssv15132439;dbVar:nssv15132039;dbVar:nssv15133559;dbVar:nssv15132182;dbVar:nssv15132440;dbVar:nssv15124398;dbVar:nssv15124411;dbVar:nssv15141973;dbVar:nssv15138988;dbVar:nssv15135266;dbVar:nssv15120610;dbVar:nssv15151432;dbVar:nssv18788584;dbVar:nssv18788586;dbVar:nssv17973396;morbid:FARS2;dbVar:nssv15131398;dbVar:nssv17973195;dbVar:nssv15124161;dbVar:nssv15130806;dbVar:nssv15131044;dbVar:nssv17171927;dbVar:nssv18788577	6:152635-6027780;6:152635-6290037;6:156975-13856156;6:156975-6417749;6:156975-7122992;6:163084-5875635;6:163084-6063033;6:164634-5823834;6:164634-6284470;6:165676-9036267;6:204010-11608587;6:204010-6447311;6:2109894-5962832;6:2862875-16698019;6:4069027-13268031;6:4427325-8391373;6:4990662-10358695;6:5109658-6320826;6:5216832-5431425;6:5260862-5369435;6:5261746-5771816;6:5262297-5395849;6:5339262-5404834;6:5354403-17950079;6:5368785-5369435;6:5368785-5431425;6:5368785-5545593;6:5368805-5404954	0.01;0.01;0.00;0.01;0.01;0.01;0.01;0.01;0.01;0.01;0.01;0.01;0.02;0.00;0.01;0.02;0.01;0.06;0.31;0.59;0.13;0.50;1.02;0.01;98.46;1.07;0.38;1.83	13	Combined_oxidative_phosphorylation_defect_type_14;FARS2-related_disorder;Global_developmental_delay;Hereditary_spastic_paraplegia_77;Inborn_genetic_diseases;Mitochondrial_encephalomyopathy				dbVar	chr6:5202489-5468071;chr6:5203001-5396844;chr6:5335938-5459824;chr6:5336068-5459694;chr6:5339260-5404834	0.01													chr6:5203001-5396844 dbVar;chr6:5336068-5459694 dbVar;chr6:5202489-5468071 dbVar;chr6:5335938-5459824 dbVar;chr6:5339260-5404834 dbVar	chr6:5202489-5468071 dbVar;chr6:5335938-5459824 dbVar;chr6:5339260-5404834 dbVar;chr6:5203001-5396844 dbVar;chr6:5336068-5459694 dbVar	0.525	0.440																44.7	-2.62354415217069	-0.670470126763945	-1.79433187624022	-0.699190871974202	0.0968043426751811							611592			yes		6	9.2964e-09	4.5415e-06	1.0	1A (cf Gene_count, RE_gene, +0.00);2A (cf P_loss_source, +1.00);3A (1 gene, +0.00);5F (+0.00)	5
6_5368795_5369464_DEL_1	6	5368795	5369464	-670	CNV006	DEL	NA	split	p25.1	FARS2				NM_001318872	2	5261239	5771816	670	612	45	no	7	exon2-intron2	5'UTR-CDS	12	3'	5368794	5369464								dbVar:nssv17171369;dbVar:nssv18788585	6:5368805-5369425;6:5368805-5369435															13	Combined_oxidative_phosphorylation_defect_type_14;FARS2-related_disorder;Global_developmental_delay;Hereditary_spastic_paraplegia_77;Inborn_genetic_diseases;Mitochondrial_encephalomyopathy				dbVar	chr6:5202489-5468071;chr6:5203001-5396844;chr6:5335938-5459824;chr6:5336068-5459694;chr6:5339260-5404834	0.01																														30	0	44.7	-2.62354415217069	-0.670470126763945	-1.79433187624022	-0.699190871974202	0.0968043426751811	Leigh syndrome;combined oxidative phosphorylation defect type 14;hereditary spastic paraplegia 77	AR	Limited;Moderate;Strong;Supportive	22499341;22499341[PMID];22833457;25851414;26553276;26553276[PMID];27549011;27652284;29126765	10667	HGNC:21062	611592	Combined oxidative phosphorylation deficiency 14, 614946 (3) AR;Spastic paraplegia 77, AR, 617046 (3) AR	AR	yes		6	9.2964e-09	4.5415e-06			full=5
6_5368795_5369464_DEL_1	6	5368795	5369464	-670	CNV139	DEL	NA	full	p25.1	FARS2	MIR3691	FARS2-AS1	1																							dbVar:nssv17171369;dbVar:nssv18788585	6:5368805-5369425;6:5368805-5369435							dbVar:nssv15166690;dbVar:nssv15132417;dbVar:nssv15166692;dbVar:nssv15138806;dbVar:nssv15150238;dbVar:nssv15136852;dbVar:nssv15137715;dbVar:nssv15139508;dbVar:nssv15139953;dbVar:nssv15154408;dbVar:nssv15154409;dbVar:nssv15772668;dbVar:nssv15161578;dbVar:nssv15161859;nssv15161868;dbVar:nssv15135449;dbVar:nssv15131978;dbVar:nssv15168255;dbVar:nssv15124407;nssv15153178;dbVar:nssv15133514;dbVar:nssv18786303;dbVar:nssv15151431;dbVar:nssv15148873	6:60108-171054786;6:106432-18360826;6:108667-170980171;6:152635-14417234;6:152635-15732394;6:152635-6027780;6:155808-17058645;6:156975-11551050;6:156975-13081433;6:156975-13502033;6:156975-21955964;6:156975-23221621;6:156975-46757028;6:156976-170919482;6:163084-9525729;6:164361-13340113;6:165633-170919470;6:168776-24023234;6:389424-13475188;6:820001-21700000;6:1860929-8884071;6:3224545-30624967	0.00;0.00;0.00;0.00;0.00;0.01;0.00;0.01;0.01;0.01;0.00;0.00;0.00;0.00;0.01;0.01;0.00;0.00;0.01;0.00;0.01;0.00	Combined oxidative phosphorylation deficiency 14, 614946 (3) AR;Spastic paraplegia 77, AR, 617046 (3) AR		dbVar:nssv15135893;dbVar:nssv15139184;dbVar:nssv15139679;dbVar:nssv15142299;dbVar:nssv15138353;dbVar:nssv15132439;dbVar:nssv15132039;dbVar:nssv15133559;dbVar:nssv15132182;dbVar:nssv15132440;dbVar:nssv15124398;dbVar:nssv15124411;dbVar:nssv15141973;dbVar:nssv15138988;dbVar:nssv15135266;dbVar:nssv15120610;dbVar:nssv15151432;dbVar:nssv18788584;dbVar:nssv18788586;dbVar:nssv17973396;morbid:FARS2;dbVar:nssv15131398;dbVar:nssv17973195;dbVar:nssv15124161;dbVar:nssv15130806;dbVar:nssv15131044;dbVar:nssv17171927;dbVar:nssv18788577	6:152635-6027780;6:152635-6290037;6:156975-13856156;6:156975-6417749;6:156975-7122992;6:163084-5875635;6:163084-6063033;6:164634-5823834;6:164634-6284470;6:165676-9036267;6:204010-11608587;6:204010-6447311;6:2109894-5962832;6:2862875-16698019;6:4069027-13268031;6:4427325-8391373;6:4990662-10358695;6:5109658-6320826;6:5216832-5431425;6:5260862-5369435;6:5261746-5771816;6:5262297-5395849;6:5339262-5404834;6:5354403-17950079;6:5368785-5369435;6:5368785-5431425;6:5368785-5545593;6:5368805-5404954	0.01;0.01;0.00;0.01;0.01;0.01;0.01;0.01;0.01;0.01;0.01;0.01;0.02;0.00;0.01;0.02;0.01;0.06;0.31;0.59;0.13;0.50;1.02;0.01;98.46;1.07;0.38;1.83	13	Combined_oxidative_phosphorylation_defect_type_14;FARS2-related_disorder;Global_developmental_delay;Hereditary_spastic_paraplegia_77;Inborn_genetic_diseases;Mitochondrial_encephalomyopathy				dbVar	chr6:5202489-5468071;chr6:5203001-5396844;chr6:5335938-5459824;chr6:5336068-5459694;chr6:5339260-5404834	0.01													chr6:5203001-5396844 dbVar;chr6:5336068-5459694 dbVar;chr6:5202489-5468071 dbVar;chr6:5335938-5459824 dbVar;chr6:5339260-5404834 dbVar	chr6:5202489-5468071 dbVar;chr6:5335938-5459824 dbVar;chr6:5339260-5404834 dbVar;chr6:5203001-5396844 dbVar;chr6:5336068-5459694 dbVar	0.525	0.440																44.7	-2.62354415217069	-0.670470126763945	-1.79433187624022	-0.699190871974202	0.0968043426751811							611592			yes		6	9.2964e-09	4.5415e-06	1.0	1A (cf Gene_count, RE_gene, +0.00);2A (cf P_loss_source, +1.00);3A (1 gene, +0.00);5F (+0.00)	5
6_5368795_5369464_DEL_1	6	5368795	5369464	-670	CNV139	DEL	NA	split	p25.1	FARS2				NM_001318872	2	5261239	5771816	670	612	45	no	7	exon2-intron2	5'UTR-CDS	12	3'	5368794	5369464								dbVar:nssv17171369;dbVar:nssv18788585	6:5368805-5369425;6:5368805-5369435															13	Combined_oxidative_phosphorylation_defect_type_14;FARS2-related_disorder;Global_developmental_delay;Hereditary_spastic_paraplegia_77;Inborn_genetic_diseases;Mitochondrial_encephalomyopathy				dbVar	chr6:5202489-5468071;chr6:5203001-5396844;chr6:5335938-5459824;chr6:5336068-5459694;chr6:5339260-5404834	0.01																														30	0	44.7	-2.62354415217069	-0.670470126763945	-1.79433187624022	-0.699190871974202	0.0968043426751811	Leigh syndrome;combined oxidative phosphorylation defect type 14;hereditary spastic paraplegia 77	AR	Limited;Moderate;Strong;Supportive	22499341;22499341[PMID];22833457;25851414;26553276;26553276[PMID];27549011;27652284;29126765	10667	HGNC:21062	611592	Combined oxidative phosphorylation deficiency 14, 614946 (3) AR;Spastic paraplegia 77, AR, 617046 (3) AR	AR	yes		6	9.2964e-09	4.5415e-06			full=5
6_162394233_162394462_DUP_1	6	162394233	162394462	230	CNV041	DUP	NA	full	q26	PRKN	LOC105378098	PACRG	1																			dbVar:nssv16214305	6:162394325-162394459			dbVar:nssv16213979	6:162394325-162394459							dbVar:nssv15166690;dbVar:nssv15166692;dbVar:nssv15161859;nssv15161868;dbVar:nssv15168255;dbVar:nssv15149005;dbVar:nssv15145653;dbVar:nssv15166017;dbVar:nssv15149389;dbVar:nssv15146031;dbVar:nssv15166039;dbVar:nssv15151460;dbVar:nssv16212185;dbVar:nssv17970180;dbVar:nssv15144378;dbVar:nssv17973564;dbVar:nssv17172526;dbVar:nssv16211783;dbVar:nssv17173254	6:60108-171054786;6:108667-170980171;6:156976-170919482;6:165633-170919470;6:133858410-166289033;6:141454128-169739666;6:150284436-170919470;6:151214793-170892243;6:152697474-170921089;6:159155999-171054786;6:159844763-170919482;6:162206795-162475216;6:162212865-170919482;6:162394315-162475226;6:162394315-162683817;6:162394325-162475216;6:162394325-162622294;6:162394383-162622150	0.00;0.00;0.00;0.00;0.00;0.00;0.00;0.00;0.00;0.00;0.00;0.09;0.00;0.18;0.05;0.17;0.06;0.04	Adenocarcinoma of lung, somatic, 211980 (3);Ovarian cancer, somatic, 167000 (3);Parkinson disease, juvenile, type 2, 600116 (3) AR		dbVar:nssv15148932;dbVar:nssv17970168;dbVar:nssv15146401;dbVar:nssv15148121;dbVar:nssv15147384;dbVar:nssv18326414;dbVar:nssv18787894;nssv18787895;dbVar:nssv17976864;dbVar:nssv15132184;dbVar:nssv8639306;dbVar:nssv15133564;dbVar:nssv15137582;dbVar:nssv15132185;dbVar:nssv15133344;dbVar:nssv17970179;dbVar:nssv8639428;dbVar:nssv15138918;morbid:PRKN;dbVar:nssv18841923;dbVar:nssv17173255;dbVar:nssv15131015;nssv17172944;dbVar:nssv15120154;dbVar:nssv17173320;dbVar:nssv15145244;dbVar:nssv15145490;dbVar:nssv17970181;dbVar:nssv15145491;dbVar:nssv17975062;dbVar:nssv17971224;dbVar:nssv18789873;dbVar:nssv17955903;dbVar:nssv17173253	6:153114538-170919482;6:153207931-164322346;6:154439194-170911240;6:154860790-171023595;6:155699184-163554531;6:157318402-165233548;6:158532399-162868359;6:159121460-170919482;6:159875672-170921089;6:159910480-170831088;6:160246946-170921089;6:160336423-171023595;6:160780719-170917906;6:160905843-170921099;6:161047874-170919482;6:161071094-171055067;6:161320931-170919482;6:161768449-163148798;6:161770315-170893878;6:161990425-162394320;6:162206785-162394469;6:162206805-162683797;6:162206901-162622150;6:162237428-162439900;6:162354718-162480606;6:162381976-170919482;6:162387383-162713525;6:162394315-162394469;6:162394315-162683817;6:162394315-162864525;6:162394335-162622284;6:162394383-162622150	0.00;0.00;0.00;0.00;0.00;0.00;0.01;0.00;0.00;0.00;0.00;0.00;0.00;0.00;0.00;0.00;0.00;0.02;0.00;0.02;0.12;0.05;0.06;0.11;0.18;0.00;0.07;95.48;0.05;0.03;0.06;0.04	3	Autosomal_recessive_juvenile_Parkinson_disease_2;Lung_cancer;Ovarian_cancer;Ovarian_neoplasm;Young-onset_Parkinson_disease				dbVar	chr6:162168587-162623384	0.01													chr6:162168587-162623384 dbVar	chr6:162168587-162623384 dbVar	0.430	0.405																												602544			yes					1.0	1A (cf Gene_count, RE_gene, +0.00);2A (cf P_gain_source, +1.00);3A (1 gene, +0.00);5F (+0.00)	5
6_162394233_162394462_DUP_1	6	162394233	162394462	230	CNV041	DUP	NA	split	q26	PRKN				NM_004562	3	161768448	163148798	230	116	8	yes	12	intron5-intron6	CDS	13	3'	162394232	162394462				dbVar:nssv16214305	6:162394325-162394459			dbVar:nssv16213979	6:162394325-162394459															3	Autosomal_recessive_juvenile_Parkinson_disease_2;Lung_cancer;Ovarian_cancer;Ovarian_neoplasm;Young-onset_Parkinson_disease				dbVar	chr6:162168587-162623384	0.01																														30	0							Parkinson disease;autosomal recessive juvenile Parkinson disease 2;young-onset Parkinson disease	AR	Definitive;Strong;Supportive	22166458[PMID]	5071	HGNC:8607	602544	Adenocarcinoma of lung, somatic, 211980 (3);Ovarian cancer, somatic, 167000 (3);Parkinson disease, juvenile, type 2, 600116 (3) AR	AR	yes							full=5
6_162394233_162394462_DUP_1	6	162394233	162394462	230	CNV105	DUP	NA	full	q26	PRKN	LOC105378098	PACRG	1																			dbVar:nssv16214305	6:162394325-162394459			dbVar:nssv16213979	6:162394325-162394459							dbVar:nssv15166690;dbVar:nssv15166692;dbVar:nssv15161859;nssv15161868;dbVar:nssv15168255;dbVar:nssv15149005;dbVar:nssv15145653;dbVar:nssv15166017;dbVar:nssv15149389;dbVar:nssv15146031;dbVar:nssv15166039;dbVar:nssv15151460;dbVar:nssv16212185;dbVar:nssv17970180;dbVar:nssv15144378;dbVar:nssv17973564;dbVar:nssv17172526;dbVar:nssv16211783;dbVar:nssv17173254	6:60108-171054786;6:108667-170980171;6:156976-170919482;6:165633-170919470;6:133858410-166289033;6:141454128-169739666;6:150284436-170919470;6:151214793-170892243;6:152697474-170921089;6:159155999-171054786;6:159844763-170919482;6:162206795-162475216;6:162212865-170919482;6:162394315-162475226;6:162394315-162683817;6:162394325-162475216;6:162394325-162622294;6:162394383-162622150	0.00;0.00;0.00;0.00;0.00;0.00;0.00;0.00;0.00;0.00;0.00;0.09;0.00;0.18;0.05;0.17;0.06;0.04	Adenocarcinoma of lung, somatic, 211980 (3);Ovarian cancer, somatic, 167000 (3);Parkinson disease, juvenile, type 2, 600116 (3) AR		dbVar:nssv15148932;dbVar:nssv17970168;dbVar:nssv15146401;dbVar:nssv15148121;dbVar:nssv15147384;dbVar:nssv18326414;dbVar:nssv18787894;nssv18787895;dbVar:nssv17976864;dbVar:nssv15132184;dbVar:nssv8639306;dbVar:nssv15133564;dbVar:nssv15137582;dbVar:nssv15132185;dbVar:nssv15133344;dbVar:nssv17970179;dbVar:nssv8639428;dbVar:nssv15138918;morbid:PRKN;dbVar:nssv18841923;dbVar:nssv17173255;dbVar:nssv15131015;nssv17172944;dbVar:nssv15120154;dbVar:nssv17173320;dbVar:nssv15145244;dbVar:nssv15145490;dbVar:nssv17970181;dbVar:nssv15145491;dbVar:nssv17975062;dbVar:nssv17971224;dbVar:nssv18789873;dbVar:nssv17955903;dbVar:nssv17173253	6:153114538-170919482;6:153207931-164322346;6:154439194-170911240;6:154860790-171023595;6:155699184-163554531;6:157318402-165233548;6:158532399-162868359;6:159121460-170919482;6:159875672-170921089;6:159910480-170831088;6:160246946-170921089;6:160336423-171023595;6:160780719-170917906;6:160905843-170921099;6:161047874-170919482;6:161071094-171055067;6:161320931-170919482;6:161768449-163148798;6:161770315-170893878;6:161990425-162394320;6:162206785-162394469;6:162206805-162683797;6:162206901-162622150;6:162237428-162439900;6:162354718-162480606;6:162381976-170919482;6:162387383-162713525;6:162394315-162394469;6:162394315-162683817;6:162394315-162864525;6:162394335-162622284;6:162394383-162622150	0.00;0.00;0.00;0.00;0.00;0.00;0.01;0.00;0.00;0.00;0.00;0.00;0.00;0.00;0.00;0.00;0.00;0.02;0.00;0.02;0.12;0.05;0.06;0.11;0.18;0.00;0.07;95.48;0.05;0.03;0.06;0.04	3	Autosomal_recessive_juvenile_Parkinson_disease_2;Lung_cancer;Ovarian_cancer;Ovarian_neoplasm;Young-onset_Parkinson_disease				dbVar	chr6:162168587-162623384	0.01													chr6:162168587-162623384 dbVar	chr6:162168587-162623384 dbVar	0.430	0.405																												602544			yes					1.0	1A (cf Gene_count, RE_gene, +0.00);2A (cf P_gain_source, +1.00);3A (1 gene, +0.00);5F (+0.00)	5
6_162394233_162394462_DUP_1	6	162394233	162394462	230	CNV105	DUP	NA	split	q26	PRKN				NM_004562	3	161768448	163148798	230	116	8	yes	12	intron5-intron6	CDS	13	3'	162394232	162394462				dbVar:nssv16214305	6:162394325-162394459			dbVar:nssv16213979	6:162394325-162394459															3	Autosomal_recessive_juvenile_Parkinson_disease_2;Lung_cancer;Ovarian_cancer;Ovarian_neoplasm;Young-onset_Parkinson_disease				dbVar	chr6:162168587-162623384	0.01																														30	0							Parkinson disease;autosomal recessive juvenile Parkinson disease 2;young-onset Parkinson disease	AR	Definitive;Strong;Supportive	22166458[PMID]	5071	HGNC:8607	602544	Adenocarcinoma of lung, somatic, 211980 (3);Ovarian cancer, somatic, 167000 (3);Parkinson disease, juvenile, type 2, 600116 (3) AR	AR	yes							full=5
6_162394233_162475244_DEL_1	6	162394233	162475244	-81012	CNV018	DEL	NA	full	q26	PRKN	LOC105378098	PACRG	1																			dbVar:nssv15144378;dbVar:nssv16214305;dbVar:nssv17172526	6:162394315-162475226;6:162394325-162394459;6:162394325-162475216			dbVar:nssv15128559;dbVar:nssv16213979;dbVar:nssv17975062	6:162394315-162394469;6:162394325-162394459;6:162475124-162475206							dbVar:nssv15166690;dbVar:nssv15166692;dbVar:nssv15161859;nssv15161868;dbVar:nssv15168255;dbVar:nssv15149005;dbVar:nssv15145653;dbVar:nssv15166017;dbVar:nssv15149389;dbVar:nssv15146031;dbVar:nssv15166039;dbVar:nssv15151460;dbVar:nssv16212185;dbVar:nssv17970180;dbVar:nssv17973564;dbVar:nssv16211783;dbVar:nssv17173254;dbVar:nssv17173298	6:60108-171054786;6:108667-170980171;6:156976-170919482;6:165633-170919470;6:133858410-166289033;6:141454128-169739666;6:150284436-170919470;6:151214793-170892243;6:152697474-170921089;6:159155999-171054786;6:159844763-170919482;6:162206795-162475216;6:162212865-170919482;6:162394315-162683817;6:162394325-162622294;6:162394383-162622150;6:162475158-162864400	0.05;0.05;0.05;0.05;0.25;0.29;0.39;0.41;0.44;0.68;0.73;30.17;0.93;27.95;35.50;35.50;0.02	Adenocarcinoma of lung, somatic, 211980 (3);Ovarian cancer, somatic, 167000 (3);Parkinson disease, juvenile, type 2, 600116 (3) AR		dbVar:nssv15148932;dbVar:nssv17970168;dbVar:nssv15146401;dbVar:nssv15148121;dbVar:nssv15147384;dbVar:nssv18326414;dbVar:nssv18787894;nssv18787895;dbVar:nssv17976864;dbVar:nssv15132184;dbVar:nssv8639306;dbVar:nssv15133564;dbVar:nssv15137582;dbVar:nssv15132185;dbVar:nssv15133344;dbVar:nssv17970179;dbVar:nssv8639428;dbVar:nssv15138918;morbid:PRKN;dbVar:nssv18841923;dbVar:nssv17173255;dbVar:nssv15131015;nssv17172944;dbVar:nssv15120154;dbVar:nssv17173320;dbVar:nssv15145244;dbVar:nssv15145490;dbVar:nssv17970181;dbVar:nssv15145491;dbVar:nssv17971224;dbVar:nssv18789873;dbVar:nssv17955903;dbVar:nssv17173253;dbVar:nssv15145492;dbVar:nssv16208100;dbVar:nssv15145050;dbVar:nssv15145493;dbVar:nssv15132186;dbVar:nssv17955915;dbVar:nssv17172943;dbVar:nssv17173252	6:153114538-170919482;6:153207931-164322346;6:154439194-170911240;6:154860790-171023595;6:155699184-163554531;6:157318402-165233548;6:158532399-162868359;6:159121460-170919482;6:159875672-170921089;6:159910480-170831088;6:160246946-170921089;6:160336423-171023595;6:160780719-170917906;6:160905843-170921099;6:161047874-170919482;6:161071094-171055067;6:161320931-170919482;6:161768449-163148798;6:161770315-170893878;6:161990425-162394320;6:162206785-162394469;6:162206805-162683797;6:162206901-162622150;6:162237428-162439900;6:162354718-162480606;6:162381976-170919482;6:162387383-162713525;6:162394315-162683817;6:162394315-162864525;6:162394335-162622284;6:162394383-162622150;6:162403233-162744352;6:162452036-170919482;6:162456906-162616220;6:162457164-162612747;6:162463879-170917906;6:162474786-162475494;6:162475114-162864519;6:162475158-162683576	0.45;0.73;0.49;0.50;1.03;1.02;1.87;0.69;0.73;0.74;0.76;0.76;0.80;0.81;0.82;0.81;0.84;5.87;0.89;0.02;0.13;16.98;19.51;22.56;64.35;0.95;24.84;27.95;17.21;35.49;35.50;21.11;0.27;11.51;11.62;0.13;64.74;0.03;0.04	6	Autosomal_recessive_juvenile_Parkinson_disease_2;Lung_adenocarcinoma;Lung_cancer;Ovarian_cancer;Ovarian_neoplasm;Young-onset_Parkinson_disease				dbVar	chr6:162168587-162623384	0.01													chr6:162396011-162396173 dbVar;6:162403247-162404952 esv2677384;6:162403263-162404952 gnomAD-SV_v2.1_DEL_6_76193;chr6:162417032-162417342 dbVar;chr6:162429876-162432229 dbVar;chr6:162431227-162431316 dbVar;chr6:162431433-162438590 dbVar;chr6:162432363-162432526 dbVar;chr6:162433057-162758123 dbVar;chr6:162168587-162623384 dbVar;chr6:162397147-162398748 dbVar;chr6:162403263-162404952 dbVar;chr6:162414385-162432577 dbVar;chr6:162424429-162429818 dbVar;chr6:162430904-162433541 dbVar;chr6:162431420-162431521 dbVar;chr6:162431471-162432158 dbVar;6:162432363-162432526 gnomAD-SV_v2.1_DEL_6_76205;chr6:162469734-162472966 dbVar	chr6:162168587-162623384 dbVar;chr6:162397147-162398748 dbVar;chr6:162403263-162404952 dbVar;chr6:162414385-162432577 dbVar;chr6:162424429-162429818 dbVar;chr6:162430904-162433541 dbVar;chr6:162431420-162431521 dbVar;chr6:162431471-162432158 dbVar;6:162432363-162432526 gnomAD-SV_v2.1_DEL_6_76205;chr6:162469734-162472966 dbVar;chr6:162396011-162396173 dbVar;6:162403247-162404952 esv2677384;6:162403263-162404952 gnomAD-SV_v2.1_DEL_6_76193;chr6:162417032-162417342 dbVar;chr6:162429876-162432229 dbVar;chr6:162431227-162431316 dbVar;chr6:162431433-162438590 dbVar;chr6:162432363-162432526 dbVar;chr6:162433057-162758123 dbVar	0.430	0.355			6:162475316-162475428	Charlie1a																								602544			yes					1.0	1A (cf Gene_count, RE_gene, +0.00);2A (cf P_loss_source, +1.00);3A (1 gene, +0.00);5F (+0.00)	5
6_162394233_162475244_DEL_1	6	162394233	162475244	-81012	CNV018	DEL	NA	split	q26	PRKN				NM_004562	3	161768448	163148798	81012	200	14	yes	12	intron4-intron6	CDS	38	3'	162394232	162475244				dbVar:nssv15144378;dbVar:nssv16214305;dbVar:nssv17172526	6:162394315-162475226;6:162394325-162394459;6:162394325-162475216			dbVar:nssv15128559;dbVar:nssv16213979;dbVar:nssv17975062	6:162394315-162394469;6:162394325-162394459;6:162475124-162475206															6	Autosomal_recessive_juvenile_Parkinson_disease_2;Lung_adenocarcinoma;Lung_cancer;Ovarian_cancer;Ovarian_neoplasm;Young-onset_Parkinson_disease				dbVar	chr6:162168587-162623384	0.01																														30	0							Parkinson disease;autosomal recessive juvenile Parkinson disease 2;young-onset Parkinson disease	AR	Definitive;Strong;Supportive	22166458[PMID]	5071	HGNC:8607	602544	Adenocarcinoma of lung, somatic, 211980 (3);Ovarian cancer, somatic, 167000 (3);Parkinson disease, juvenile, type 2, 600116 (3) AR	AR	yes							full=5
6_162394233_162475244_DEL_1	6	162394233	162475244	-81012	CNV104	DEL	NA	full	q26	PRKN	LOC105378098	PACRG	1																			dbVar:nssv15144378;dbVar:nssv16214305;dbVar:nssv17172526	6:162394315-162475226;6:162394325-162394459;6:162394325-162475216			dbVar:nssv15128559;dbVar:nssv16213979;dbVar:nssv17975062	6:162394315-162394469;6:162394325-162394459;6:162475124-162475206							dbVar:nssv15166690;dbVar:nssv15166692;dbVar:nssv15161859;nssv15161868;dbVar:nssv15168255;dbVar:nssv15149005;dbVar:nssv15145653;dbVar:nssv15166017;dbVar:nssv15149389;dbVar:nssv15146031;dbVar:nssv15166039;dbVar:nssv15151460;dbVar:nssv16212185;dbVar:nssv17970180;dbVar:nssv17973564;dbVar:nssv16211783;dbVar:nssv17173254;dbVar:nssv17173298	6:60108-171054786;6:108667-170980171;6:156976-170919482;6:165633-170919470;6:133858410-166289033;6:141454128-169739666;6:150284436-170919470;6:151214793-170892243;6:152697474-170921089;6:159155999-171054786;6:159844763-170919482;6:162206795-162475216;6:162212865-170919482;6:162394315-162683817;6:162394325-162622294;6:162394383-162622150;6:162475158-162864400	0.05;0.05;0.05;0.05;0.25;0.29;0.39;0.41;0.44;0.68;0.73;30.17;0.93;27.95;35.50;35.50;0.02	Adenocarcinoma of lung, somatic, 211980 (3);Ovarian cancer, somatic, 167000 (3);Parkinson disease, juvenile, type 2, 600116 (3) AR		dbVar:nssv15148932;dbVar:nssv17970168;dbVar:nssv15146401;dbVar:nssv15148121;dbVar:nssv15147384;dbVar:nssv18326414;dbVar:nssv18787894;nssv18787895;dbVar:nssv17976864;dbVar:nssv15132184;dbVar:nssv8639306;dbVar:nssv15133564;dbVar:nssv15137582;dbVar:nssv15132185;dbVar:nssv15133344;dbVar:nssv17970179;dbVar:nssv8639428;dbVar:nssv15138918;morbid:PRKN;dbVar:nssv18841923;dbVar:nssv17173255;dbVar:nssv15131015;nssv17172944;dbVar:nssv15120154;dbVar:nssv17173320;dbVar:nssv15145244;dbVar:nssv15145490;dbVar:nssv17970181;dbVar:nssv15145491;dbVar:nssv17971224;dbVar:nssv18789873;dbVar:nssv17955903;dbVar:nssv17173253;dbVar:nssv15145492;dbVar:nssv16208100;dbVar:nssv15145050;dbVar:nssv15145493;dbVar:nssv15132186;dbVar:nssv17955915;dbVar:nssv17172943;dbVar:nssv17173252	6:153114538-170919482;6:153207931-164322346;6:154439194-170911240;6:154860790-171023595;6:155699184-163554531;6:157318402-165233548;6:158532399-162868359;6:159121460-170919482;6:159875672-170921089;6:159910480-170831088;6:160246946-170921089;6:160336423-171023595;6:160780719-170917906;6:160905843-170921099;6:161047874-170919482;6:161071094-171055067;6:161320931-170919482;6:161768449-163148798;6:161770315-170893878;6:161990425-162394320;6:162206785-162394469;6:162206805-162683797;6:162206901-162622150;6:162237428-162439900;6:162354718-162480606;6:162381976-170919482;6:162387383-162713525;6:162394315-162683817;6:162394315-162864525;6:162394335-162622284;6:162394383-162622150;6:162403233-162744352;6:162452036-170919482;6:162456906-162616220;6:162457164-162612747;6:162463879-170917906;6:162474786-162475494;6:162475114-162864519;6:162475158-162683576	0.45;0.73;0.49;0.50;1.03;1.02;1.87;0.69;0.73;0.74;0.76;0.76;0.80;0.81;0.82;0.81;0.84;5.87;0.89;0.02;0.13;16.98;19.51;22.56;64.35;0.95;24.84;27.95;17.21;35.49;35.50;21.11;0.27;11.51;11.62;0.13;64.74;0.03;0.04	6	Autosomal_recessive_juvenile_Parkinson_disease_2;Lung_adenocarcinoma;Lung_cancer;Ovarian_cancer;Ovarian_neoplasm;Young-onset_Parkinson_disease				dbVar	chr6:162168587-162623384	0.01													chr6:162396011-162396173 dbVar;6:162403247-162404952 esv2677384;6:162403263-162404952 gnomAD-SV_v2.1_DEL_6_76193;chr6:162417032-162417342 dbVar;chr6:162429876-162432229 dbVar;chr6:162431227-162431316 dbVar;chr6:162431433-162438590 dbVar;chr6:162432363-162432526 dbVar;chr6:162433057-162758123 dbVar;chr6:162168587-162623384 dbVar;chr6:162397147-162398748 dbVar;chr6:162403263-162404952 dbVar;chr6:162414385-162432577 dbVar;chr6:162424429-162429818 dbVar;chr6:162430904-162433541 dbVar;chr6:162431420-162431521 dbVar;chr6:162431471-162432158 dbVar;6:162432363-162432526 gnomAD-SV_v2.1_DEL_6_76205;chr6:162469734-162472966 dbVar	chr6:162168587-162623384 dbVar;chr6:162397147-162398748 dbVar;chr6:162403263-162404952 dbVar;chr6:162414385-162432577 dbVar;chr6:162424429-162429818 dbVar;chr6:162430904-162433541 dbVar;chr6:162431420-162431521 dbVar;chr6:162431471-162432158 dbVar;6:162432363-162432526 gnomAD-SV_v2.1_DEL_6_76205;chr6:162469734-162472966 dbVar;chr6:162396011-162396173 dbVar;6:162403247-162404952 esv2677384;6:162403263-162404952 gnomAD-SV_v2.1_DEL_6_76193;chr6:162417032-162417342 dbVar;chr6:162429876-162432229 dbVar;chr6:162431227-162431316 dbVar;chr6:162431433-162438590 dbVar;chr6:162432363-162432526 dbVar;chr6:162433057-162758123 dbVar	0.430	0.355			6:162475316-162475428	Charlie1a																								602544			yes					1.0	1A (cf Gene_count, RE_gene, +0.00);2A (cf P_loss_source, +1.00);3A (1 gene, +0.00);5F (+0.00)	5
6_162394233_162475244_DEL_1	6	162394233	162475244	-81012	CNV104	DEL	NA	split	q26	PRKN				NM_004562	3	161768448	163148798	81012	200	14	yes	12	intron4-intron6	CDS	38	3'	162394232	162475244				dbVar:nssv15144378;dbVar:nssv16214305;dbVar:nssv17172526	6:162394315-162475226;6:162394325-162394459;6:162394325-162475216			dbVar:nssv15128559;dbVar:nssv16213979;dbVar:nssv17975062	6:162394315-162394469;6:162394325-162394459;6:162475124-162475206															6	Autosomal_recessive_juvenile_Parkinson_disease_2;Lung_adenocarcinoma;Lung_cancer;Ovarian_cancer;Ovarian_neoplasm;Young-onset_Parkinson_disease				dbVar	chr6:162168587-162623384	0.01																														30	0							Parkinson disease;autosomal recessive juvenile Parkinson disease 2;young-onset Parkinson disease	AR	Definitive;Strong;Supportive	22166458[PMID]	5071	HGNC:8607	602544	Adenocarcinoma of lung, somatic, 211980 (3);Ovarian cancer, somatic, 167000 (3);Parkinson disease, juvenile, type 2, 600116 (3) AR	AR	yes							full=5
6_162394233_162622319_DEL_1	6	162394233	162622319	-228087	CNV017	DEL	NA	full	q26	PRKN	LOC105378098	PACRG	1																			dbVar:nssv15144378;dbVar:nssv16211783;dbVar:nssv16214305;dbVar:nssv17059203;dbVar:nssv17172526;dbVar:nssv17173254	6:162394315-162475226;6:162394325-162394459;6:162394325-162475216;6:162394325-162622294;6:162394383-162622150;6:162622144-162622304			dbVar:nssv15120155;dbVar:nssv15128559;dbVar:nssv15130828;nssv17970392;dbVar:nssv15145050;dbVar:nssv15145493;dbVar:nssv16211947;dbVar:nssv16213979;dbVar:nssv17173253;dbVar:nssv17955903;dbVar:nssv17955915;dbVar:nssv17975062	6:162394315-162394469;6:162394325-162394459;6:162394335-162622284;6:162394383-162622150;6:162456906-162616220;6:162457164-162612747;6:162474786-162475494;6:162475124-162475206;6:162622144-162622304;6:162622154-162622294;6:162622164-162622284							dbVar:nssv15166690;dbVar:nssv15166692;dbVar:nssv15161859;nssv15161868;dbVar:nssv15168255;dbVar:nssv15149005;dbVar:nssv15145653;dbVar:nssv15166017;dbVar:nssv15149389;dbVar:nssv15146031;dbVar:nssv15166039;dbVar:nssv15151460;dbVar:nssv16212185;dbVar:nssv17970180;dbVar:nssv17973564;dbVar:nssv17173298;dbVar:nssv17971070;dbVar:nssv17173251	6:60108-171054786;6:108667-170980171;6:156976-170919482;6:165633-170919470;6:133858410-166289033;6:141454128-169739666;6:150284436-170919470;6:151214793-170892243;6:152697474-170921089;6:159155999-171054786;6:159844763-170919482;6:162206795-162475216;6:162212865-170919482;6:162394315-162683817;6:162475158-162864400;6:162622144-162864525;6:162622257-162864400	0.13;0.13;0.13;0.13;0.70;0.81;1.11;1.16;1.25;1.92;2.06;30.17;2.62;78.76;37.81;0.07;0.03	Adenocarcinoma of lung, somatic, 211980 (3);Ovarian cancer, somatic, 167000 (3);Parkinson disease, juvenile, type 2, 600116 (3) AR		dbVar:nssv15148932;dbVar:nssv17970168;dbVar:nssv15146401;dbVar:nssv15148121;dbVar:nssv15147384;dbVar:nssv18326414;dbVar:nssv18787894;nssv18787895;dbVar:nssv17976864;dbVar:nssv15132184;dbVar:nssv8639306;dbVar:nssv15133564;dbVar:nssv15137582;dbVar:nssv15132185;dbVar:nssv15133344;dbVar:nssv17970179;dbVar:nssv8639428;dbVar:nssv15138918;morbid:PRKN;dbVar:nssv18841923;dbVar:nssv17173255;dbVar:nssv15131015;nssv17172944;dbVar:nssv15120154;dbVar:nssv17173320;dbVar:nssv15145244;dbVar:nssv15145490;dbVar:nssv17970181;dbVar:nssv15145491;dbVar:nssv17971224;dbVar:nssv18789873;dbVar:nssv15145492;dbVar:nssv16208100;dbVar:nssv15132186;dbVar:nssv17172943;dbVar:nssv17173252;dbVar:nssv15145051;dbVar:nssv15145494;dbVar:nssv15145495;dbVar:nssv15145245;dbVar:nssv15145496;dbVar:nssv15145497;dbVar:nssv15145246;dbVar:nssv15773389;dbVar:nssv15145498;dbVar:nssv15145499;dbVar:nssv15129463;dbVar:nssv15129271;nssv17970393;dbVar:nssv17971238;dbVar:nssv15770396;dbVar:nssv16212554;dbVar:nssv18830693;nssv15128328;dbVar:nssv18789876	6:153114538-170919482;6:153207931-164322346;6:154439194-170911240;6:154860790-171023595;6:155699184-163554531;6:157318402-165233548;6:158532399-162868359;6:159121460-170919482;6:159875672-170921089;6:159910480-170831088;6:160246946-170921089;6:160336423-171023595;6:160780719-170917906;6:160905843-170921099;6:161047874-170919482;6:161071094-171055067;6:161320931-170919482;6:161768449-163148798;6:161770315-170893878;6:161990425-162394320;6:162206785-162394469;6:162206805-162683797;6:162206901-162622150;6:162237428-162439900;6:162354718-162480606;6:162381976-170919482;6:162387383-162713525;6:162394315-162683817;6:162394315-162864525;6:162403233-162744352;6:162452036-170919482;6:162463879-170917906;6:162475114-162864519;6:162475158-162683576;6:162509393-162948890;6:162565086-162650491;6:162566574-162647608;6:162572616-162691639;6:162583326-162732891;6:162587156-162709265;6:162605150-162632214;6:162614288-162660066;6:162615776-162745282;6:162621906-162965586;6:162621944-162941426;6:162622144-162683817;6:162622144-162864525;6:162622154-162683807;6:162622154-162864519;6:162622164-162864505;6:162622179-162623926	1.28;2.05;1.38;1.41;2.90;2.88;5.26;1.93;2.06;2.09;2.14;2.13;2.25;2.28;2.31;2.28;2.38;16.52;2.50;0.02;0.13;47.82;54.89;22.56;68.61;2.67;69.93;78.76;48.49;64.23;2.01;1.87;37.80;70.61;25.69;67.01;68.79;41.76;26.07;28.80;63.44;17.55;5.05;0.12;0.12;0.29;0.07;0.27;0.07;0.06;8.07	6	Autosomal_recessive_juvenile_Parkinson_disease_2;Lung_adenocarcinoma;Lung_cancer;Ovarian_cancer;Ovarian_neoplasm;Young-onset_Parkinson_disease				dbVar	chr6:162168587-162623384	0.01													chr6:162396011-162396173 dbVar;6:162403247-162404952 esv2677384;6:162403263-162404952 gnomAD-SV_v2.1_DEL_6_76193;chr6:162417032-162417342 dbVar;chr6:162429876-162432229 dbVar;chr6:162431227-162431316 dbVar;chr6:162431433-162438590 dbVar;chr6:162432363-162432526 dbVar;chr6:162433057-162758123 dbVar;chr6:162478187-162500215 dbVar;chr6:162482317-162573447 dbVar;chr6:162492843-162503595 dbVar;6:162494423-162511711 1000g;chr6:162496364-162506948 dbVar;chr6:162496366-162506952 dbVar;chr6:162502024-162557422 dbVar;chr6:162528890-162530748 dbVar;chr6:162549392-162550265 dbVar;chr6:162561559-162715302 dbVar;chr6:162565994-162647723 dbVar...	chr6:162168587-162623384 dbVar;chr6:162397147-162398748 dbVar;chr6:162403263-162404952 dbVar;chr6:162414385-162432577 dbVar;chr6:162424429-162429818 dbVar;chr6:162430904-162433541 dbVar;chr6:162431420-162431521 dbVar;chr6:162431471-162432158 dbVar;6:162432363-162432526 gnomAD-SV_v2.1_DEL_6_76205;chr6:162469734-162472966 dbVar;6:162481461-163249645 nsv517562;chr6:162488967-162585658 dbVar;chr6:162494422-162511711 dbVar;chr6:162496248-162507216 dbVar;6:162496365-162506948 1000g;chr6:162496974-162583677 dbVar;chr6:162518501-162518578 dbVar;chr6:162539909-162544202 dbVar;chr6:162550454-162589408 dbVar;chr6:162561824-162707658 dbVar...	0.430	0.370																												602544			yes					1.0	1A (cf Gene_count, RE_gene, +0.00);2A (cf P_loss_source, +1.00);3A (1 gene, +0.00);5F (+0.00)	5
6_162394233_162622319_DEL_1	6	162394233	162622319	-228087	CNV017	DEL	NA	split	q26	PRKN				NM_004562	3	161768448	163148798	228087	322	23	yes	12	intron3-intron6	CDS	35	3'	162394232	162622319				dbVar:nssv15144378;dbVar:nssv16211783;dbVar:nssv16214305;dbVar:nssv17059203;dbVar:nssv17172526;dbVar:nssv17173254	6:162394315-162475226;6:162394325-162394459;6:162394325-162475216;6:162394325-162622294;6:162394383-162622150;6:162622144-162622304			dbVar:nssv15120155;dbVar:nssv15128559;dbVar:nssv15130828;nssv17970392;dbVar:nssv15145050;dbVar:nssv15145493;dbVar:nssv16211947;dbVar:nssv16213979;dbVar:nssv17173253;dbVar:nssv17955903;dbVar:nssv17955915;dbVar:nssv17975062	6:162394315-162394469;6:162394325-162394459;6:162394335-162622284;6:162394383-162622150;6:162456906-162616220;6:162457164-162612747;6:162474786-162475494;6:162475124-162475206;6:162622144-162622304;6:162622154-162622294;6:162622164-162622284															6	Autosomal_recessive_juvenile_Parkinson_disease_2;Lung_adenocarcinoma;Lung_cancer;Ovarian_cancer;Ovarian_neoplasm;Young-onset_Parkinson_disease				dbVar	chr6:162168587-162623384	0.01																														30	0							Parkinson disease;autosomal recessive juvenile Parkinson disease 2;young-onset Parkinson disease	AR	Definitive;Strong;Supportive	22166458[PMID]	5071	HGNC:8607	602544	Adenocarcinoma of lung, somatic, 211980 (3);Ovarian cancer, somatic, 167000 (3);Parkinson disease, juvenile, type 2, 600116 (3) AR	AR	yes							full=5
6_162394233_162622319_DEL_1	6	162394233	162622319	-228087	CNV103	DEL	NA	full	q26	PRKN	LOC105378098	PACRG	1																			dbVar:nssv15144378;dbVar:nssv16211783;dbVar:nssv16214305;dbVar:nssv17059203;dbVar:nssv17172526;dbVar:nssv17173254	6:162394315-162475226;6:162394325-162394459;6:162394325-162475216;6:162394325-162622294;6:162394383-162622150;6:162622144-162622304			dbVar:nssv15120155;dbVar:nssv15128559;dbVar:nssv15130828;nssv17970392;dbVar:nssv15145050;dbVar:nssv15145493;dbVar:nssv16211947;dbVar:nssv16213979;dbVar:nssv17173253;dbVar:nssv17955903;dbVar:nssv17955915;dbVar:nssv17975062	6:162394315-162394469;6:162394325-162394459;6:162394335-162622284;6:162394383-162622150;6:162456906-162616220;6:162457164-162612747;6:162474786-162475494;6:162475124-162475206;6:162622144-162622304;6:162622154-162622294;6:162622164-162622284							dbVar:nssv15166690;dbVar:nssv15166692;dbVar:nssv15161859;nssv15161868;dbVar:nssv15168255;dbVar:nssv15149005;dbVar:nssv15145653;dbVar:nssv15166017;dbVar:nssv15149389;dbVar:nssv15146031;dbVar:nssv15166039;dbVar:nssv15151460;dbVar:nssv16212185;dbVar:nssv17970180;dbVar:nssv17973564;dbVar:nssv17173298;dbVar:nssv17971070;dbVar:nssv17173251	6:60108-171054786;6:108667-170980171;6:156976-170919482;6:165633-170919470;6:133858410-166289033;6:141454128-169739666;6:150284436-170919470;6:151214793-170892243;6:152697474-170921089;6:159155999-171054786;6:159844763-170919482;6:162206795-162475216;6:162212865-170919482;6:162394315-162683817;6:162475158-162864400;6:162622144-162864525;6:162622257-162864400	0.13;0.13;0.13;0.13;0.70;0.81;1.11;1.16;1.25;1.92;2.06;30.17;2.62;78.76;37.81;0.07;0.03	Adenocarcinoma of lung, somatic, 211980 (3);Ovarian cancer, somatic, 167000 (3);Parkinson disease, juvenile, type 2, 600116 (3) AR		dbVar:nssv15148932;dbVar:nssv17970168;dbVar:nssv15146401;dbVar:nssv15148121;dbVar:nssv15147384;dbVar:nssv18326414;dbVar:nssv18787894;nssv18787895;dbVar:nssv17976864;dbVar:nssv15132184;dbVar:nssv8639306;dbVar:nssv15133564;dbVar:nssv15137582;dbVar:nssv15132185;dbVar:nssv15133344;dbVar:nssv17970179;dbVar:nssv8639428;dbVar:nssv15138918;morbid:PRKN;dbVar:nssv18841923;dbVar:nssv17173255;dbVar:nssv15131015;nssv17172944;dbVar:nssv15120154;dbVar:nssv17173320;dbVar:nssv15145244;dbVar:nssv15145490;dbVar:nssv17970181;dbVar:nssv15145491;dbVar:nssv17971224;dbVar:nssv18789873;dbVar:nssv15145492;dbVar:nssv16208100;dbVar:nssv15132186;dbVar:nssv17172943;dbVar:nssv17173252;dbVar:nssv15145051;dbVar:nssv15145494;dbVar:nssv15145495;dbVar:nssv15145245;dbVar:nssv15145496;dbVar:nssv15145497;dbVar:nssv15145246;dbVar:nssv15773389;dbVar:nssv15145498;dbVar:nssv15145499;dbVar:nssv15129463;dbVar:nssv15129271;nssv17970393;dbVar:nssv17971238;dbVar:nssv15770396;dbVar:nssv16212554;dbVar:nssv18830693;nssv15128328;dbVar:nssv18789876	6:153114538-170919482;6:153207931-164322346;6:154439194-170911240;6:154860790-171023595;6:155699184-163554531;6:157318402-165233548;6:158532399-162868359;6:159121460-170919482;6:159875672-170921089;6:159910480-170831088;6:160246946-170921089;6:160336423-171023595;6:160780719-170917906;6:160905843-170921099;6:161047874-170919482;6:161071094-171055067;6:161320931-170919482;6:161768449-163148798;6:161770315-170893878;6:161990425-162394320;6:162206785-162394469;6:162206805-162683797;6:162206901-162622150;6:162237428-162439900;6:162354718-162480606;6:162381976-170919482;6:162387383-162713525;6:162394315-162683817;6:162394315-162864525;6:162403233-162744352;6:162452036-170919482;6:162463879-170917906;6:162475114-162864519;6:162475158-162683576;6:162509393-162948890;6:162565086-162650491;6:162566574-162647608;6:162572616-162691639;6:162583326-162732891;6:162587156-162709265;6:162605150-162632214;6:162614288-162660066;6:162615776-162745282;6:162621906-162965586;6:162621944-162941426;6:162622144-162683817;6:162622144-162864525;6:162622154-162683807;6:162622154-162864519;6:162622164-162864505;6:162622179-162623926	1.28;2.05;1.38;1.41;2.90;2.88;5.26;1.93;2.06;2.09;2.14;2.13;2.25;2.28;2.31;2.28;2.38;16.52;2.50;0.02;0.13;47.82;54.89;22.56;68.61;2.67;69.93;78.76;48.49;64.23;2.01;1.87;37.80;70.61;25.69;67.01;68.79;41.76;26.07;28.80;63.44;17.55;5.05;0.12;0.12;0.29;0.07;0.27;0.07;0.06;8.07	6	Autosomal_recessive_juvenile_Parkinson_disease_2;Lung_adenocarcinoma;Lung_cancer;Ovarian_cancer;Ovarian_neoplasm;Young-onset_Parkinson_disease				dbVar	chr6:162168587-162623384	0.01													chr6:162396011-162396173 dbVar;6:162403247-162404952 esv2677384;6:162403263-162404952 gnomAD-SV_v2.1_DEL_6_76193;chr6:162417032-162417342 dbVar;chr6:162429876-162432229 dbVar;chr6:162431227-162431316 dbVar;chr6:162431433-162438590 dbVar;chr6:162432363-162432526 dbVar;chr6:162433057-162758123 dbVar;chr6:162478187-162500215 dbVar;chr6:162482317-162573447 dbVar;chr6:162492843-162503595 dbVar;6:162494423-162511711 1000g;chr6:162496364-162506948 dbVar;chr6:162496366-162506952 dbVar;chr6:162502024-162557422 dbVar;chr6:162528890-162530748 dbVar;chr6:162549392-162550265 dbVar;chr6:162561559-162715302 dbVar;chr6:162565994-162647723 dbVar...	chr6:162168587-162623384 dbVar;chr6:162397147-162398748 dbVar;chr6:162403263-162404952 dbVar;chr6:162414385-162432577 dbVar;chr6:162424429-162429818 dbVar;chr6:162430904-162433541 dbVar;chr6:162431420-162431521 dbVar;chr6:162431471-162432158 dbVar;6:162432363-162432526 gnomAD-SV_v2.1_DEL_6_76205;chr6:162469734-162472966 dbVar;6:162481461-163249645 nsv517562;chr6:162488967-162585658 dbVar;chr6:162494422-162511711 dbVar;chr6:162496248-162507216 dbVar;6:162496365-162506948 1000g;chr6:162496974-162583677 dbVar;chr6:162518501-162518578 dbVar;chr6:162539909-162544202 dbVar;chr6:162550454-162589408 dbVar;chr6:162561824-162707658 dbVar...	0.430	0.370																												602544			yes					1.0	1A (cf Gene_count, RE_gene, +0.00);2A (cf P_loss_source, +1.00);3A (1 gene, +0.00);5F (+0.00)	5
6_162394233_162622319_DEL_1	6	162394233	162622319	-228087	CNV103	DEL	NA	split	q26	PRKN				NM_004562	3	161768448	163148798	228087	322	23	yes	12	intron3-intron6	CDS	35	3'	162394232	162622319				dbVar:nssv15144378;dbVar:nssv16211783;dbVar:nssv16214305;dbVar:nssv17059203;dbVar:nssv17172526;dbVar:nssv17173254	6:162394315-162475226;6:162394325-162394459;6:162394325-162475216;6:162394325-162622294;6:162394383-162622150;6:162622144-162622304			dbVar:nssv15120155;dbVar:nssv15128559;dbVar:nssv15130828;nssv17970392;dbVar:nssv15145050;dbVar:nssv15145493;dbVar:nssv16211947;dbVar:nssv16213979;dbVar:nssv17173253;dbVar:nssv17955903;dbVar:nssv17955915;dbVar:nssv17975062	6:162394315-162394469;6:162394325-162394459;6:162394335-162622284;6:162394383-162622150;6:162456906-162616220;6:162457164-162612747;6:162474786-162475494;6:162475124-162475206;6:162622144-162622304;6:162622154-162622294;6:162622164-162622284															6	Autosomal_recessive_juvenile_Parkinson_disease_2;Lung_adenocarcinoma;Lung_cancer;Ovarian_cancer;Ovarian_neoplasm;Young-onset_Parkinson_disease				dbVar	chr6:162168587-162623384	0.01																														30	0							Parkinson disease;autosomal recessive juvenile Parkinson disease 2;young-onset Parkinson disease	AR	Definitive;Strong;Supportive	22166458[PMID]	5071	HGNC:8607	602544	Adenocarcinoma of lung, somatic, 211980 (3);Ovarian cancer, somatic, 167000 (3);Parkinson disease, juvenile, type 2, 600116 (3) AR	AR	yes							full=5
6_162622080_162622319_DEL_1	6	162622080	162622319	-240	CNV021	DEL	NA	full	q26	PRKN	LOC105378098	PACRG	1																			dbVar:nssv17059203	6:162622144-162622304			dbVar:nssv15120155;dbVar:nssv15130828;nssv17970392;dbVar:nssv16211947	6:162622144-162622304;6:162622154-162622294;6:162622164-162622284							dbVar:nssv15166690;dbVar:nssv15166692;dbVar:nssv15161859;nssv15161868;dbVar:nssv15168255;dbVar:nssv15149005;dbVar:nssv15145653;dbVar:nssv15166017;dbVar:nssv15149389;dbVar:nssv15146031;dbVar:nssv15166039;dbVar:nssv15151460;dbVar:nssv17970180;dbVar:nssv17973564;dbVar:nssv16211783;dbVar:nssv17173254;dbVar:nssv17173298;dbVar:nssv17971070;dbVar:nssv17173251	6:60108-171054786;6:108667-170980171;6:156976-170919482;6:165633-170919470;6:133858410-166289033;6:141454128-169739666;6:150284436-170919470;6:151214793-170892243;6:152697474-170921089;6:159155999-171054786;6:159844763-170919482;6:162212865-170919482;6:162394315-162683817;6:162394325-162622294;6:162394383-162622150;6:162475158-162864400;6:162622144-162864525;6:162622257-162864400	0.00;0.00;0.00;0.00;0.00;0.00;0.00;0.00;0.00;0.00;0.00;0.00;0.08;0.09;0.03;0.06;0.07;0.03	Adenocarcinoma of lung, somatic, 211980 (3);Ovarian cancer, somatic, 167000 (3);Parkinson disease, juvenile, type 2, 600116 (3) AR		dbVar:nssv15148932;dbVar:nssv17970168;dbVar:nssv15146401;dbVar:nssv15148121;dbVar:nssv15147384;dbVar:nssv18326414;dbVar:nssv18787894;nssv18787895;dbVar:nssv17976864;dbVar:nssv15132184;dbVar:nssv8639306;dbVar:nssv15133564;dbVar:nssv15137582;dbVar:nssv15132185;dbVar:nssv15133344;dbVar:nssv17970179;dbVar:nssv8639428;dbVar:nssv15138918;morbid:PRKN;dbVar:nssv18841923;dbVar:nssv15120154;dbVar:nssv17173320;dbVar:nssv17970181;dbVar:nssv15145491;dbVar:nssv17971224;dbVar:nssv18789873;dbVar:nssv17955903;dbVar:nssv17173253;dbVar:nssv15145492;dbVar:nssv16208100;dbVar:nssv15132186;dbVar:nssv17172943;dbVar:nssv17173252;dbVar:nssv15145051;dbVar:nssv15145494;dbVar:nssv15145495;dbVar:nssv15145245;dbVar:nssv15145496;dbVar:nssv15145497;dbVar:nssv15145246;dbVar:nssv15773389;dbVar:nssv15145498;dbVar:nssv15145499;dbVar:nssv15129463;dbVar:nssv15129271;nssv17970393;dbVar:nssv17971238;dbVar:nssv15770396;dbVar:nssv16212554;dbVar:nssv18830693;nssv15128328;dbVar:nssv18789876	6:153114538-170919482;6:153207931-164322346;6:154439194-170911240;6:154860790-171023595;6:155699184-163554531;6:157318402-165233548;6:158532399-162868359;6:159121460-170919482;6:159875672-170921089;6:159910480-170831088;6:160246946-170921089;6:160336423-171023595;6:160780719-170917906;6:160905843-170921099;6:161047874-170919482;6:161071094-171055067;6:161320931-170919482;6:161768449-163148798;6:161770315-170893878;6:162206805-162683797;6:162206901-162622150;6:162381976-170919482;6:162387383-162713525;6:162394315-162683817;6:162394315-162864525;6:162394335-162622284;6:162394383-162622150;6:162403233-162744352;6:162452036-170919482;6:162463879-170917906;6:162475114-162864519;6:162475158-162683576;6:162509393-162948890;6:162565086-162650491;6:162566574-162647608;6:162572616-162691639;6:162583326-162732891;6:162587156-162709265;6:162605150-162632214;6:162614288-162660066;6:162615776-162745282;6:162621906-162965586;6:162621944-162941426;6:162622144-162683817;6:162622144-162864525;6:162622154-162683807;6:162622154-162864519;6:162622164-162864505;6:162622179-162623926	0.00;0.00;0.00;0.00;0.00;0.00;0.01;0.00;0.00;0.00;0.00;0.00;0.00;0.00;0.00;0.00;0.00;0.02;0.00;0.05;0.02;0.00;0.07;0.08;0.05;0.09;0.03;0.07;0.00;0.00;0.06;0.12;0.05;0.28;0.30;0.20;0.16;0.20;0.89;0.52;0.19;0.07;0.08;0.29;0.07;0.27;0.07;0.06;8.07						dbVar;nsv517562	chr6:162168587-162623384;chr6:162433057-162758123;6:162481461-163249645;chr6:162561559-162715302;chr6:162561824-162707658;chr6:162565994-162647723;chr6:162566075-162647768;chr6:162591359-162748567;chr6:162602540-162629291;chr6:162614833-162699534;chr6:162615116-162758804;chr6:162615364-162627639;chr6:162615386-162627670;chr6:162616082-162628023	0.01													chr6:162433057-162758123 dbVar;chr6:162561559-162715302 dbVar;chr6:162565994-162647723 dbVar;chr6:162591359-162748567 dbVar;chr6:162614833-162699534 dbVar;chr6:162615364-162627639 dbVar;chr6:162616082-162628023 dbVar;chr6:162433057-162758123 dbVar;chr6:162561559-162715302 dbVar;chr6:162565994-162647723 dbVar;chr6:162591359-162748567 dbVar;chr6:162614833-162699534 dbVar;chr6:162615364-162627639 dbVar;chr6:162616082-162628023 dbVar	chr6:162168587-162623384 dbVar;6:162481461-163249645 nsv517562;chr6:162561824-162707658 dbVar;chr6:162566075-162647768 dbVar;chr6:162602540-162629291 dbVar;chr6:162615116-162758804 dbVar;chr6:162615386-162627670 dbVar;chr6:162168587-162623384 dbVar;6:162481461-163249645 nsv517562;chr6:162561824-162707658 dbVar;chr6:162566075-162647768 dbVar;chr6:162602540-162629291 dbVar;chr6:162615116-162758804 dbVar;chr6:162615386-162627670 dbVar	0.405	0.370																												602544			yes					1.0	1A (cf Gene_count, RE_gene, +0.00);2A (cf P_loss_source, +1.00);3A (1 gene, +0.00);5F (+0.00)	5
6_162622080_162622319_DEL_1	6	162622080	162622319	-240	CNV021	DEL	NA	split	q26	PRKN				NM_004562	3	161768448	163148798	240	122	8	yes	12	intron3-intron4	CDS	35	3'	162622079	162622319				dbVar:nssv17059203	6:162622144-162622304			dbVar:nssv15120155;dbVar:nssv15130828;nssv17970392;dbVar:nssv16211947	6:162622144-162622304;6:162622154-162622294;6:162622164-162622284																				dbVar;nsv517562	chr6:162168587-162623384;chr6:162433057-162758123;6:162481461-163249645;chr6:162561559-162715302;chr6:162561824-162707658;chr6:162565994-162647723;chr6:162566075-162647768;chr6:162591359-162748567;chr6:162602540-162629291;chr6:162614833-162699534;chr6:162615116-162758804;chr6:162615364-162627639;chr6:162615386-162627670;chr6:162616082-162628023	0.01																														30	0							Parkinson disease;autosomal recessive juvenile Parkinson disease 2;young-onset Parkinson disease	AR	Definitive;Strong;Supportive	22166458[PMID]	5071	HGNC:8607	602544	Adenocarcinoma of lung, somatic, 211980 (3);Ovarian cancer, somatic, 167000 (3);Parkinson disease, juvenile, type 2, 600116 (3) AR	AR	yes							full=5
6_162622080_162622319_DEL_1	6	162622080	162622319	-240	CNV108	DEL	NA	full	q26	PRKN	LOC105378098	PACRG	1																			dbVar:nssv17059203	6:162622144-162622304			dbVar:nssv15120155;dbVar:nssv15130828;nssv17970392;dbVar:nssv16211947	6:162622144-162622304;6:162622154-162622294;6:162622164-162622284							dbVar:nssv15166690;dbVar:nssv15166692;dbVar:nssv15161859;nssv15161868;dbVar:nssv15168255;dbVar:nssv15149005;dbVar:nssv15145653;dbVar:nssv15166017;dbVar:nssv15149389;dbVar:nssv15146031;dbVar:nssv15166039;dbVar:nssv15151460;dbVar:nssv17970180;dbVar:nssv17973564;dbVar:nssv16211783;dbVar:nssv17173254;dbVar:nssv17173298;dbVar:nssv17971070;dbVar:nssv17173251	6:60108-171054786;6:108667-170980171;6:156976-170919482;6:165633-170919470;6:133858410-166289033;6:141454128-169739666;6:150284436-170919470;6:151214793-170892243;6:152697474-170921089;6:159155999-171054786;6:159844763-170919482;6:162212865-170919482;6:162394315-162683817;6:162394325-162622294;6:162394383-162622150;6:162475158-162864400;6:162622144-162864525;6:162622257-162864400	0.00;0.00;0.00;0.00;0.00;0.00;0.00;0.00;0.00;0.00;0.00;0.00;0.08;0.09;0.03;0.06;0.07;0.03	Adenocarcinoma of lung, somatic, 211980 (3);Ovarian cancer, somatic, 167000 (3);Parkinson disease, juvenile, type 2, 600116 (3) AR		dbVar:nssv15148932;dbVar:nssv17970168;dbVar:nssv15146401;dbVar:nssv15148121;dbVar:nssv15147384;dbVar:nssv18326414;dbVar:nssv18787894;nssv18787895;dbVar:nssv17976864;dbVar:nssv15132184;dbVar:nssv8639306;dbVar:nssv15133564;dbVar:nssv15137582;dbVar:nssv15132185;dbVar:nssv15133344;dbVar:nssv17970179;dbVar:nssv8639428;dbVar:nssv15138918;morbid:PRKN;dbVar:nssv18841923;dbVar:nssv15120154;dbVar:nssv17173320;dbVar:nssv17970181;dbVar:nssv15145491;dbVar:nssv17971224;dbVar:nssv18789873;dbVar:nssv17955903;dbVar:nssv17173253;dbVar:nssv15145492;dbVar:nssv16208100;dbVar:nssv15132186;dbVar:nssv17172943;dbVar:nssv17173252;dbVar:nssv15145051;dbVar:nssv15145494;dbVar:nssv15145495;dbVar:nssv15145245;dbVar:nssv15145496;dbVar:nssv15145497;dbVar:nssv15145246;dbVar:nssv15773389;dbVar:nssv15145498;dbVar:nssv15145499;dbVar:nssv15129463;dbVar:nssv15129271;nssv17970393;dbVar:nssv17971238;dbVar:nssv15770396;dbVar:nssv16212554;dbVar:nssv18830693;nssv15128328;dbVar:nssv18789876	6:153114538-170919482;6:153207931-164322346;6:154439194-170911240;6:154860790-171023595;6:155699184-163554531;6:157318402-165233548;6:158532399-162868359;6:159121460-170919482;6:159875672-170921089;6:159910480-170831088;6:160246946-170921089;6:160336423-171023595;6:160780719-170917906;6:160905843-170921099;6:161047874-170919482;6:161071094-171055067;6:161320931-170919482;6:161768449-163148798;6:161770315-170893878;6:162206805-162683797;6:162206901-162622150;6:162381976-170919482;6:162387383-162713525;6:162394315-162683817;6:162394315-162864525;6:162394335-162622284;6:162394383-162622150;6:162403233-162744352;6:162452036-170919482;6:162463879-170917906;6:162475114-162864519;6:162475158-162683576;6:162509393-162948890;6:162565086-162650491;6:162566574-162647608;6:162572616-162691639;6:162583326-162732891;6:162587156-162709265;6:162605150-162632214;6:162614288-162660066;6:162615776-162745282;6:162621906-162965586;6:162621944-162941426;6:162622144-162683817;6:162622144-162864525;6:162622154-162683807;6:162622154-162864519;6:162622164-162864505;6:162622179-162623926	0.00;0.00;0.00;0.00;0.00;0.00;0.01;0.00;0.00;0.00;0.00;0.00;0.00;0.00;0.00;0.00;0.00;0.02;0.00;0.05;0.02;0.00;0.07;0.08;0.05;0.09;0.03;0.07;0.00;0.00;0.06;0.12;0.05;0.28;0.30;0.20;0.16;0.20;0.89;0.52;0.19;0.07;0.08;0.29;0.07;0.27;0.07;0.06;8.07						dbVar;nsv517562	chr6:162168587-162623384;chr6:162433057-162758123;6:162481461-163249645;chr6:162561559-162715302;chr6:162561824-162707658;chr6:162565994-162647723;chr6:162566075-162647768;chr6:162591359-162748567;chr6:162602540-162629291;chr6:162614833-162699534;chr6:162615116-162758804;chr6:162615364-162627639;chr6:162615386-162627670;chr6:162616082-162628023	0.01													chr6:162433057-162758123 dbVar;chr6:162561559-162715302 dbVar;chr6:162565994-162647723 dbVar;chr6:162591359-162748567 dbVar;chr6:162614833-162699534 dbVar;chr6:162615364-162627639 dbVar;chr6:162616082-162628023 dbVar;chr6:162433057-162758123 dbVar;chr6:162561559-162715302 dbVar;chr6:162565994-162647723 dbVar;chr6:162591359-162748567 dbVar;chr6:162614833-162699534 dbVar;chr6:162615364-162627639 dbVar;chr6:162616082-162628023 dbVar	chr6:162168587-162623384 dbVar;6:162481461-163249645 nsv517562;chr6:162561824-162707658 dbVar;chr6:162566075-162647768 dbVar;chr6:162602540-162629291 dbVar;chr6:162615116-162758804 dbVar;chr6:162615386-162627670 dbVar;chr6:162168587-162623384 dbVar;6:162481461-163249645 nsv517562;chr6:162561824-162707658 dbVar;chr6:162566075-162647768 dbVar;chr6:162602540-162629291 dbVar;chr6:162615116-162758804 dbVar;chr6:162615386-162627670 dbVar	0.405	0.370																												602544			yes					1.0	1A (cf Gene_count, RE_gene, +0.00);2A (cf P_loss_source, +1.00);3A (1 gene, +0.00);5F (+0.00)	5
6_162622080_162622319_DEL_1	6	162622080	162622319	-240	CNV108	DEL	NA	split	q26	PRKN				NM_004562	3	161768448	163148798	240	122	8	yes	12	intron3-intron4	CDS	35	3'	162622079	162622319				dbVar:nssv17059203	6:162622144-162622304			dbVar:nssv15120155;dbVar:nssv15130828;nssv17970392;dbVar:nssv16211947	6:162622144-162622304;6:162622154-162622294;6:162622164-162622284																				dbVar;nsv517562	chr6:162168587-162623384;chr6:162433057-162758123;6:162481461-163249645;chr6:162561559-162715302;chr6:162561824-162707658;chr6:162565994-162647723;chr6:162566075-162647768;chr6:162591359-162748567;chr6:162602540-162629291;chr6:162614833-162699534;chr6:162615116-162758804;chr6:162615364-162627639;chr6:162615386-162627670;chr6:162616082-162628023	0.01																														30	0							Parkinson disease;autosomal recessive juvenile Parkinson disease 2;young-onset Parkinson disease	AR	Definitive;Strong;Supportive	22166458[PMID]	5071	HGNC:8607	602544	Adenocarcinoma of lung, somatic, 211980 (3);Ovarian cancer, somatic, 167000 (3);Parkinson disease, juvenile, type 2, 600116 (3) AR	AR	yes							full=5
6_162622080_162683770_DEL_1	6	162622080	162683770	-61691	CNV019	DEL	NA	full	q26	PRKN	LOC105378098	PACRG	1																			dbVar:nssv17059203	6:162622144-162622304			dbVar:nssv15120155;dbVar:nssv15130828;nssv17970392;dbVar:nssv16211947;dbVar:nssv18789876	6:162622144-162622304;6:162622154-162622294;6:162622164-162622284;6:162622179-162623926							dbVar:nssv15166690;dbVar:nssv15166692;dbVar:nssv15161859;nssv15161868;dbVar:nssv15168255;dbVar:nssv15149005;dbVar:nssv15145653;dbVar:nssv15166017;dbVar:nssv15149389;dbVar:nssv15146031;dbVar:nssv15166039;dbVar:nssv15151460;dbVar:nssv17970180;dbVar:nssv17973564;dbVar:nssv16211783;dbVar:nssv17173254;dbVar:nssv17173298;dbVar:nssv17971070;dbVar:nssv17173251;dbVar:nssv15144258;nssv17970396;dbVar:nssv15770153;dbVar:nssv16091955;dbVar:nssv16213282	6:60108-171054786;6:108667-170980171;6:156976-170919482;6:165633-170919470;6:133858410-166289033;6:141454128-169739666;6:150284436-170919470;6:151214793-170892243;6:152697474-170921089;6:159155999-171054786;6:159844763-170919482;6:162212865-170919482;6:162394315-162683817;6:162394325-162622294;6:162394383-162622150;6:162475158-162864400;6:162622144-162864525;6:162622257-162864400;6:162683538-162683817;6:162683548-162683807;6:162683558-162683797;6:162683558-162696441	0.04;0.04;0.04;0.04;0.19;0.22;0.30;0.31;0.34;0.52;0.56;0.71;21.31;0.09;0.03;15.85;25.43;25.40;83.21;85.77;88.75;1.65	Adenocarcinoma of lung, somatic, 211980 (3);Ovarian cancer, somatic, 167000 (3);Parkinson disease, juvenile, type 2, 600116 (3) AR		dbVar:nssv15148932;dbVar:nssv17970168;dbVar:nssv15146401;dbVar:nssv15148121;dbVar:nssv15147384;dbVar:nssv18326414;dbVar:nssv18787894;nssv18787895;dbVar:nssv17976864;dbVar:nssv15132184;dbVar:nssv8639306;dbVar:nssv15133564;dbVar:nssv15137582;dbVar:nssv15132185;dbVar:nssv15133344;dbVar:nssv17970179;dbVar:nssv8639428;dbVar:nssv15138918;morbid:PRKN;dbVar:nssv18841923;dbVar:nssv15120154;dbVar:nssv17173320;dbVar:nssv17970181;dbVar:nssv15145491;dbVar:nssv17971224;dbVar:nssv18789873;dbVar:nssv17955903;dbVar:nssv17173253;dbVar:nssv15145492;dbVar:nssv16208100;dbVar:nssv15132186;dbVar:nssv17172943;dbVar:nssv17173252;dbVar:nssv15145051;dbVar:nssv15145494;dbVar:nssv15145495;dbVar:nssv15145245;dbVar:nssv15145496;dbVar:nssv15145497;dbVar:nssv15145246;dbVar:nssv15773389;dbVar:nssv15145498;dbVar:nssv15145499;dbVar:nssv15129463;dbVar:nssv15129271;nssv17970393;dbVar:nssv17971238;dbVar:nssv15770396;dbVar:nssv16212554;dbVar:nssv18830693;nssv15128328;dbVar:nssv15141671;dbVar:nssv15145500;dbVar:nssv15145247;dbVar:nssv16208103;dbVar:nssv15130072;nssv17970397;dbVar:nssv15130838;nssv17970398;dbVar:nssv17971222;dbVar:nssv15770563;dbVar:nssv15770617;dbVar:nssv16215050	6:153114538-170919482;6:153207931-164322346;6:154439194-170911240;6:154860790-171023595;6:155699184-163554531;6:157318402-165233548;6:158532399-162868359;6:159121460-170919482;6:159875672-170921089;6:159910480-170831088;6:160246946-170921089;6:160336423-171023595;6:160780719-170917906;6:160905843-170921099;6:161047874-170919482;6:161071094-171055067;6:161320931-170919482;6:161768449-163148798;6:161770315-170893878;6:162206805-162683797;6:162206901-162622150;6:162381976-170919482;6:162387383-162713525;6:162394315-162683817;6:162394315-162864525;6:162394335-162622284;6:162394383-162622150;6:162403233-162744352;6:162452036-170919482;6:162463879-170917906;6:162475114-162864519;6:162475158-162683576;6:162509393-162948890;6:162565086-162650491;6:162566574-162647608;6:162572616-162691639;6:162583326-162732891;6:162587156-162709265;6:162605150-162632214;6:162614288-162660066;6:162615776-162745282;6:162621906-162965586;6:162621944-162941426;6:162622144-162683817;6:162622144-162864525;6:162622154-162683807;6:162622154-162864519;6:162622164-162864505;6:162638346-162754162;6:162643708-162718649;6:162650492-162917014;6:162661109-170919482;6:162683538-162683817;6:162683538-162864525;6:162683538-163148700;6:162683548-162683807;6:162683548-162864519;6:162683558-162683797	0.35;0.56;0.37;0.38;0.79;0.78;1.42;0.52;0.56;0.56;0.58;0.58;0.61;0.62;0.62;0.62;0.64;4.47;0.68;12.93;0.02;0.72;18.92;21.31;13.12;0.09;0.03;18.08;0.73;0.73;15.84;29.51;14.04;33.27;31.50;51.83;41.25;50.52;37.45;82.98;47.64;17.95;19.31;99.92;25.43;99.94;25.42;25.42;39.22;53.46;12.49;0.27;83.21;0.13;0.05;85.77;0.12;88.75	2	Autosomal_recessive_juvenile_Parkinson_disease_2;Lung_cancer;Ovarian_cancer				dbVar;nsv517562	chr6:162433057-162758123;6:162481461-163249645;chr6:162561559-162715302;chr6:162561824-162707658;chr6:162591359-162748567;chr6:162614833-162699534;chr6:162615116-162758804	0.01													chr6:162433057-162758123 dbVar;chr6:162561559-162715302 dbVar;chr6:162565994-162647723 dbVar;chr6:162591359-162748567 dbVar;chr6:162614833-162699534 dbVar;chr6:162615364-162627639 dbVar;chr6:162616082-162628023 dbVar;chr6:162629587-162629684 dbVar;chr6:162640230-162640350 dbVar;chr6:162647761-162654185 dbVar;chr6:162658361-162734001 dbVar;chr6:162665627-163002185 dbVar;chr6:162668114-162711975 dbVar;chr6:162670084-162728065 dbVar;chr6:162678900-162791137 dbVar;chr6:162681309-162696378 dbVar;chr6:162168587-162623384 dbVar;6:162481461-163249645 nsv517562;chr6:162561824-162707658 dbVar;chr6:162566075-162647768 dbVar...	chr6:162168587-162623384 dbVar;6:162481461-163249645 nsv517562;chr6:162561824-162707658 dbVar;chr6:162566075-162647768 dbVar;chr6:162602540-162629291 dbVar;chr6:162615116-162758804 dbVar;chr6:162615386-162627670 dbVar;chr6:162626053-162721990 dbVar;chr6:162638912-162680877 dbVar;chr6:162644200-162645277 dbVar;chr6:162649725-162725691 dbVar;chr6:162665614-163002170 dbVar;chr6:162667542-162835019 dbVar;chr6:162669285-163003073 dbVar;chr6:162677462-162845189 dbVar;chr6:162679606-162782413 dbVar;chr6:162683230-162832671 dbVar;chr6:162433057-162758123 dbVar;chr6:162561559-162715302 dbVar;chr6:162565994-162647723 dbVar...	0.405	0.460			6:162683815-162683840	(A)n																								602544			yes					1.0	1A (cf Gene_count, RE_gene, +0.00);2A (cf P_loss_source, +1.00);3A (1 gene, +0.00);5F (+0.00)	5
6_162622080_162683770_DEL_1	6	162622080	162683770	-61691	CNV019	DEL	NA	split	q26	PRKN				NM_004562	3	161768448	163148798	61691	336	24	no	12	exon3-intron4	CDS	27	3'	162622079	162683770				dbVar:nssv17059203	6:162622144-162622304			dbVar:nssv15120155;dbVar:nssv15130828;nssv17970392;dbVar:nssv16211947;dbVar:nssv18789876	6:162622144-162622304;6:162622154-162622294;6:162622164-162622284;6:162622179-162623926															2	Autosomal_recessive_juvenile_Parkinson_disease_2;Lung_cancer;Ovarian_cancer				dbVar;nsv517562	chr6:162433057-162758123;6:162481461-163249645;chr6:162561559-162715302;chr6:162561824-162707658;chr6:162591359-162748567;chr6:162614833-162699534;chr6:162615116-162758804	0.01																														30	0							Parkinson disease;autosomal recessive juvenile Parkinson disease 2;young-onset Parkinson disease	AR	Definitive;Strong;Supportive	22166458[PMID]	5071	HGNC:8607	602544	Adenocarcinoma of lung, somatic, 211980 (3);Ovarian cancer, somatic, 167000 (3);Parkinson disease, juvenile, type 2, 600116 (3) AR	AR	yes							full=5
6_162622080_162683770_DEL_1	6	162622080	162683770	-61691	CNV106	DEL	NA	full	q26	PRKN	LOC105378098	PACRG	1																			dbVar:nssv17059203	6:162622144-162622304			dbVar:nssv15120155;dbVar:nssv15130828;nssv17970392;dbVar:nssv16211947;dbVar:nssv18789876	6:162622144-162622304;6:162622154-162622294;6:162622164-162622284;6:162622179-162623926							dbVar:nssv15166690;dbVar:nssv15166692;dbVar:nssv15161859;nssv15161868;dbVar:nssv15168255;dbVar:nssv15149005;dbVar:nssv15145653;dbVar:nssv15166017;dbVar:nssv15149389;dbVar:nssv15146031;dbVar:nssv15166039;dbVar:nssv15151460;dbVar:nssv17970180;dbVar:nssv17973564;dbVar:nssv16211783;dbVar:nssv17173254;dbVar:nssv17173298;dbVar:nssv17971070;dbVar:nssv17173251;dbVar:nssv15144258;nssv17970396;dbVar:nssv15770153;dbVar:nssv16091955;dbVar:nssv16213282	6:60108-171054786;6:108667-170980171;6:156976-170919482;6:165633-170919470;6:133858410-166289033;6:141454128-169739666;6:150284436-170919470;6:151214793-170892243;6:152697474-170921089;6:159155999-171054786;6:159844763-170919482;6:162212865-170919482;6:162394315-162683817;6:162394325-162622294;6:162394383-162622150;6:162475158-162864400;6:162622144-162864525;6:162622257-162864400;6:162683538-162683817;6:162683548-162683807;6:162683558-162683797;6:162683558-162696441	0.04;0.04;0.04;0.04;0.19;0.22;0.30;0.31;0.34;0.52;0.56;0.71;21.31;0.09;0.03;15.85;25.43;25.40;83.21;85.77;88.75;1.65	Adenocarcinoma of lung, somatic, 211980 (3);Ovarian cancer, somatic, 167000 (3);Parkinson disease, juvenile, type 2, 600116 (3) AR		dbVar:nssv15148932;dbVar:nssv17970168;dbVar:nssv15146401;dbVar:nssv15148121;dbVar:nssv15147384;dbVar:nssv18326414;dbVar:nssv18787894;nssv18787895;dbVar:nssv17976864;dbVar:nssv15132184;dbVar:nssv8639306;dbVar:nssv15133564;dbVar:nssv15137582;dbVar:nssv15132185;dbVar:nssv15133344;dbVar:nssv17970179;dbVar:nssv8639428;dbVar:nssv15138918;morbid:PRKN;dbVar:nssv18841923;dbVar:nssv15120154;dbVar:nssv17173320;dbVar:nssv17970181;dbVar:nssv15145491;dbVar:nssv17971224;dbVar:nssv18789873;dbVar:nssv17955903;dbVar:nssv17173253;dbVar:nssv15145492;dbVar:nssv16208100;dbVar:nssv15132186;dbVar:nssv17172943;dbVar:nssv17173252;dbVar:nssv15145051;dbVar:nssv15145494;dbVar:nssv15145495;dbVar:nssv15145245;dbVar:nssv15145496;dbVar:nssv15145497;dbVar:nssv15145246;dbVar:nssv15773389;dbVar:nssv15145498;dbVar:nssv15145499;dbVar:nssv15129463;dbVar:nssv15129271;nssv17970393;dbVar:nssv17971238;dbVar:nssv15770396;dbVar:nssv16212554;dbVar:nssv18830693;nssv15128328;dbVar:nssv15141671;dbVar:nssv15145500;dbVar:nssv15145247;dbVar:nssv16208103;dbVar:nssv15130072;nssv17970397;dbVar:nssv15130838;nssv17970398;dbVar:nssv17971222;dbVar:nssv15770563;dbVar:nssv15770617;dbVar:nssv16215050	6:153114538-170919482;6:153207931-164322346;6:154439194-170911240;6:154860790-171023595;6:155699184-163554531;6:157318402-165233548;6:158532399-162868359;6:159121460-170919482;6:159875672-170921089;6:159910480-170831088;6:160246946-170921089;6:160336423-171023595;6:160780719-170917906;6:160905843-170921099;6:161047874-170919482;6:161071094-171055067;6:161320931-170919482;6:161768449-163148798;6:161770315-170893878;6:162206805-162683797;6:162206901-162622150;6:162381976-170919482;6:162387383-162713525;6:162394315-162683817;6:162394315-162864525;6:162394335-162622284;6:162394383-162622150;6:162403233-162744352;6:162452036-170919482;6:162463879-170917906;6:162475114-162864519;6:162475158-162683576;6:162509393-162948890;6:162565086-162650491;6:162566574-162647608;6:162572616-162691639;6:162583326-162732891;6:162587156-162709265;6:162605150-162632214;6:162614288-162660066;6:162615776-162745282;6:162621906-162965586;6:162621944-162941426;6:162622144-162683817;6:162622144-162864525;6:162622154-162683807;6:162622154-162864519;6:162622164-162864505;6:162638346-162754162;6:162643708-162718649;6:162650492-162917014;6:162661109-170919482;6:162683538-162683817;6:162683538-162864525;6:162683538-163148700;6:162683548-162683807;6:162683548-162864519;6:162683558-162683797	0.35;0.56;0.37;0.38;0.79;0.78;1.42;0.52;0.56;0.56;0.58;0.58;0.61;0.62;0.62;0.62;0.64;4.47;0.68;12.93;0.02;0.72;18.92;21.31;13.12;0.09;0.03;18.08;0.73;0.73;15.84;29.51;14.04;33.27;31.50;51.83;41.25;50.52;37.45;82.98;47.64;17.95;19.31;99.92;25.43;99.94;25.42;25.42;39.22;53.46;12.49;0.27;83.21;0.13;0.05;85.77;0.12;88.75	2	Autosomal_recessive_juvenile_Parkinson_disease_2;Lung_cancer;Ovarian_cancer				dbVar;nsv517562	chr6:162433057-162758123;6:162481461-163249645;chr6:162561559-162715302;chr6:162561824-162707658;chr6:162591359-162748567;chr6:162614833-162699534;chr6:162615116-162758804	0.01													chr6:162433057-162758123 dbVar;chr6:162561559-162715302 dbVar;chr6:162565994-162647723 dbVar;chr6:162591359-162748567 dbVar;chr6:162614833-162699534 dbVar;chr6:162615364-162627639 dbVar;chr6:162616082-162628023 dbVar;chr6:162629587-162629684 dbVar;chr6:162640230-162640350 dbVar;chr6:162647761-162654185 dbVar;chr6:162658361-162734001 dbVar;chr6:162665627-163002185 dbVar;chr6:162668114-162711975 dbVar;chr6:162670084-162728065 dbVar;chr6:162678900-162791137 dbVar;chr6:162681309-162696378 dbVar;chr6:162168587-162623384 dbVar;6:162481461-163249645 nsv517562;chr6:162561824-162707658 dbVar;chr6:162566075-162647768 dbVar...	chr6:162168587-162623384 dbVar;6:162481461-163249645 nsv517562;chr6:162561824-162707658 dbVar;chr6:162566075-162647768 dbVar;chr6:162602540-162629291 dbVar;chr6:162615116-162758804 dbVar;chr6:162615386-162627670 dbVar;chr6:162626053-162721990 dbVar;chr6:162638912-162680877 dbVar;chr6:162644200-162645277 dbVar;chr6:162649725-162725691 dbVar;chr6:162665614-163002170 dbVar;chr6:162667542-162835019 dbVar;chr6:162669285-163003073 dbVar;chr6:162677462-162845189 dbVar;chr6:162679606-162782413 dbVar;chr6:162683230-162832671 dbVar;chr6:162433057-162758123 dbVar;chr6:162561559-162715302 dbVar;chr6:162565994-162647723 dbVar...	0.405	0.460			6:162683815-162683840	(A)n																								602544			yes					1.0	1A (cf Gene_count, RE_gene, +0.00);2A (cf P_loss_source, +1.00);3A (1 gene, +0.00);5F (+0.00)	5
6_162622080_162683770_DEL_1	6	162622080	162683770	-61691	CNV106	DEL	NA	split	q26	PRKN				NM_004562	3	161768448	163148798	61691	336	24	no	12	exon3-intron4	CDS	27	3'	162622079	162683770				dbVar:nssv17059203	6:162622144-162622304			dbVar:nssv15120155;dbVar:nssv15130828;nssv17970392;dbVar:nssv16211947;dbVar:nssv18789876	6:162622144-162622304;6:162622154-162622294;6:162622164-162622284;6:162622179-162623926															2	Autosomal_recessive_juvenile_Parkinson_disease_2;Lung_cancer;Ovarian_cancer				dbVar;nsv517562	chr6:162433057-162758123;6:162481461-163249645;chr6:162561559-162715302;chr6:162561824-162707658;chr6:162591359-162748567;chr6:162614833-162699534;chr6:162615116-162758804	0.01																														30	0							Parkinson disease;autosomal recessive juvenile Parkinson disease 2;young-onset Parkinson disease	AR	Definitive;Strong;Supportive	22166458[PMID]	5071	HGNC:8607	602544	Adenocarcinoma of lung, somatic, 211980 (3);Ovarian cancer, somatic, 167000 (3);Parkinson disease, juvenile, type 2, 600116 (3) AR	AR	yes							full=5
X_30851433_31286044_DUP_1	X	30851433	31286044	434612	CNV031	DUP	NA	full	p21.2	TAB3;TAB3-AS1;FTHL17;DMD	GK-AS1	MIR3915	4																GK (HI=3/morbid/RE=ABC_enhancer+EA_enhancer)			dbVar:nssv15153003;dbVar:nssv15154286;dbVar:nssv16213503;dbVar:nssv16213837;dbVar:nssv16213896;dbVar:nssv17973435;dbVar:nssv18786315	X:31144792-31187559;X:31164399-31165653;X:31196030-31201041;X:31196040-31241248;X:31196767-31241258;X:31222069-31229031;X:31222079-31241238	Becker muscular dystrophy, 300376 (3) XLR;Cardiomyopathy, dilated, 3B, 302045 (3) XL;Duchenne muscular dystrophy, 310200 (3) XLR;Duchenne_muscular_dystrophy		CLN:3765238;CLN:535132;CLN:852495;dbVar:nssv15151060;dbVar:nssv15154212;dbVar:nssv16213280;dbVar:nssv16215056;dbVar:nssv17172502;dbVar:nssv17970765;dbVar:nssv17971791;dbVar:nssv17973442;dbVar:nssv17976527;dbVar:nssv18329056;dbVar:nssv18788473;dbVar:nssv18788474;dbVar:nssv18788476;dbVar:nssv18788479;dbVar:nssv18789727;morbid:DMD	X:31152313-31191655;X:31164389-31165655;X:31171147-31227760;X:31187561-31187718;X:31196073-31196263;X:31196081-31196263;X:31196312-31285071;X:31196767-31229031;X:31200903-31200983;X:31201032-31224689;X:31222059-31222255;X:31222059-31227836;X:31222059-31279781;X:31223727-31224733;X:31241145-31241258;X:31241145-31279781;X:31279053-31279153;X:31279063-31279781;X:31279073-31279133	Duchenne_muscular_dystrophy		CLN:2976592	X:31196051-31196171											204	Abnormality_of_the_musculature;Becker_muscular_dystrophy;Calf_muscle_hypertrophy;Cardiomyopathy;DMD-related_disorder;Dilated_cardiomyopathy_3B;Duchenne_muscular_dystrophy;Dystrophin_deficiency;Intermediate_muscular_dystrophy;Motor_delay;Proximal_muscle_weakness_in_lower_limbs;Qualitative_or_quantitative_defects_of_dystrophin;See_cases;X-linked_DMD-related_dystrophinopathy										IMH	X:11608892-40416734	0.1667			X:31275321-31275321 1000g;X:31275321-31275321 1000g	X:31171007-31173700 dgv2249e212;X:31171007-31173700 dgv2249e212			chrX:30906321-30909152 dbVar;chrX:30966255-30966345 dbVar;chrX:31000874-31006590 dbVar;chrX:31012000-31023000 dbVar;chrX:31030772-31031426 dbVar;chrX:31081309-31085150 dbVar;X:31081311-31085154 DDD:57474;chrX:31085619-31085684 dbVar;chrX:31155691-31157804 dbVar;X:31155798-31157805 DDD:57475;chrX:31185139-31185973 dbVar;chrX:31205869-31206506 dbVar;chrX:31231729-31231791 dbVar;chrX:30906321-30909152 dbVar;chrX:30966255-30966345 dbVar;chrX:31000874-31006590 dbVar;chrX:31012000-31023000 dbVar;chrX:31030772-31031426 dbVar;chrX:31081309-31085150 dbVar;X:31081311-31085154 DDD:57474...	chrX:30899375-30899432 dbVar;chrX:30912950-30917868 dbVar;chrX:30981900-30982480 dbVar;chrX:31010025-31010377 dbVar;chrX:31023192-31023817 dbVar;chrX:31031133-31031705 dbVar;X:31081310-31085150 1000g;chrX:31085382-31085482 dbVar;chrX:31128901-31133230 dbVar;X:31155692-31157804 1000g;chrX:31155802-31157805 dbVar;X:31185140-31185973 1000g;chrX:31206110-31212253 dbVar;chrX:30899375-30899432 dbVar;chrX:30912950-30917868 dbVar;chrX:30981900-30982480 dbVar;chrX:31010025-31010377 dbVar;chrX:31023192-31023817 dbVar;chrX:31031133-31031705 dbVar;X:31081310-31085150 1000g...	0.400	0.345	X:30851078-30851385;X:30851525-30851666	AluY;MER33												3		97.63				0.844067477727003	1.37258203269156							300377			yes		0	1.0000e+00	1.0000e+00	1.0	1A (cf Gene_count, RE_gene, +0.00);2A (cf P_gain_source, +1.00);2H-2 (DMD, +0.00);3A (4 genes, +0.00);4O (cf po_B_gain_AllG_source, B_gain_source, po_B_gain_SomeG_source, +0.00);5F (+0.00)	5
X_30851433_31286044_DUP_1	X	30851433	31286044	434612	CNV031	DUP	NA	split	p21.2	TAB3				NM_001399870	1	30854436	30907371	52935	2166	100	no	10	txStart-txEnd	5'UTR-3'UTR			30854436	30907371																																			IMH	X:11608892-40416734	0.1667																										15.86				-0.234107446782467	1.37258203269156					257397	HGNC:30681						2	6.1714e-01	9.2151e-01			full=5
X_30851433_31286044_DUP_1	X	30851433	31286044	434612	CNV031	DUP	NA	split	p21.2	TAB3-AS1				NR_145449	1	30852739	30857190	4451	0	0	no	3	txStart-txEnd	UTR			30852739	30857190																																			IMH	X:11608892-40416734	0.1667																																				727682	HGNC:20176											full=5
X_30851433_31286044_DUP_1	X	30851433	31286044	434612	CNV031	DUP	NA	split	p21.2	FTHL17				NM_031894	3	31089349	31090158	809	552	86	no	1	txStart-txEnd	5'UTR-3'UTR			31089349	31090158																																			IMH	X:11608892-40416734	0.1667																										97.63				0.844067477727003	0.726677943703144					53940	HGNC:3987								4.6738e-04			full=5
X_30851433_31286044_DUP_1	X	30851433	31286044	434612	CNV031	DUP	NA	split	p21.2	DMD				NM_004016	3	31137338	31285071	147733	1908	100	no	17	txStart-txEnd	5'UTR-3'UTR			31137338	31285071				dbVar:nssv15153003;dbVar:nssv15154286;dbVar:nssv16213503;dbVar:nssv16213837;dbVar:nssv16213896;dbVar:nssv17973435;dbVar:nssv18786315	X:31144792-31187559;X:31164399-31165653;X:31196030-31201041;X:31196040-31241248;X:31196767-31241258;X:31222069-31229031;X:31222079-31241238	Becker muscular dystrophy, 300376 (3) XLR;Cardiomyopathy, dilated, 3B, 302045 (3) XL;Duchenne muscular dystrophy, 310200 (3) XLR;Duchenne_muscular_dystrophy		CLN:3765238;CLN:535132;CLN:852495;dbVar:nssv15151060;dbVar:nssv15154212;dbVar:nssv16213280;dbVar:nssv16215056;dbVar:nssv17172502;dbVar:nssv17970765;dbVar:nssv17971791;dbVar:nssv17973442;dbVar:nssv17976527;dbVar:nssv18329056;dbVar:nssv18788473;dbVar:nssv18788474;dbVar:nssv18788476;dbVar:nssv18788479;dbVar:nssv18789727;morbid:DMD	X:31152313-31191655;X:31164389-31165655;X:31171147-31227760;X:31187561-31187718;X:31196073-31196263;X:31196081-31196263;X:31196312-31285071;X:31196767-31229031;X:31200903-31200983;X:31201032-31224689;X:31222059-31222255;X:31222059-31227836;X:31222059-31279781;X:31223727-31224733;X:31241145-31241258;X:31241145-31279781;X:31279053-31279153;X:31279063-31279781;X:31279073-31279133	Duchenne_muscular_dystrophy		CLN:2976592	X:31196051-31196171											204	Abnormality_of_the_musculature;Becker_muscular_dystrophy;Calf_muscle_hypertrophy;Cardiomyopathy;DMD-related_disorder;Dilated_cardiomyopathy_3B;Duchenne_muscular_dystrophy;Dystrophin_deficiency;Intermediate_muscular_dystrophy;Motor_delay;Proximal_muscle_weakness_in_lower_limbs;Qualitative_or_quantitative_defects_of_dystrophin;See_cases;X-linked_DMD-related_dystrophinopathy										IMH	X:11608892-40416734	0.1667																								3	0	0.27				-2.65362022636097	-4.19962757493385	Becker muscular dystrophy;Duchenne and Becker muscular dystrophy;Duchenne muscular dystrophy;dilated cardiomyopathy 3B;familial isolated dilated cardiomyopathy;non-syndromic X-linked intellectual disability;progressive muscular dystrophy;symptomatic form of muscular dystrophy of Duchenne and Becker in female carriers	AD;XL	Definitive;Strong;Supportive	14567970[PMID]_20301486[PMID];16770791;19367636;23900271[PMID];25007885;NULL	1756	HGNC:2928	300377	Becker muscular dystrophy, 300376 (3) XLR;Cardiomyopathy, dilated, 3B, 302045 (3) XL;Duchenne muscular dystrophy, 310200 (3) XLR	XL;XLR	yes		0	1.0000e+00	1.0000e+00			full=5
X_30851433_31286044_DUP_1	X	30851433	31286044	434612	CNV118	DUP	NA	full	p21.2	TAB3;TAB3-AS1;FTHL17;DMD	GK-AS1	MIR3915	4																GK (HI=3/morbid/RE=ABC_enhancer+EA_enhancer)			dbVar:nssv15153003;dbVar:nssv15154286;dbVar:nssv16213503;dbVar:nssv16213837;dbVar:nssv16213896;dbVar:nssv17973435;dbVar:nssv18786315	X:31144792-31187559;X:31164399-31165653;X:31196030-31201041;X:31196040-31241248;X:31196767-31241258;X:31222069-31229031;X:31222079-31241238	Becker muscular dystrophy, 300376 (3) XLR;Cardiomyopathy, dilated, 3B, 302045 (3) XL;Duchenne muscular dystrophy, 310200 (3) XLR;Duchenne_muscular_dystrophy		CLN:3765238;CLN:535132;CLN:852495;dbVar:nssv15151060;dbVar:nssv15154212;dbVar:nssv16213280;dbVar:nssv16215056;dbVar:nssv17172502;dbVar:nssv17970765;dbVar:nssv17971791;dbVar:nssv17973442;dbVar:nssv17976527;dbVar:nssv18329056;dbVar:nssv18788473;dbVar:nssv18788474;dbVar:nssv18788476;dbVar:nssv18788479;dbVar:nssv18789727;morbid:DMD	X:31152313-31191655;X:31164389-31165655;X:31171147-31227760;X:31187561-31187718;X:31196073-31196263;X:31196081-31196263;X:31196312-31285071;X:31196767-31229031;X:31200903-31200983;X:31201032-31224689;X:31222059-31222255;X:31222059-31227836;X:31222059-31279781;X:31223727-31224733;X:31241145-31241258;X:31241145-31279781;X:31279053-31279153;X:31279063-31279781;X:31279073-31279133	Duchenne_muscular_dystrophy		CLN:2976592	X:31196051-31196171											204	Abnormality_of_the_musculature;Becker_muscular_dystrophy;Calf_muscle_hypertrophy;Cardiomyopathy;DMD-related_disorder;Dilated_cardiomyopathy_3B;Duchenne_muscular_dystrophy;Dystrophin_deficiency;Intermediate_muscular_dystrophy;Motor_delay;Proximal_muscle_weakness_in_lower_limbs;Qualitative_or_quantitative_defects_of_dystrophin;See_cases;X-linked_DMD-related_dystrophinopathy										IMH	X:11608892-40416734	0.1667			X:31275321-31275321 1000g;X:31275321-31275321 1000g	X:31171007-31173700 dgv2249e212;X:31171007-31173700 dgv2249e212			chrX:30906321-30909152 dbVar;chrX:30966255-30966345 dbVar;chrX:31000874-31006590 dbVar;chrX:31012000-31023000 dbVar;chrX:31030772-31031426 dbVar;chrX:31081309-31085150 dbVar;X:31081311-31085154 DDD:57474;chrX:31085619-31085684 dbVar;chrX:31155691-31157804 dbVar;X:31155798-31157805 DDD:57475;chrX:31185139-31185973 dbVar;chrX:31205869-31206506 dbVar;chrX:31231729-31231791 dbVar;chrX:30906321-30909152 dbVar;chrX:30966255-30966345 dbVar;chrX:31000874-31006590 dbVar;chrX:31012000-31023000 dbVar;chrX:31030772-31031426 dbVar;chrX:31081309-31085150 dbVar;X:31081311-31085154 DDD:57474...	chrX:30899375-30899432 dbVar;chrX:30912950-30917868 dbVar;chrX:30981900-30982480 dbVar;chrX:31010025-31010377 dbVar;chrX:31023192-31023817 dbVar;chrX:31031133-31031705 dbVar;X:31081310-31085150 1000g;chrX:31085382-31085482 dbVar;chrX:31128901-31133230 dbVar;X:31155692-31157804 1000g;chrX:31155802-31157805 dbVar;X:31185140-31185973 1000g;chrX:31206110-31212253 dbVar;chrX:30899375-30899432 dbVar;chrX:30912950-30917868 dbVar;chrX:30981900-30982480 dbVar;chrX:31010025-31010377 dbVar;chrX:31023192-31023817 dbVar;chrX:31031133-31031705 dbVar;X:31081310-31085150 1000g...	0.400	0.345	X:30851078-30851385;X:30851525-30851666	AluY;MER33												3		97.63				0.844067477727003	1.37258203269156							300377			yes		0	1.0000e+00	1.0000e+00	1.0	1A (cf Gene_count, RE_gene, +0.00);2A (cf P_gain_source, +1.00);2H-2 (DMD, +0.00);3A (4 genes, +0.00);4O (cf po_B_gain_AllG_source, B_gain_source, po_B_gain_SomeG_source, +0.00);5F (+0.00)	5
X_30851433_31286044_DUP_1	X	30851433	31286044	434612	CNV118	DUP	NA	split	p21.2	TAB3				NM_001399870	1	30854436	30907371	52935	2166	100	no	10	txStart-txEnd	5'UTR-3'UTR			30854436	30907371																																			IMH	X:11608892-40416734	0.1667																										15.86				-0.234107446782467	1.37258203269156					257397	HGNC:30681						2	6.1714e-01	9.2151e-01			full=5
X_30851433_31286044_DUP_1	X	30851433	31286044	434612	CNV118	DUP	NA	split	p21.2	TAB3-AS1				NR_145449	1	30852739	30857190	4451	0	0	no	3	txStart-txEnd	UTR			30852739	30857190																																			IMH	X:11608892-40416734	0.1667																																				727682	HGNC:20176											full=5
X_30851433_31286044_DUP_1	X	30851433	31286044	434612	CNV118	DUP	NA	split	p21.2	FTHL17				NM_031894	3	31089349	31090158	809	552	86	no	1	txStart-txEnd	5'UTR-3'UTR			31089349	31090158																																			IMH	X:11608892-40416734	0.1667																										97.63				0.844067477727003	0.726677943703144					53940	HGNC:3987								4.6738e-04			full=5
X_30851433_31286044_DUP_1	X	30851433	31286044	434612	CNV118	DUP	NA	split	p21.2	DMD				NM_004016	3	31137338	31285071	147733	1908	100	no	17	txStart-txEnd	5'UTR-3'UTR			31137338	31285071				dbVar:nssv15153003;dbVar:nssv15154286;dbVar:nssv16213503;dbVar:nssv16213837;dbVar:nssv16213896;dbVar:nssv17973435;dbVar:nssv18786315	X:31144792-31187559;X:31164399-31165653;X:31196030-31201041;X:31196040-31241248;X:31196767-31241258;X:31222069-31229031;X:31222079-31241238	Becker muscular dystrophy, 300376 (3) XLR;Cardiomyopathy, dilated, 3B, 302045 (3) XL;Duchenne muscular dystrophy, 310200 (3) XLR;Duchenne_muscular_dystrophy		CLN:3765238;CLN:535132;CLN:852495;dbVar:nssv15151060;dbVar:nssv15154212;dbVar:nssv16213280;dbVar:nssv16215056;dbVar:nssv17172502;dbVar:nssv17970765;dbVar:nssv17971791;dbVar:nssv17973442;dbVar:nssv17976527;dbVar:nssv18329056;dbVar:nssv18788473;dbVar:nssv18788474;dbVar:nssv18788476;dbVar:nssv18788479;dbVar:nssv18789727;morbid:DMD	X:31152313-31191655;X:31164389-31165655;X:31171147-31227760;X:31187561-31187718;X:31196073-31196263;X:31196081-31196263;X:31196312-31285071;X:31196767-31229031;X:31200903-31200983;X:31201032-31224689;X:31222059-31222255;X:31222059-31227836;X:31222059-31279781;X:31223727-31224733;X:31241145-31241258;X:31241145-31279781;X:31279053-31279153;X:31279063-31279781;X:31279073-31279133	Duchenne_muscular_dystrophy		CLN:2976592	X:31196051-31196171											204	Abnormality_of_the_musculature;Becker_muscular_dystrophy;Calf_muscle_hypertrophy;Cardiomyopathy;DMD-related_disorder;Dilated_cardiomyopathy_3B;Duchenne_muscular_dystrophy;Dystrophin_deficiency;Intermediate_muscular_dystrophy;Motor_delay;Proximal_muscle_weakness_in_lower_limbs;Qualitative_or_quantitative_defects_of_dystrophin;See_cases;X-linked_DMD-related_dystrophinopathy										IMH	X:11608892-40416734	0.1667																								3	0	0.27				-2.65362022636097	-4.19962757493385	Becker muscular dystrophy;Duchenne and Becker muscular dystrophy;Duchenne muscular dystrophy;dilated cardiomyopathy 3B;familial isolated dilated cardiomyopathy;non-syndromic X-linked intellectual disability;progressive muscular dystrophy;symptomatic form of muscular dystrophy of Duchenne and Becker in female carriers	AD;XL	Definitive;Strong;Supportive	14567970[PMID]_20301486[PMID];16770791;19367636;23900271[PMID];25007885;NULL	1756	HGNC:2928	300377	Becker muscular dystrophy, 300376 (3) XLR;Cardiomyopathy, dilated, 3B, 302045 (3) XL;Duchenne muscular dystrophy, 310200 (3) XLR	XL;XLR	yes		0	1.0000e+00	1.0000e+00			full=5
X_31187487_31646026_DEL_1	X	31187487	31646026	-458540	CNV035	DEL	NA	full	p21.2-p21.1	DMD	FTHL17	MIR3915	1																GK (HI=3/morbid/RE=ABC_enhancer)			dbVar:nssv15132783;dbVar:nssv15153003;dbVar:nssv15153090;dbVar:nssv15154251;dbVar:nssv15154276;dbVar:nssv15154286;dbVar:nssv15154831;dbVar:nssv15154849;dbVar:nssv15154850;dbVar:nssv15770450;dbVar:nssv15770787;dbVar:nssv15771016;dbVar:nssv15771040;dbVar:nssv16212080;dbVar:nssv16213030;dbVar:nssv16213837;dbVar:nssv16213896;dbVar:nssv16213938;dbVar:nssv17517522;dbVar:nssv17971542;dbVar:nssv17973428;dbVar:nssv17973431;dbVar:nssv17973433;dbVar:nssv17973435;dbVar:nssv17973670;dbVar:nssv17973801;dbVar:nssv17973885;dbVar:nssv18326648;dbVar:nssv18789704;dbVar:nssv18789705;dbVar:nssv18789708;dbVar:nssv18792256;dbVar:nssv18792257;dbVar:nssv18792258;dbVar:nssv18792847	X:31187541-31366771;X:31187541-31382270;X:31187551-31525580;X:31191637-31526374;X:31196030-31201041;X:31196030-31525590;X:31196040-31241248;X:31196767-31241258;X:31222069-31229031;X:31222069-31341785;X:31222079-31241238;X:31224680-31382270;X:31227596-31627738;X:31241145-31525590;X:31241155-31525580;X:31241240-31496222;X:31279053-31525590;X:31332524-31462764;X:31332524-31525580;X:31332524-31526374;X:31332524-31627738;X:31341696-31341795;X:31341696-31525590;X:31341706-31341785;X:31341706-31366761;X:31341715-31366751;X:31366654-31366771;X:31366654-31382270;X:31366654-31462764;X:31366664-31525580;X:31462579-31645999;X:31462746-31645789;X:31537078-31619941;X:31613688-31645989;X:31627739-31645989	Becker muscular dystrophy, 300376 (3) XLR;Cardiomyopathy, dilated, 3B, 302045 (3) XL;Duchenne muscular dystrophy, 310200 (3) XLR;Duchenne_muscular_dystrophy		CLN:3765238;CLN:535132;CLN:852495;dbVar:nssv15133311;dbVar:nssv15149444;dbVar:nssv15149453;dbVar:nssv15151060;dbVar:nssv15151912;dbVar:nssv15154212;dbVar:nssv15154237;dbVar:nssv15770242;dbVar:nssv15770451;dbVar:nssv15770608;dbVar:nssv15770803;dbVar:nssv16212458;dbVar:nssv16213280;dbVar:nssv16214303;dbVar:nssv16214459;dbVar:nssv16215056;dbVar:nssv16255798;dbVar:nssv17171526;dbVar:nssv17171617;dbVar:nssv17171619;dbVar:nssv17171620;dbVar:nssv17171710;dbVar:nssv17171711;dbVar:nssv17172502;dbVar:nssv17683525;dbVar:nssv17970765;dbVar:nssv17971539;dbVar:nssv17971662;dbVar:nssv17971697;dbVar:nssv17971791;dbVar:nssv17972199;dbVar:nssv17973442;dbVar:nssv17976568;dbVar:nssv18329046;dbVar:nssv18329056;dbVar:nssv18329584;dbVar:nssv18330321;dbVar:nssv18788360;dbVar:nssv18788383;dbVar:nssv18788385;dbVar:nssv18788468;dbVar:nssv18788469;dbVar:nssv18788472;dbVar:nssv18788473;dbVar:nssv18788474;dbVar:nssv18788476;morbid:DMD	X:31187561-31187718;X:31196030-31525590;X:31196073-31196263;X:31196081-31196263;X:31196312-31285071;X:31196767-31229031;X:31200903-31200983;X:31201032-31224689;X:31222059-31222255;X:31222059-31227836;X:31222059-31279781;X:31223727-31224733;X:31241145-31241258;X:31241145-31279781;X:31241249-31341705;X:31279053-31279153;X:31279053-31366771;X:31279053-31497240;X:31279063-31279781;X:31279073-31279133;X:31301656-31365681;X:31332524-31382270;X:31332524-31462764;X:31332524-31497240;X:31332524-31525580;X:31341696-31341795;X:31341696-31526374;X:31341706-31341785;X:31341706-31525580;X:31341716-31497220;X:31366654-31497240;X:31366664-31525580;X:31366753-31514904;X:31449216-31543991;X:31458627-31479641;X:31462579-31515081;X:31462579-31525590;X:31462589-31462754;X:31462589-31525580;X:31462599-31515061;X:31496204-31515081;X:31496204-31645999;X:31496214-31515071;X:31496214-31526364;X:31514896-31525580;X:31514906-31645979;X:31515063-31645789;X:31525389-31525580;X:31645771-31645999;X:31645781-31645989	Duchenne_muscular_dystrophy		CLN:1426081;CLN:2976592;dbVar:nssv17972947	X:31196051-31196171;X:31497170-31497169;X:31497170-31497305											338	Abnormality_of_the_musculature;Becker_muscular_dystrophy;Calf_muscle_hypertrophy;Cardiomyopathy;Cardiovascular_phenotype;DMD-related_disorder;Dilated_cardiomyopathy_3B;Duchenne_muscular_dystrophy;Dystrophin_deficiency;Elevated_circulating_creatine_kinase_concentration;Intermediate_muscular_dystrophy;Motor_delay;Proximal_muscle_weakness_in_lower_limbs;Qualitative_or_quantitative_defects_of_dystrophin;See_cases;X-linked_DMD-related_dystrophinopathy;not_specified										IMH	X:11608892-40416734	0.1667			X:31370331-31370331 1000g;X:31456268-31458821 dgv2252e212;X:31458626-31461765 dgv2256e212;X:31275321-31275321 1000g;X:31379319-31379319 1000g;X:31456268-31461761 dgv2253e212;X:31470361-31470361 1000g	X:31275321-31275321 1000g;X:31379319-31379319 1000g;X:31456268-31461761 dgv2253e212;X:31470361-31470361 1000g;X:31370331-31370331 1000g;X:31456268-31458821 dgv2252e212;X:31458626-31461765 dgv2256e212			chrX:31206110-31212253 dbVar;chrX:31298823-31299441 dbVar;X:31346362-31346890 gnomAD-SV_v2.1_DEL_X_185445;X:31346363-31346890 IMH;X:31346367-31346887 1000g;chrX:31391314-31391394 dbVar;X:31418408-31418507 1000g;chrX:31418409-31418507 dbVar;chrX:31443835-31452560 dbVar;X:31456268-31458821 dgv2251e212;X:31458626-31461762 dgv2255e212;X:31470360-31470443 gnomAD-SV_v2.1_DEL_X_185454;X:31505931-31506850 1000g;chrX:31546272-31546462 dbVar;X:31546273-31546371 IMH;X:31577451-31577914 esv2661550;X:31577478-31577818 gnomAD-SV_v2.1_DEL_X_185458;chrX:31606648-31612765 dbVar;chrX:31205869-31206506 dbVar;chrX:31231729-31231791 dbVar...	chrX:31205869-31206506 dbVar;chrX:31231729-31231791 dbVar;chrX:31346362-31346890 dbVar;X:31346363-31346890 DDD:57476;chrX:31346366-31346887 dbVar;chrX:31358220-31358704 dbVar;chrX:31403883-31404628 dbVar;chrX:31418408-31418507 dbVar;chrX:31434717-31434840 dbVar;chrX:31454738-31454862 dbVar;X:31456268-31461761 dgv2254e212;chrX:31470360-31470443 dbVar;chrX:31505930-31506850 dbVar;chrX:31529162-31554252 dbVar;X:31546272-31546462 gnomAD-SV_v2.1_DEL_X_185456;chrX:31570441-31575883 dbVar;chrX:31577478-31577818 dbVar;chrX:31603401-31603494 dbVar;chrX:31607133-31607747 dbVar;chrX:31206110-31212253 dbVar...	0.345	0.400														3		0.27				-2.65362022636097	-4.19962757493385							300377			yes		0	1.0000e+00	1.0000e+00	1.0	1A (cf Gene_count, RE_gene, +0.00);2A (cf P_loss_source, +1.00);3A (1 gene, +0.00);5F (+0.00)	5
X_31187487_31646026_DEL_1	X	31187487	31646026	-458540	CNV035	DEL	NA	split	p21.2-p21.1	DMD				NM_004013	3	31137338	32173586	458540	2526	68	no	36	intron11-intron31	CDS	47	3'	31187486	31646026				dbVar:nssv15132783;dbVar:nssv15153003;dbVar:nssv15153090;dbVar:nssv15154251;dbVar:nssv15154276;dbVar:nssv15154286;dbVar:nssv15154831;dbVar:nssv15154849;dbVar:nssv15154850;dbVar:nssv15770450;dbVar:nssv15770787;dbVar:nssv15771016;dbVar:nssv15771040;dbVar:nssv16212080;dbVar:nssv16213030;dbVar:nssv16213837;dbVar:nssv16213896;dbVar:nssv16213938;dbVar:nssv17517522;dbVar:nssv17971542;dbVar:nssv17973428;dbVar:nssv17973431;dbVar:nssv17973433;dbVar:nssv17973435;dbVar:nssv17973670;dbVar:nssv17973801;dbVar:nssv17973885;dbVar:nssv18326648;dbVar:nssv18789704;dbVar:nssv18789705;dbVar:nssv18789708;dbVar:nssv18792256;dbVar:nssv18792257;dbVar:nssv18792258;dbVar:nssv18792847	X:31187541-31366771;X:31187541-31382270;X:31187551-31525580;X:31191637-31526374;X:31196030-31201041;X:31196030-31525590;X:31196040-31241248;X:31196767-31241258;X:31222069-31229031;X:31222069-31341785;X:31222079-31241238;X:31224680-31382270;X:31227596-31627738;X:31241145-31525590;X:31241155-31525580;X:31241240-31496222;X:31279053-31525590;X:31332524-31462764;X:31332524-31525580;X:31332524-31526374;X:31332524-31627738;X:31341696-31341795;X:31341696-31525590;X:31341706-31341785;X:31341706-31366761;X:31341715-31366751;X:31366654-31366771;X:31366654-31382270;X:31366654-31462764;X:31366664-31525580;X:31462579-31645999;X:31462746-31645789;X:31537078-31619941;X:31613688-31645989;X:31627739-31645989	Becker muscular dystrophy, 300376 (3) XLR;Cardiomyopathy, dilated, 3B, 302045 (3) XL;Duchenne muscular dystrophy, 310200 (3) XLR;Duchenne_muscular_dystrophy		CLN:3765238;CLN:535132;CLN:852495;dbVar:nssv15133311;dbVar:nssv15149444;dbVar:nssv15149453;dbVar:nssv15151060;dbVar:nssv15151912;dbVar:nssv15154212;dbVar:nssv15154237;dbVar:nssv15770242;dbVar:nssv15770451;dbVar:nssv15770608;dbVar:nssv15770803;dbVar:nssv16212458;dbVar:nssv16213280;dbVar:nssv16214303;dbVar:nssv16214459;dbVar:nssv16215056;dbVar:nssv16255798;dbVar:nssv17171526;dbVar:nssv17171617;dbVar:nssv17171619;dbVar:nssv17171620;dbVar:nssv17171710;dbVar:nssv17171711;dbVar:nssv17172502;dbVar:nssv17683525;dbVar:nssv17970765;dbVar:nssv17971539;dbVar:nssv17971662;dbVar:nssv17971697;dbVar:nssv17971791;dbVar:nssv17972199;dbVar:nssv17973442;dbVar:nssv17976568;dbVar:nssv18329046;dbVar:nssv18329056;dbVar:nssv18329584;dbVar:nssv18330321;dbVar:nssv18788360;dbVar:nssv18788383;dbVar:nssv18788385;dbVar:nssv18788468;dbVar:nssv18788469;dbVar:nssv18788472;dbVar:nssv18788473;dbVar:nssv18788474;dbVar:nssv18788476;morbid:DMD	X:31187561-31187718;X:31196030-31525590;X:31196073-31196263;X:31196081-31196263;X:31196312-31285071;X:31196767-31229031;X:31200903-31200983;X:31201032-31224689;X:31222059-31222255;X:31222059-31227836;X:31222059-31279781;X:31223727-31224733;X:31241145-31241258;X:31241145-31279781;X:31241249-31341705;X:31279053-31279153;X:31279053-31366771;X:31279053-31497240;X:31279063-31279781;X:31279073-31279133;X:31301656-31365681;X:31332524-31382270;X:31332524-31462764;X:31332524-31497240;X:31332524-31525580;X:31341696-31341795;X:31341696-31526374;X:31341706-31341785;X:31341706-31525580;X:31341716-31497220;X:31366654-31497240;X:31366664-31525580;X:31366753-31514904;X:31449216-31543991;X:31458627-31479641;X:31462579-31515081;X:31462579-31525590;X:31462589-31462754;X:31462589-31525580;X:31462599-31515061;X:31496204-31515081;X:31496204-31645999;X:31496214-31515071;X:31496214-31526364;X:31514896-31525580;X:31514906-31645979;X:31515063-31645789;X:31525389-31525580;X:31645771-31645999;X:31645781-31645989	Duchenne_muscular_dystrophy		CLN:1426081;CLN:2976592;dbVar:nssv17972947	X:31196051-31196171;X:31497170-31497169;X:31497170-31497305											338	Abnormality_of_the_musculature;Becker_muscular_dystrophy;Calf_muscle_hypertrophy;Cardiomyopathy;Cardiovascular_phenotype;DMD-related_disorder;Dilated_cardiomyopathy_3B;Duchenne_muscular_dystrophy;Dystrophin_deficiency;Elevated_circulating_creatine_kinase_concentration;Intermediate_muscular_dystrophy;Motor_delay;Proximal_muscle_weakness_in_lower_limbs;Qualitative_or_quantitative_defects_of_dystrophin;See_cases;X-linked_DMD-related_dystrophinopathy;not_specified										IMH	X:11608892-40416734	0.1667																								3	0	0.27				-2.65362022636097	-4.19962757493385	Becker muscular dystrophy;Duchenne and Becker muscular dystrophy;Duchenne muscular dystrophy;dilated cardiomyopathy 3B;familial isolated dilated cardiomyopathy;non-syndromic X-linked intellectual disability;progressive muscular dystrophy;symptomatic form of muscular dystrophy of Duchenne and Becker in female carriers	AD;XL	Definitive;Strong;Supportive	14567970[PMID]_20301486[PMID];16770791;19367636;23900271[PMID];25007885;NULL	1756	HGNC:2928	300377	Becker muscular dystrophy, 300376 (3) XLR;Cardiomyopathy, dilated, 3B, 302045 (3) XL;Duchenne muscular dystrophy, 310200 (3) XLR	XL;XLR	yes		0	1.0000e+00	1.0000e+00			full=5
X_31187487_31646026_DEL_1	X	31187487	31646026	-458540	CNV122	DEL	NA	full	p21.2-p21.1	DMD	FTHL17	MIR3915	1																GK (HI=3/morbid/RE=ABC_enhancer)			dbVar:nssv15132783;dbVar:nssv15153003;dbVar:nssv15153090;dbVar:nssv15154251;dbVar:nssv15154276;dbVar:nssv15154286;dbVar:nssv15154831;dbVar:nssv15154849;dbVar:nssv15154850;dbVar:nssv15770450;dbVar:nssv15770787;dbVar:nssv15771016;dbVar:nssv15771040;dbVar:nssv16212080;dbVar:nssv16213030;dbVar:nssv16213837;dbVar:nssv16213896;dbVar:nssv16213938;dbVar:nssv17517522;dbVar:nssv17971542;dbVar:nssv17973428;dbVar:nssv17973431;dbVar:nssv17973433;dbVar:nssv17973435;dbVar:nssv17973670;dbVar:nssv17973801;dbVar:nssv17973885;dbVar:nssv18326648;dbVar:nssv18789704;dbVar:nssv18789705;dbVar:nssv18789708;dbVar:nssv18792256;dbVar:nssv18792257;dbVar:nssv18792258;dbVar:nssv18792847	X:31187541-31366771;X:31187541-31382270;X:31187551-31525580;X:31191637-31526374;X:31196030-31201041;X:31196030-31525590;X:31196040-31241248;X:31196767-31241258;X:31222069-31229031;X:31222069-31341785;X:31222079-31241238;X:31224680-31382270;X:31227596-31627738;X:31241145-31525590;X:31241155-31525580;X:31241240-31496222;X:31279053-31525590;X:31332524-31462764;X:31332524-31525580;X:31332524-31526374;X:31332524-31627738;X:31341696-31341795;X:31341696-31525590;X:31341706-31341785;X:31341706-31366761;X:31341715-31366751;X:31366654-31366771;X:31366654-31382270;X:31366654-31462764;X:31366664-31525580;X:31462579-31645999;X:31462746-31645789;X:31537078-31619941;X:31613688-31645989;X:31627739-31645989	Becker muscular dystrophy, 300376 (3) XLR;Cardiomyopathy, dilated, 3B, 302045 (3) XL;Duchenne muscular dystrophy, 310200 (3) XLR;Duchenne_muscular_dystrophy		CLN:3765238;CLN:535132;CLN:852495;dbVar:nssv15133311;dbVar:nssv15149444;dbVar:nssv15149453;dbVar:nssv15151060;dbVar:nssv15151912;dbVar:nssv15154212;dbVar:nssv15154237;dbVar:nssv15770242;dbVar:nssv15770451;dbVar:nssv15770608;dbVar:nssv15770803;dbVar:nssv16212458;dbVar:nssv16213280;dbVar:nssv16214303;dbVar:nssv16214459;dbVar:nssv16215056;dbVar:nssv16255798;dbVar:nssv17171526;dbVar:nssv17171617;dbVar:nssv17171619;dbVar:nssv17171620;dbVar:nssv17171710;dbVar:nssv17171711;dbVar:nssv17172502;dbVar:nssv17683525;dbVar:nssv17970765;dbVar:nssv17971539;dbVar:nssv17971662;dbVar:nssv17971697;dbVar:nssv17971791;dbVar:nssv17972199;dbVar:nssv17973442;dbVar:nssv17976568;dbVar:nssv18329046;dbVar:nssv18329056;dbVar:nssv18329584;dbVar:nssv18330321;dbVar:nssv18788360;dbVar:nssv18788383;dbVar:nssv18788385;dbVar:nssv18788468;dbVar:nssv18788469;dbVar:nssv18788472;dbVar:nssv18788473;dbVar:nssv18788474;dbVar:nssv18788476;morbid:DMD	X:31187561-31187718;X:31196030-31525590;X:31196073-31196263;X:31196081-31196263;X:31196312-31285071;X:31196767-31229031;X:31200903-31200983;X:31201032-31224689;X:31222059-31222255;X:31222059-31227836;X:31222059-31279781;X:31223727-31224733;X:31241145-31241258;X:31241145-31279781;X:31241249-31341705;X:31279053-31279153;X:31279053-31366771;X:31279053-31497240;X:31279063-31279781;X:31279073-31279133;X:31301656-31365681;X:31332524-31382270;X:31332524-31462764;X:31332524-31497240;X:31332524-31525580;X:31341696-31341795;X:31341696-31526374;X:31341706-31341785;X:31341706-31525580;X:31341716-31497220;X:31366654-31497240;X:31366664-31525580;X:31366753-31514904;X:31449216-31543991;X:31458627-31479641;X:31462579-31515081;X:31462579-31525590;X:31462589-31462754;X:31462589-31525580;X:31462599-31515061;X:31496204-31515081;X:31496204-31645999;X:31496214-31515071;X:31496214-31526364;X:31514896-31525580;X:31514906-31645979;X:31515063-31645789;X:31525389-31525580;X:31645771-31645999;X:31645781-31645989	Duchenne_muscular_dystrophy		CLN:1426081;CLN:2976592;dbVar:nssv17972947	X:31196051-31196171;X:31497170-31497169;X:31497170-31497305											338	Abnormality_of_the_musculature;Becker_muscular_dystrophy;Calf_muscle_hypertrophy;Cardiomyopathy;Cardiovascular_phenotype;DMD-related_disorder;Dilated_cardiomyopathy_3B;Duchenne_muscular_dystrophy;Dystrophin_deficiency;Elevated_circulating_creatine_kinase_concentration;Intermediate_muscular_dystrophy;Motor_delay;Proximal_muscle_weakness_in_lower_limbs;Qualitative_or_quantitative_defects_of_dystrophin;See_cases;X-linked_DMD-related_dystrophinopathy;not_specified										IMH	X:11608892-40416734	0.1667			X:31370331-31370331 1000g;X:31456268-31458821 dgv2252e212;X:31458626-31461765 dgv2256e212;X:31275321-31275321 1000g;X:31379319-31379319 1000g;X:31456268-31461761 dgv2253e212;X:31470361-31470361 1000g	X:31275321-31275321 1000g;X:31379319-31379319 1000g;X:31456268-31461761 dgv2253e212;X:31470361-31470361 1000g;X:31370331-31370331 1000g;X:31456268-31458821 dgv2252e212;X:31458626-31461765 dgv2256e212			chrX:31206110-31212253 dbVar;chrX:31298823-31299441 dbVar;X:31346362-31346890 gnomAD-SV_v2.1_DEL_X_185445;X:31346363-31346890 IMH;X:31346367-31346887 1000g;chrX:31391314-31391394 dbVar;X:31418408-31418507 1000g;chrX:31418409-31418507 dbVar;chrX:31443835-31452560 dbVar;X:31456268-31458821 dgv2251e212;X:31458626-31461762 dgv2255e212;X:31470360-31470443 gnomAD-SV_v2.1_DEL_X_185454;X:31505931-31506850 1000g;chrX:31546272-31546462 dbVar;X:31546273-31546371 IMH;X:31577451-31577914 esv2661550;X:31577478-31577818 gnomAD-SV_v2.1_DEL_X_185458;chrX:31606648-31612765 dbVar;chrX:31205869-31206506 dbVar;chrX:31231729-31231791 dbVar...	chrX:31205869-31206506 dbVar;chrX:31231729-31231791 dbVar;chrX:31346362-31346890 dbVar;X:31346363-31346890 DDD:57476;chrX:31346366-31346887 dbVar;chrX:31358220-31358704 dbVar;chrX:31403883-31404628 dbVar;chrX:31418408-31418507 dbVar;chrX:31434717-31434840 dbVar;chrX:31454738-31454862 dbVar;X:31456268-31461761 dgv2254e212;chrX:31470360-31470443 dbVar;chrX:31505930-31506850 dbVar;chrX:31529162-31554252 dbVar;X:31546272-31546462 gnomAD-SV_v2.1_DEL_X_185456;chrX:31570441-31575883 dbVar;chrX:31577478-31577818 dbVar;chrX:31603401-31603494 dbVar;chrX:31607133-31607747 dbVar;chrX:31206110-31212253 dbVar...	0.345	0.400														3		0.27				-2.65362022636097	-4.19962757493385							300377			yes		0	1.0000e+00	1.0000e+00	1.0	1A (cf Gene_count, RE_gene, +0.00);2A (cf P_loss_source, +1.00);3A (1 gene, +0.00);5F (+0.00)	5
X_31187487_31646026_DEL_1	X	31187487	31646026	-458540	CNV122	DEL	NA	split	p21.2-p21.1	DMD				NM_004013	3	31137338	32173586	458540	2526	68	no	36	intron11-intron31	CDS	47	3'	31187486	31646026				dbVar:nssv15132783;dbVar:nssv15153003;dbVar:nssv15153090;dbVar:nssv15154251;dbVar:nssv15154276;dbVar:nssv15154286;dbVar:nssv15154831;dbVar:nssv15154849;dbVar:nssv15154850;dbVar:nssv15770450;dbVar:nssv15770787;dbVar:nssv15771016;dbVar:nssv15771040;dbVar:nssv16212080;dbVar:nssv16213030;dbVar:nssv16213837;dbVar:nssv16213896;dbVar:nssv16213938;dbVar:nssv17517522;dbVar:nssv17971542;dbVar:nssv17973428;dbVar:nssv17973431;dbVar:nssv17973433;dbVar:nssv17973435;dbVar:nssv17973670;dbVar:nssv17973801;dbVar:nssv17973885;dbVar:nssv18326648;dbVar:nssv18789704;dbVar:nssv18789705;dbVar:nssv18789708;dbVar:nssv18792256;dbVar:nssv18792257;dbVar:nssv18792258;dbVar:nssv18792847	X:31187541-31366771;X:31187541-31382270;X:31187551-31525580;X:31191637-31526374;X:31196030-31201041;X:31196030-31525590;X:31196040-31241248;X:31196767-31241258;X:31222069-31229031;X:31222069-31341785;X:31222079-31241238;X:31224680-31382270;X:31227596-31627738;X:31241145-31525590;X:31241155-31525580;X:31241240-31496222;X:31279053-31525590;X:31332524-31462764;X:31332524-31525580;X:31332524-31526374;X:31332524-31627738;X:31341696-31341795;X:31341696-31525590;X:31341706-31341785;X:31341706-31366761;X:31341715-31366751;X:31366654-31366771;X:31366654-31382270;X:31366654-31462764;X:31366664-31525580;X:31462579-31645999;X:31462746-31645789;X:31537078-31619941;X:31613688-31645989;X:31627739-31645989	Becker muscular dystrophy, 300376 (3) XLR;Cardiomyopathy, dilated, 3B, 302045 (3) XL;Duchenne muscular dystrophy, 310200 (3) XLR;Duchenne_muscular_dystrophy		CLN:3765238;CLN:535132;CLN:852495;dbVar:nssv15133311;dbVar:nssv15149444;dbVar:nssv15149453;dbVar:nssv15151060;dbVar:nssv15151912;dbVar:nssv15154212;dbVar:nssv15154237;dbVar:nssv15770242;dbVar:nssv15770451;dbVar:nssv15770608;dbVar:nssv15770803;dbVar:nssv16212458;dbVar:nssv16213280;dbVar:nssv16214303;dbVar:nssv16214459;dbVar:nssv16215056;dbVar:nssv16255798;dbVar:nssv17171526;dbVar:nssv17171617;dbVar:nssv17171619;dbVar:nssv17171620;dbVar:nssv17171710;dbVar:nssv17171711;dbVar:nssv17172502;dbVar:nssv17683525;dbVar:nssv17970765;dbVar:nssv17971539;dbVar:nssv17971662;dbVar:nssv17971697;dbVar:nssv17971791;dbVar:nssv17972199;dbVar:nssv17973442;dbVar:nssv17976568;dbVar:nssv18329046;dbVar:nssv18329056;dbVar:nssv18329584;dbVar:nssv18330321;dbVar:nssv18788360;dbVar:nssv18788383;dbVar:nssv18788385;dbVar:nssv18788468;dbVar:nssv18788469;dbVar:nssv18788472;dbVar:nssv18788473;dbVar:nssv18788474;dbVar:nssv18788476;morbid:DMD	X:31187561-31187718;X:31196030-31525590;X:31196073-31196263;X:31196081-31196263;X:31196312-31285071;X:31196767-31229031;X:31200903-31200983;X:31201032-31224689;X:31222059-31222255;X:31222059-31227836;X:31222059-31279781;X:31223727-31224733;X:31241145-31241258;X:31241145-31279781;X:31241249-31341705;X:31279053-31279153;X:31279053-31366771;X:31279053-31497240;X:31279063-31279781;X:31279073-31279133;X:31301656-31365681;X:31332524-31382270;X:31332524-31462764;X:31332524-31497240;X:31332524-31525580;X:31341696-31341795;X:31341696-31526374;X:31341706-31341785;X:31341706-31525580;X:31341716-31497220;X:31366654-31497240;X:31366664-31525580;X:31366753-31514904;X:31449216-31543991;X:31458627-31479641;X:31462579-31515081;X:31462579-31525590;X:31462589-31462754;X:31462589-31525580;X:31462599-31515061;X:31496204-31515081;X:31496204-31645999;X:31496214-31515071;X:31496214-31526364;X:31514896-31525580;X:31514906-31645979;X:31515063-31645789;X:31525389-31525580;X:31645771-31645999;X:31645781-31645989	Duchenne_muscular_dystrophy		CLN:1426081;CLN:2976592;dbVar:nssv17972947	X:31196051-31196171;X:31497170-31497169;X:31497170-31497305											338	Abnormality_of_the_musculature;Becker_muscular_dystrophy;Calf_muscle_hypertrophy;Cardiomyopathy;Cardiovascular_phenotype;DMD-related_disorder;Dilated_cardiomyopathy_3B;Duchenne_muscular_dystrophy;Dystrophin_deficiency;Elevated_circulating_creatine_kinase_concentration;Intermediate_muscular_dystrophy;Motor_delay;Proximal_muscle_weakness_in_lower_limbs;Qualitative_or_quantitative_defects_of_dystrophin;See_cases;X-linked_DMD-related_dystrophinopathy;not_specified										IMH	X:11608892-40416734	0.1667																								3	0	0.27				-2.65362022636097	-4.19962757493385	Becker muscular dystrophy;Duchenne and Becker muscular dystrophy;Duchenne muscular dystrophy;dilated cardiomyopathy 3B;familial isolated dilated cardiomyopathy;non-syndromic X-linked intellectual disability;progressive muscular dystrophy;symptomatic form of muscular dystrophy of Duchenne and Becker in female carriers	AD;XL	Definitive;Strong;Supportive	14567970[PMID]_20301486[PMID];16770791;19367636;23900271[PMID];25007885;NULL	1756	HGNC:2928	300377	Becker muscular dystrophy, 300376 (3) XLR;Cardiomyopathy, dilated, 3B, 302045 (3) XL;Duchenne muscular dystrophy, 310200 (3) XLR	XL;XLR	yes		0	1.0000e+00	1.0000e+00			full=5
X_31496270_31950345_DEL_1	X	31496270	31950345	-454076	CNV033	DEL	NA	full	p21.2-p21.1	DMD	FTHL17	MIR3915	1																GK (HI=3/morbid/RE=ABC_enhancer)			dbVar:nssv15132783;dbVar:nssv15138843;dbVar:nssv15151960;dbVar:nssv15152281;dbVar:nssv15153019;dbVar:nssv15154229;dbVar:nssv15154266;dbVar:nssv15770555;dbVar:nssv15771040;dbVar:nssv16212080;dbVar:nssv16212225;dbVar:nssv16213601;dbVar:nssv16214158;dbVar:nssv16214217;dbVar:nssv16214394;dbVar:nssv16214503;dbVar:nssv16596267;dbVar:nssv17173258;dbVar:nssv17971056;dbVar:nssv17972338;dbVar:nssv17973819;dbVar:nssv17973876;dbVar:nssv17976166;dbVar:nssv18326535;dbVar:nssv18789695	X:31514886-31697723;X:31525572-31676106;X:31525572-31854834;X:31536870-31654152;X:31537078-31619941;X:31613688-31645989;X:31627739-31645989;X:31627739-31838220;X:31645781-31838210;X:31676088-31747885;X:31676098-31676271;X:31676098-31747875;X:31697473-31697723;X:31697483-31697713;X:31747729-31747885;X:31747729-31893510;X:31747739-31747875;X:31747739-31838210;X:31792058-31792329;X:31792311-31893304;X:31838073-31838220;X:31838073-31854956;X:31838073-31893510;X:31838202-31947712;X:31854826-31893500			dbVar:nssv15120716;dbVar:nssv15122765;dbVar:nssv15123480;dbVar:nssv15124380;dbVar:nssv15124393;dbVar:nssv15127684;dbVar:nssv15131108;dbVar:nssv15134087;nssv15134088;dbVar:nssv15135113;dbVar:nssv15138207;dbVar:nssv15138533;dbVar:nssv15141119;dbVar:nssv15141349;dbVar:nssv15145067;dbVar:nssv15145259;dbVar:nssv15147760;dbVar:nssv15149157;dbVar:nssv15149449;dbVar:nssv15149457;dbVar:nssv15149816;dbVar:nssv15150572;dbVar:nssv15150863;dbVar:nssv15150867;dbVar:nssv15151061;dbVar:nssv15151063;dbVar:nssv15151068;dbVar:nssv15151069;dbVar:nssv15151608;dbVar:nssv15151916;dbVar:nssv15151917;dbVar:nssv15151933;dbVar:nssv15152983;dbVar:nssv15152989;dbVar:nssv15153088;dbVar:nssv15153089;dbVar:nssv15153102;dbVar:nssv15153417;dbVar:nssv15154193;dbVar:nssv15154249;dbVar:nssv15154252;dbVar:nssv15154260;dbVar:nssv15154840;dbVar:nssv15154846;dbVar:nssv15156305;dbVar:nssv15173233;dbVar:nssv15223224;dbVar:nssv15605850;dbVar:nssv15769998;nssv17683529;dbVar:nssv15770055;dbVar:nssv15770056;dbVar:nssv15770242;dbVar:nssv15770341;dbVar:nssv15770374;dbVar:nssv15770515;dbVar:nssv15770548;nssv17683527;dbVar:nssv15770652;dbVar:nssv15770683;dbVar:nssv15770690;dbVar:nssv15770696;dbVar:nssv15770723;dbVar:nssv15770733;dbVar:nssv15770774;dbVar:nssv15770803;dbVar:nssv15770812;dbVar:nssv15770836;nssv17683528;dbVar:nssv15770875;dbVar:nssv16207672;dbVar:nssv16209022;dbVar:nssv16209023;dbVar:nssv16212087;dbVar:nssv16212231;dbVar:nssv16212259;dbVar:nssv16212343;dbVar:nssv16212545;dbVar:nssv16212546;dbVar:nssv16212555;dbVar:nssv16212566;dbVar:nssv16212906;dbVar:nssv16213031;dbVar:nssv16213356;dbVar:nssv16213509;dbVar:nssv16214296;dbVar:nssv16214371;dbVar:nssv16214444;dbVar:nssv16214449;dbVar:nssv16214458;dbVar:nssv16214459;dbVar:nssv16215058;nssv16212309;dbVar:nssv16254695;dbVar:nssv16254697;dbVar:nssv16254701;dbVar:nssv16254704;dbVar:nssv16254705;dbVar:nssv16254719;dbVar:nssv16255120;dbVar:nssv16255780;dbVar:nssv16255786;dbVar:nssv16255787;dbVar:nssv16255788;dbVar:nssv16255797;dbVar:nssv16255798;dbVar:nssv16297028;dbVar:nssv16297077;dbVar:nssv16596269;dbVar:nssv17059590;dbVar:nssv17171709;dbVar:nssv17171711;dbVar:nssv17172663;dbVar:nssv17172872;dbVar:nssv17172873;dbVar:nssv17172874;dbVar:nssv17172875;dbVar:nssv17173157;dbVar:nssv17683473;dbVar:nssv17683488;dbVar:nssv17683530;dbVar:nssv17955904;dbVar:nssv17956579;dbVar:nssv17956784;dbVar:nssv17969333;dbVar:nssv17969334;dbVar:nssv17969336;dbVar:nssv17969337;dbVar:nssv17970811;dbVar:nssv17970813;dbVar:nssv17970993;dbVar:nssv17971045;dbVar:nssv17971054;dbVar:nssv17971535;dbVar:nssv17971538;dbVar:nssv17971705;dbVar:nssv17972642;dbVar:nssv17972722;dbVar:nssv17973245;dbVar:nssv17973983;dbVar:nssv17976782;dbVar:nssv18326554;dbVar:nssv18326567;dbVar:nssv18326638;dbVar:nssv18329037;dbVar:nssv18329039;dbVar:nssv18329041;dbVar:nssv18329053;dbVar:nssv18329057;dbVar:nssv18329059;dbVar:nssv18329443;dbVar:nssv18330232;dbVar:nssv18786560;dbVar:nssv18788358;dbVar:nssv18788359;dbVar:nssv18788360;dbVar:nssv18788380;dbVar:nssv18788381;dbVar:nssv18788382;dbVar:nssv18788458;dbVar:nssv18788459;dbVar:nssv18789717;dbVar:nssv18789718;dbVar:nssv18789724;dbVar:nssv18789725;dbVar:nssv18789726;dbVar:nssv18792608;dbVar:nssv18792621;dbVar:nssv18792884;dbVar:nssv18841985	X:31496493-31893304;X:31514886-31697723;X:31514886-31893510;X:31514896-31525580;X:31514906-31645979;X:31514906-31893490;X:31515063-31645789;X:31525379-31854956;X:31525389-31525580;X:31525572-31792076;X:31525572-31893304;X:31525572-31947712;X:31525581-31893295;X:31593374-31906309;X:31613688-31792319;X:31619546-31745897;X:31627739-31676271;X:31627739-31697713;X:31627739-31747885;X:31627739-31792319;X:31627739-31792329;X:31627739-31854956;X:31627739-31893500;X:31627739-31893510;X:31627739-31897527;X:31637970-31894898;X:31645771-31645999;X:31645771-31838220;X:31645781-31645989;X:31645781-31792319;X:31645791-31676261;X:31645930-31646480;X:31645981-31792076;X:31645981-31893304;X:31652299-31697488;X:31658784-31904252;X:31658890-31683682;X:31664104-31792102;X:31676088-31697723;X:31676088-31747885;X:31676088-31792329;X:31676088-31947882;X:31676098-31676271;X:31676098-31697713;X:31676098-31747875;X:31676098-31792319;X:31676098-31854946;X:31676098-31893500;X:31676098-31897527;X:31676108-31838200;X:31676108-31854936;X:31676263-31893304;X:31678344-31838518;X:31681370-31923633;X:31683624-31766614;X:31684916-31723599;X:31684917-31875673;X:31695497-31889320;X:31697473-31697723;X:31697473-31792329;X:31697473-31854956;X:31697473-31893510;X:31697481-31766673;X:31697483-31697713;X:31697483-31747875;X:31697483-31792319;X:31697483-31854946;X:31697672-31852275;X:31697705-31792076;X:31697705-31838091;X:31697705-31893304;X:31697705-31947712;X:31697714-31838082;X:31713410-31761739;X:31713410-31858935;X:31743031-31824743;X:31745486-31893510;X:31745486-31897527;X:31747729-31747885;X:31747729-31792329;X:31747729-31893510;X:31747729-31947882;X:31747739-31747875;X:31747739-31792319;X:31747739-31838210;X:31747739-31854946;X:31747739-31893500;X:31747739-31897527;X:31747743-31792315;X:31747749-31747865;X:31747749-31792309;X:31747749-31838200;X:31747749-31950344;X:31747793-31791091;X:31747828-31806244;X:31747867-31838091;X:31747867-31893304;X:31747867-31947712;X:31747867-31950196;X:31747876-31893295;X:31760633-31864900;X:31761312-31858935;X:31761312-31869309;X:31761313-31876380;X:31762981-31864904;X:31763742-31895033;X:31764088-31864634;X:31766615-31855217;X:31766615-31896429;X:31766646-31923633;X:31780565-31890502;X:31785366-31792122;X:31786038-31893375;X:31792058-31792329;X:31792058-31893510;X:31792068-31792319;X:31792068-31854946;X:31792068-31893500;X:31792068-31897527;X:31792078-31792309;X:31792078-31854936;X:31792078-31854939;X:31792078-31893490;X:31792130-31825303;X:31792307-31846389;X:31792311-31854834;X:31792311-31893304;X:31792311-31947712;X:31792311-31950196;X:31792320-31854825;X:31792320-31893295;X:31792320-31947703;X:31792557-31877473;X:31815808-31875058;X:31836969-31945018;X:31838073-31838220;X:31838073-31854956;X:31838073-31893510;X:31838073-31897527;X:31838083-31838210;X:31838083-31854946;X:31838083-31893500;X:31838083-31897527;X:31838083-31947872;X:31838093-31854936;X:31838093-31893490;X:31838187-31838598;X:31838202-31893304;X:31838202-31947712;X:31838468-31867499;X:31853997-31855256;X:31854816-31854956;X:31854816-31893510;X:31854826-31854946;X:31854826-31897527;X:31854836-31854936;X:31854836-31893490;X:31854911-31872176;X:31854938-31947712;X:31885288-31927655;X:31893286-31893510;X:31893286-31947882;X:31893296-31897527;X:31893492-31950196;X:31947704-31947872	Duchenne_muscular_dystrophy		CLN:1426081;CLN:2183742;CLN:3854362;dbVar:nssv17972947;dbVar:nssv18786230	X:31497170-31497169;X:31497170-31497305;X:31697577-31697692;X:31893417-31893416;X:31893417-31893493											270	Abnormality_of_the_musculature;Becker_muscular_dystrophy;Cardiomyopathy;Cardiovascular_phenotype;DMD-related_disorder;Dilated_cardiomyopathy_3B;Duchenne_and_Becker_muscular_dystrophy;Duchenne_muscular_dystrophy;Dystrophin_deficiency;Qualitative_or_quantitative_defects_of_dystrophin;See_cases;not_specified										IMH	X:11608892-40416734	0.1667			X:31889159-31894898 dgv2260e212	X:31889159-31894898 dgv2260e212			X:31505931-31506850 1000g;chrX:31546272-31546462 dbVar;X:31546273-31546371 IMH;X:31577451-31577914 esv2661550;X:31577478-31577818 gnomAD-SV_v2.1_DEL_X_185458;chrX:31606648-31612765 dbVar;chrX:31723160-31723337 dbVar;chrX:31764309-31779911 dbVar;chrX:31801135-31803349 dbVar;chrX:31811437-31812157 dbVar;X:31811561-31812145 1000g;chrX:31823806-31827991 dbVar;chrX:31931447-31945459 dbVar;X:31505931-31506850 1000g;chrX:31546272-31546462 dbVar;X:31546273-31546371 IMH;X:31577451-31577914 esv2661550;X:31577478-31577818 gnomAD-SV_v2.1_DEL_X_185458;chrX:31606648-31612765 dbVar;chrX:31723160-31723337 dbVar...	chrX:31505930-31506850 dbVar;chrX:31529162-31554252 dbVar;X:31546272-31546462 gnomAD-SV_v2.1_DEL_X_185456;chrX:31570441-31575883 dbVar;chrX:31577478-31577818 dbVar;chrX:31603401-31603494 dbVar;chrX:31607133-31607747 dbVar;chrX:31739143-31739833 dbVar;chrX:31781360-31784697 dbVar;chrX:31810827-31830322 dbVar;chrX:31811560-31812145 dbVar;chrX:31823711-31828029 dbVar;X:31889159-31895094 dgv2261e212;chrX:31505930-31506850 dbVar;chrX:31529162-31554252 dbVar;X:31546272-31546462 gnomAD-SV_v2.1_DEL_X_185456;chrX:31570441-31575883 dbVar;chrX:31577478-31577818 dbVar;chrX:31603401-31603494 dbVar;chrX:31607133-31607747 dbVar...	0.540	0.300														3		0.27				-2.65362022636097	-4.19962757493385							300377			yes		0	1.0000e+00	1.0000e+00	1.0	1A (cf Gene_count, RE_gene, +0.00);2A (cf P_loss_source, +1.00);3A (1 gene, +0.00);5F (+0.00)	5
X_31496270_31950345_DEL_1	X	31496270	31950345	-454076	CNV033	DEL	NA	split	p21.2-p21.1	DMD				NM_004011	4	31137338	32430345	454076	2276	32	yes	51	intron17-exon31	CDS	1	3'	31496269	31950345				dbVar:nssv15132783;dbVar:nssv15138843;dbVar:nssv15151960;dbVar:nssv15152281;dbVar:nssv15153019;dbVar:nssv15154229;dbVar:nssv15154266;dbVar:nssv15770555;dbVar:nssv15771040;dbVar:nssv16212080;dbVar:nssv16212225;dbVar:nssv16213601;dbVar:nssv16214158;dbVar:nssv16214217;dbVar:nssv16214394;dbVar:nssv16214503;dbVar:nssv16596267;dbVar:nssv17173258;dbVar:nssv17971056;dbVar:nssv17972338;dbVar:nssv17973819;dbVar:nssv17973876;dbVar:nssv17976166;dbVar:nssv18326535;dbVar:nssv18789695	X:31514886-31697723;X:31525572-31676106;X:31525572-31854834;X:31536870-31654152;X:31537078-31619941;X:31613688-31645989;X:31627739-31645989;X:31627739-31838220;X:31645781-31838210;X:31676088-31747885;X:31676098-31676271;X:31676098-31747875;X:31697473-31697723;X:31697483-31697713;X:31747729-31747885;X:31747729-31893510;X:31747739-31747875;X:31747739-31838210;X:31792058-31792329;X:31792311-31893304;X:31838073-31838220;X:31838073-31854956;X:31838073-31893510;X:31838202-31947712;X:31854826-31893500			dbVar:nssv15120716;dbVar:nssv15122765;dbVar:nssv15123480;dbVar:nssv15124380;dbVar:nssv15124393;dbVar:nssv15127684;dbVar:nssv15131108;dbVar:nssv15134087;nssv15134088;dbVar:nssv15135113;dbVar:nssv15138207;dbVar:nssv15138533;dbVar:nssv15141119;dbVar:nssv15141349;dbVar:nssv15145067;dbVar:nssv15145259;dbVar:nssv15147760;dbVar:nssv15149157;dbVar:nssv15149449;dbVar:nssv15149457;dbVar:nssv15149816;dbVar:nssv15150572;dbVar:nssv15150863;dbVar:nssv15150867;dbVar:nssv15151061;dbVar:nssv15151063;dbVar:nssv15151068;dbVar:nssv15151069;dbVar:nssv15151608;dbVar:nssv15151916;dbVar:nssv15151917;dbVar:nssv15151933;dbVar:nssv15152983;dbVar:nssv15152989;dbVar:nssv15153088;dbVar:nssv15153089;dbVar:nssv15153102;dbVar:nssv15153417;dbVar:nssv15154193;dbVar:nssv15154249;dbVar:nssv15154252;dbVar:nssv15154260;dbVar:nssv15154840;dbVar:nssv15154846;dbVar:nssv15156305;dbVar:nssv15173233;dbVar:nssv15223224;dbVar:nssv15605850;dbVar:nssv15769998;nssv17683529;dbVar:nssv15770055;dbVar:nssv15770056;dbVar:nssv15770242;dbVar:nssv15770341;dbVar:nssv15770374;dbVar:nssv15770515;dbVar:nssv15770548;nssv17683527;dbVar:nssv15770652;dbVar:nssv15770683;dbVar:nssv15770690;dbVar:nssv15770696;dbVar:nssv15770723;dbVar:nssv15770733;dbVar:nssv15770774;dbVar:nssv15770803;dbVar:nssv15770812;dbVar:nssv15770836;nssv17683528;dbVar:nssv15770875;dbVar:nssv16207672;dbVar:nssv16209022;dbVar:nssv16209023;dbVar:nssv16212087;dbVar:nssv16212231;dbVar:nssv16212259;dbVar:nssv16212343;dbVar:nssv16212545;dbVar:nssv16212546;dbVar:nssv16212555;dbVar:nssv16212566;dbVar:nssv16212906;dbVar:nssv16213031;dbVar:nssv16213356;dbVar:nssv16213509;dbVar:nssv16214296;dbVar:nssv16214371;dbVar:nssv16214444;dbVar:nssv16214449;dbVar:nssv16214458;dbVar:nssv16214459;dbVar:nssv16215058;nssv16212309;dbVar:nssv16254695;dbVar:nssv16254697;dbVar:nssv16254701;dbVar:nssv16254704;dbVar:nssv16254705;dbVar:nssv16254719;dbVar:nssv16255120;dbVar:nssv16255780;dbVar:nssv16255786;dbVar:nssv16255787;dbVar:nssv16255788;dbVar:nssv16255797;dbVar:nssv16255798;dbVar:nssv16297028;dbVar:nssv16297077;dbVar:nssv16596269;dbVar:nssv17059590;dbVar:nssv17171709;dbVar:nssv17171711;dbVar:nssv17172663;dbVar:nssv17172872;dbVar:nssv17172873;dbVar:nssv17172874;dbVar:nssv17172875;dbVar:nssv17173157;dbVar:nssv17683473;dbVar:nssv17683488;dbVar:nssv17683530;dbVar:nssv17955904;dbVar:nssv17956579;dbVar:nssv17956784;dbVar:nssv17969333;dbVar:nssv17969334;dbVar:nssv17969336;dbVar:nssv17969337;dbVar:nssv17970811;dbVar:nssv17970813;dbVar:nssv17970993;dbVar:nssv17971045;dbVar:nssv17971054;dbVar:nssv17971535;dbVar:nssv17971538;dbVar:nssv17971705;dbVar:nssv17972642;dbVar:nssv17972722;dbVar:nssv17973245;dbVar:nssv17973983;dbVar:nssv17976782;dbVar:nssv18326554;dbVar:nssv18326567;dbVar:nssv18326638;dbVar:nssv18329037;dbVar:nssv18329039;dbVar:nssv18329041;dbVar:nssv18329053;dbVar:nssv18329057;dbVar:nssv18329059;dbVar:nssv18329443;dbVar:nssv18330232;dbVar:nssv18786560;dbVar:nssv18788358;dbVar:nssv18788359;dbVar:nssv18788360;dbVar:nssv18788380;dbVar:nssv18788381;dbVar:nssv18788382;dbVar:nssv18788458;dbVar:nssv18788459;dbVar:nssv18789717;dbVar:nssv18789718;dbVar:nssv18789724;dbVar:nssv18789725;dbVar:nssv18789726;dbVar:nssv18792608;dbVar:nssv18792621;dbVar:nssv18792884;dbVar:nssv18841985	X:31496493-31893304;X:31514886-31697723;X:31514886-31893510;X:31514896-31525580;X:31514906-31645979;X:31514906-31893490;X:31515063-31645789;X:31525379-31854956;X:31525389-31525580;X:31525572-31792076;X:31525572-31893304;X:31525572-31947712;X:31525581-31893295;X:31593374-31906309;X:31613688-31792319;X:31619546-31745897;X:31627739-31676271;X:31627739-31697713;X:31627739-31747885;X:31627739-31792319;X:31627739-31792329;X:31627739-31854956;X:31627739-31893500;X:31627739-31893510;X:31627739-31897527;X:31637970-31894898;X:31645771-31645999;X:31645771-31838220;X:31645781-31645989;X:31645781-31792319;X:31645791-31676261;X:31645930-31646480;X:31645981-31792076;X:31645981-31893304;X:31652299-31697488;X:31658784-31904252;X:31658890-31683682;X:31664104-31792102;X:31676088-31697723;X:31676088-31747885;X:31676088-31792329;X:31676088-31947882;X:31676098-31676271;X:31676098-31697713;X:31676098-31747875;X:31676098-31792319;X:31676098-31854946;X:31676098-31893500;X:31676098-31897527;X:31676108-31838200;X:31676108-31854936;X:31676263-31893304;X:31678344-31838518;X:31681370-31923633;X:31683624-31766614;X:31684916-31723599;X:31684917-31875673;X:31695497-31889320;X:31697473-31697723;X:31697473-31792329;X:31697473-31854956;X:31697473-31893510;X:31697481-31766673;X:31697483-31697713;X:31697483-31747875;X:31697483-31792319;X:31697483-31854946;X:31697672-31852275;X:31697705-31792076;X:31697705-31838091;X:31697705-31893304;X:31697705-31947712;X:31697714-31838082;X:31713410-31761739;X:31713410-31858935;X:31743031-31824743;X:31745486-31893510;X:31745486-31897527;X:31747729-31747885;X:31747729-31792329;X:31747729-31893510;X:31747729-31947882;X:31747739-31747875;X:31747739-31792319;X:31747739-31838210;X:31747739-31854946;X:31747739-31893500;X:31747739-31897527;X:31747743-31792315;X:31747749-31747865;X:31747749-31792309;X:31747749-31838200;X:31747749-31950344;X:31747793-31791091;X:31747828-31806244;X:31747867-31838091;X:31747867-31893304;X:31747867-31947712;X:31747867-31950196;X:31747876-31893295;X:31760633-31864900;X:31761312-31858935;X:31761312-31869309;X:31761313-31876380;X:31762981-31864904;X:31763742-31895033;X:31764088-31864634;X:31766615-31855217;X:31766615-31896429;X:31766646-31923633;X:31780565-31890502;X:31785366-31792122;X:31786038-31893375;X:31792058-31792329;X:31792058-31893510;X:31792068-31792319;X:31792068-31854946;X:31792068-31893500;X:31792068-31897527;X:31792078-31792309;X:31792078-31854936;X:31792078-31854939;X:31792078-31893490;X:31792130-31825303;X:31792307-31846389;X:31792311-31854834;X:31792311-31893304;X:31792311-31947712;X:31792311-31950196;X:31792320-31854825;X:31792320-31893295;X:31792320-31947703;X:31792557-31877473;X:31815808-31875058;X:31836969-31945018;X:31838073-31838220;X:31838073-31854956;X:31838073-31893510;X:31838073-31897527;X:31838083-31838210;X:31838083-31854946;X:31838083-31893500;X:31838083-31897527;X:31838083-31947872;X:31838093-31854936;X:31838093-31893490;X:31838187-31838598;X:31838202-31893304;X:31838202-31947712;X:31838468-31867499;X:31853997-31855256;X:31854816-31854956;X:31854816-31893510;X:31854826-31854946;X:31854826-31897527;X:31854836-31854936;X:31854836-31893490;X:31854911-31872176;X:31854938-31947712;X:31885288-31927655;X:31893286-31893510;X:31893286-31947882;X:31893296-31897527;X:31893492-31950196;X:31947704-31947872	Duchenne_muscular_dystrophy		CLN:1426081;CLN:2183742;CLN:3854362;dbVar:nssv17972947;dbVar:nssv18786230	X:31497170-31497169;X:31497170-31497305;X:31697577-31697692;X:31893417-31893416;X:31893417-31893493											270	Abnormality_of_the_musculature;Becker_muscular_dystrophy;Cardiomyopathy;Cardiovascular_phenotype;DMD-related_disorder;Dilated_cardiomyopathy_3B;Duchenne_and_Becker_muscular_dystrophy;Duchenne_muscular_dystrophy;Dystrophin_deficiency;Qualitative_or_quantitative_defects_of_dystrophin;See_cases;not_specified										IMH	X:11608892-40416734	0.1667																								3	0	0.27				-2.65362022636097	-4.19962757493385	Becker muscular dystrophy;Duchenne and Becker muscular dystrophy;Duchenne muscular dystrophy;dilated cardiomyopathy 3B;familial isolated dilated cardiomyopathy;non-syndromic X-linked intellectual disability;progressive muscular dystrophy;symptomatic form of muscular dystrophy of Duchenne and Becker in female carriers	AD;XL	Definitive;Strong;Supportive	14567970[PMID]_20301486[PMID];16770791;19367636;23900271[PMID];25007885;NULL	1756	HGNC:2928	300377	Becker muscular dystrophy, 300376 (3) XLR;Cardiomyopathy, dilated, 3B, 302045 (3) XL;Duchenne muscular dystrophy, 310200 (3) XLR	XL;XLR	yes		0	1.0000e+00	1.0000e+00			full=5
X_31496270_31950345_DEL_1	X	31496270	31950345	-454076	CNV120	DEL	NA	full	p21.2-p21.1	DMD	FTHL17	MIR3915	1																GK (HI=3/morbid/RE=ABC_enhancer)			dbVar:nssv15132783;dbVar:nssv15138843;dbVar:nssv15151960;dbVar:nssv15152281;dbVar:nssv15153019;dbVar:nssv15154229;dbVar:nssv15154266;dbVar:nssv15770555;dbVar:nssv15771040;dbVar:nssv16212080;dbVar:nssv16212225;dbVar:nssv16213601;dbVar:nssv16214158;dbVar:nssv16214217;dbVar:nssv16214394;dbVar:nssv16214503;dbVar:nssv16596267;dbVar:nssv17173258;dbVar:nssv17971056;dbVar:nssv17972338;dbVar:nssv17973819;dbVar:nssv17973876;dbVar:nssv17976166;dbVar:nssv18326535;dbVar:nssv18789695	X:31514886-31697723;X:31525572-31676106;X:31525572-31854834;X:31536870-31654152;X:31537078-31619941;X:31613688-31645989;X:31627739-31645989;X:31627739-31838220;X:31645781-31838210;X:31676088-31747885;X:31676098-31676271;X:31676098-31747875;X:31697473-31697723;X:31697483-31697713;X:31747729-31747885;X:31747729-31893510;X:31747739-31747875;X:31747739-31838210;X:31792058-31792329;X:31792311-31893304;X:31838073-31838220;X:31838073-31854956;X:31838073-31893510;X:31838202-31947712;X:31854826-31893500			dbVar:nssv15120716;dbVar:nssv15122765;dbVar:nssv15123480;dbVar:nssv15124380;dbVar:nssv15124393;dbVar:nssv15127684;dbVar:nssv15131108;dbVar:nssv15134087;nssv15134088;dbVar:nssv15135113;dbVar:nssv15138207;dbVar:nssv15138533;dbVar:nssv15141119;dbVar:nssv15141349;dbVar:nssv15145067;dbVar:nssv15145259;dbVar:nssv15147760;dbVar:nssv15149157;dbVar:nssv15149449;dbVar:nssv15149457;dbVar:nssv15149816;dbVar:nssv15150572;dbVar:nssv15150863;dbVar:nssv15150867;dbVar:nssv15151061;dbVar:nssv15151063;dbVar:nssv15151068;dbVar:nssv15151069;dbVar:nssv15151608;dbVar:nssv15151916;dbVar:nssv15151917;dbVar:nssv15151933;dbVar:nssv15152983;dbVar:nssv15152989;dbVar:nssv15153088;dbVar:nssv15153089;dbVar:nssv15153102;dbVar:nssv15153417;dbVar:nssv15154193;dbVar:nssv15154249;dbVar:nssv15154252;dbVar:nssv15154260;dbVar:nssv15154840;dbVar:nssv15154846;dbVar:nssv15156305;dbVar:nssv15173233;dbVar:nssv15223224;dbVar:nssv15605850;dbVar:nssv15769998;nssv17683529;dbVar:nssv15770055;dbVar:nssv15770056;dbVar:nssv15770242;dbVar:nssv15770341;dbVar:nssv15770374;dbVar:nssv15770515;dbVar:nssv15770548;nssv17683527;dbVar:nssv15770652;dbVar:nssv15770683;dbVar:nssv15770690;dbVar:nssv15770696;dbVar:nssv15770723;dbVar:nssv15770733;dbVar:nssv15770774;dbVar:nssv15770803;dbVar:nssv15770812;dbVar:nssv15770836;nssv17683528;dbVar:nssv15770875;dbVar:nssv16207672;dbVar:nssv16209022;dbVar:nssv16209023;dbVar:nssv16212087;dbVar:nssv16212231;dbVar:nssv16212259;dbVar:nssv16212343;dbVar:nssv16212545;dbVar:nssv16212546;dbVar:nssv16212555;dbVar:nssv16212566;dbVar:nssv16212906;dbVar:nssv16213031;dbVar:nssv16213356;dbVar:nssv16213509;dbVar:nssv16214296;dbVar:nssv16214371;dbVar:nssv16214444;dbVar:nssv16214449;dbVar:nssv16214458;dbVar:nssv16214459;dbVar:nssv16215058;nssv16212309;dbVar:nssv16254695;dbVar:nssv16254697;dbVar:nssv16254701;dbVar:nssv16254704;dbVar:nssv16254705;dbVar:nssv16254719;dbVar:nssv16255120;dbVar:nssv16255780;dbVar:nssv16255786;dbVar:nssv16255787;dbVar:nssv16255788;dbVar:nssv16255797;dbVar:nssv16255798;dbVar:nssv16297028;dbVar:nssv16297077;dbVar:nssv16596269;dbVar:nssv17059590;dbVar:nssv17171709;dbVar:nssv17171711;dbVar:nssv17172663;dbVar:nssv17172872;dbVar:nssv17172873;dbVar:nssv17172874;dbVar:nssv17172875;dbVar:nssv17173157;dbVar:nssv17683473;dbVar:nssv17683488;dbVar:nssv17683530;dbVar:nssv17955904;dbVar:nssv17956579;dbVar:nssv17956784;dbVar:nssv17969333;dbVar:nssv17969334;dbVar:nssv17969336;dbVar:nssv17969337;dbVar:nssv17970811;dbVar:nssv17970813;dbVar:nssv17970993;dbVar:nssv17971045;dbVar:nssv17971054;dbVar:nssv17971535;dbVar:nssv17971538;dbVar:nssv17971705;dbVar:nssv17972642;dbVar:nssv17972722;dbVar:nssv17973245;dbVar:nssv17973983;dbVar:nssv17976782;dbVar:nssv18326554;dbVar:nssv18326567;dbVar:nssv18326638;dbVar:nssv18329037;dbVar:nssv18329039;dbVar:nssv18329041;dbVar:nssv18329053;dbVar:nssv18329057;dbVar:nssv18329059;dbVar:nssv18329443;dbVar:nssv18330232;dbVar:nssv18786560;dbVar:nssv18788358;dbVar:nssv18788359;dbVar:nssv18788360;dbVar:nssv18788380;dbVar:nssv18788381;dbVar:nssv18788382;dbVar:nssv18788458;dbVar:nssv18788459;dbVar:nssv18789717;dbVar:nssv18789718;dbVar:nssv18789724;dbVar:nssv18789725;dbVar:nssv18789726;dbVar:nssv18792608;dbVar:nssv18792621;dbVar:nssv18792884;dbVar:nssv18841985	X:31496493-31893304;X:31514886-31697723;X:31514886-31893510;X:31514896-31525580;X:31514906-31645979;X:31514906-31893490;X:31515063-31645789;X:31525379-31854956;X:31525389-31525580;X:31525572-31792076;X:31525572-31893304;X:31525572-31947712;X:31525581-31893295;X:31593374-31906309;X:31613688-31792319;X:31619546-31745897;X:31627739-31676271;X:31627739-31697713;X:31627739-31747885;X:31627739-31792319;X:31627739-31792329;X:31627739-31854956;X:31627739-31893500;X:31627739-31893510;X:31627739-31897527;X:31637970-31894898;X:31645771-31645999;X:31645771-31838220;X:31645781-31645989;X:31645781-31792319;X:31645791-31676261;X:31645930-31646480;X:31645981-31792076;X:31645981-31893304;X:31652299-31697488;X:31658784-31904252;X:31658890-31683682;X:31664104-31792102;X:31676088-31697723;X:31676088-31747885;X:31676088-31792329;X:31676088-31947882;X:31676098-31676271;X:31676098-31697713;X:31676098-31747875;X:31676098-31792319;X:31676098-31854946;X:31676098-31893500;X:31676098-31897527;X:31676108-31838200;X:31676108-31854936;X:31676263-31893304;X:31678344-31838518;X:31681370-31923633;X:31683624-31766614;X:31684916-31723599;X:31684917-31875673;X:31695497-31889320;X:31697473-31697723;X:31697473-31792329;X:31697473-31854956;X:31697473-31893510;X:31697481-31766673;X:31697483-31697713;X:31697483-31747875;X:31697483-31792319;X:31697483-31854946;X:31697672-31852275;X:31697705-31792076;X:31697705-31838091;X:31697705-31893304;X:31697705-31947712;X:31697714-31838082;X:31713410-31761739;X:31713410-31858935;X:31743031-31824743;X:31745486-31893510;X:31745486-31897527;X:31747729-31747885;X:31747729-31792329;X:31747729-31893510;X:31747729-31947882;X:31747739-31747875;X:31747739-31792319;X:31747739-31838210;X:31747739-31854946;X:31747739-31893500;X:31747739-31897527;X:31747743-31792315;X:31747749-31747865;X:31747749-31792309;X:31747749-31838200;X:31747749-31950344;X:31747793-31791091;X:31747828-31806244;X:31747867-31838091;X:31747867-31893304;X:31747867-31947712;X:31747867-31950196;X:31747876-31893295;X:31760633-31864900;X:31761312-31858935;X:31761312-31869309;X:31761313-31876380;X:31762981-31864904;X:31763742-31895033;X:31764088-31864634;X:31766615-31855217;X:31766615-31896429;X:31766646-31923633;X:31780565-31890502;X:31785366-31792122;X:31786038-31893375;X:31792058-31792329;X:31792058-31893510;X:31792068-31792319;X:31792068-31854946;X:31792068-31893500;X:31792068-31897527;X:31792078-31792309;X:31792078-31854936;X:31792078-31854939;X:31792078-31893490;X:31792130-31825303;X:31792307-31846389;X:31792311-31854834;X:31792311-31893304;X:31792311-31947712;X:31792311-31950196;X:31792320-31854825;X:31792320-31893295;X:31792320-31947703;X:31792557-31877473;X:31815808-31875058;X:31836969-31945018;X:31838073-31838220;X:31838073-31854956;X:31838073-31893510;X:31838073-31897527;X:31838083-31838210;X:31838083-31854946;X:31838083-31893500;X:31838083-31897527;X:31838083-31947872;X:31838093-31854936;X:31838093-31893490;X:31838187-31838598;X:31838202-31893304;X:31838202-31947712;X:31838468-31867499;X:31853997-31855256;X:31854816-31854956;X:31854816-31893510;X:31854826-31854946;X:31854826-31897527;X:31854836-31854936;X:31854836-31893490;X:31854911-31872176;X:31854938-31947712;X:31885288-31927655;X:31893286-31893510;X:31893286-31947882;X:31893296-31897527;X:31893492-31950196;X:31947704-31947872	Duchenne_muscular_dystrophy		CLN:1426081;CLN:2183742;CLN:3854362;dbVar:nssv17972947;dbVar:nssv18786230	X:31497170-31497169;X:31497170-31497305;X:31697577-31697692;X:31893417-31893416;X:31893417-31893493											270	Abnormality_of_the_musculature;Becker_muscular_dystrophy;Cardiomyopathy;Cardiovascular_phenotype;DMD-related_disorder;Dilated_cardiomyopathy_3B;Duchenne_and_Becker_muscular_dystrophy;Duchenne_muscular_dystrophy;Dystrophin_deficiency;Qualitative_or_quantitative_defects_of_dystrophin;See_cases;not_specified										IMH	X:11608892-40416734	0.1667			X:31889159-31894898 dgv2260e212	X:31889159-31894898 dgv2260e212			X:31505931-31506850 1000g;chrX:31546272-31546462 dbVar;X:31546273-31546371 IMH;X:31577451-31577914 esv2661550;X:31577478-31577818 gnomAD-SV_v2.1_DEL_X_185458;chrX:31606648-31612765 dbVar;chrX:31723160-31723337 dbVar;chrX:31764309-31779911 dbVar;chrX:31801135-31803349 dbVar;chrX:31811437-31812157 dbVar;X:31811561-31812145 1000g;chrX:31823806-31827991 dbVar;chrX:31931447-31945459 dbVar;X:31505931-31506850 1000g;chrX:31546272-31546462 dbVar;X:31546273-31546371 IMH;X:31577451-31577914 esv2661550;X:31577478-31577818 gnomAD-SV_v2.1_DEL_X_185458;chrX:31606648-31612765 dbVar;chrX:31723160-31723337 dbVar...	chrX:31505930-31506850 dbVar;chrX:31529162-31554252 dbVar;X:31546272-31546462 gnomAD-SV_v2.1_DEL_X_185456;chrX:31570441-31575883 dbVar;chrX:31577478-31577818 dbVar;chrX:31603401-31603494 dbVar;chrX:31607133-31607747 dbVar;chrX:31739143-31739833 dbVar;chrX:31781360-31784697 dbVar;chrX:31810827-31830322 dbVar;chrX:31811560-31812145 dbVar;chrX:31823711-31828029 dbVar;X:31889159-31895094 dgv2261e212;chrX:31505930-31506850 dbVar;chrX:31529162-31554252 dbVar;X:31546272-31546462 gnomAD-SV_v2.1_DEL_X_185456;chrX:31570441-31575883 dbVar;chrX:31577478-31577818 dbVar;chrX:31603401-31603494 dbVar;chrX:31607133-31607747 dbVar...	0.540	0.300														3		0.27				-2.65362022636097	-4.19962757493385							300377			yes		0	1.0000e+00	1.0000e+00	1.0	1A (cf Gene_count, RE_gene, +0.00);2A (cf P_loss_source, +1.00);3A (1 gene, +0.00);5F (+0.00)	5
X_31496270_31950345_DEL_1	X	31496270	31950345	-454076	CNV120	DEL	NA	split	p21.2-p21.1	DMD				NM_004011	4	31137338	32430345	454076	2276	32	yes	51	intron17-exon31	CDS	1	3'	31496269	31950345				dbVar:nssv15132783;dbVar:nssv15138843;dbVar:nssv15151960;dbVar:nssv15152281;dbVar:nssv15153019;dbVar:nssv15154229;dbVar:nssv15154266;dbVar:nssv15770555;dbVar:nssv15771040;dbVar:nssv16212080;dbVar:nssv16212225;dbVar:nssv16213601;dbVar:nssv16214158;dbVar:nssv16214217;dbVar:nssv16214394;dbVar:nssv16214503;dbVar:nssv16596267;dbVar:nssv17173258;dbVar:nssv17971056;dbVar:nssv17972338;dbVar:nssv17973819;dbVar:nssv17973876;dbVar:nssv17976166;dbVar:nssv18326535;dbVar:nssv18789695	X:31514886-31697723;X:31525572-31676106;X:31525572-31854834;X:31536870-31654152;X:31537078-31619941;X:31613688-31645989;X:31627739-31645989;X:31627739-31838220;X:31645781-31838210;X:31676088-31747885;X:31676098-31676271;X:31676098-31747875;X:31697473-31697723;X:31697483-31697713;X:31747729-31747885;X:31747729-31893510;X:31747739-31747875;X:31747739-31838210;X:31792058-31792329;X:31792311-31893304;X:31838073-31838220;X:31838073-31854956;X:31838073-31893510;X:31838202-31947712;X:31854826-31893500			dbVar:nssv15120716;dbVar:nssv15122765;dbVar:nssv15123480;dbVar:nssv15124380;dbVar:nssv15124393;dbVar:nssv15127684;dbVar:nssv15131108;dbVar:nssv15134087;nssv15134088;dbVar:nssv15135113;dbVar:nssv15138207;dbVar:nssv15138533;dbVar:nssv15141119;dbVar:nssv15141349;dbVar:nssv15145067;dbVar:nssv15145259;dbVar:nssv15147760;dbVar:nssv15149157;dbVar:nssv15149449;dbVar:nssv15149457;dbVar:nssv15149816;dbVar:nssv15150572;dbVar:nssv15150863;dbVar:nssv15150867;dbVar:nssv15151061;dbVar:nssv15151063;dbVar:nssv15151068;dbVar:nssv15151069;dbVar:nssv15151608;dbVar:nssv15151916;dbVar:nssv15151917;dbVar:nssv15151933;dbVar:nssv15152983;dbVar:nssv15152989;dbVar:nssv15153088;dbVar:nssv15153089;dbVar:nssv15153102;dbVar:nssv15153417;dbVar:nssv15154193;dbVar:nssv15154249;dbVar:nssv15154252;dbVar:nssv15154260;dbVar:nssv15154840;dbVar:nssv15154846;dbVar:nssv15156305;dbVar:nssv15173233;dbVar:nssv15223224;dbVar:nssv15605850;dbVar:nssv15769998;nssv17683529;dbVar:nssv15770055;dbVar:nssv15770056;dbVar:nssv15770242;dbVar:nssv15770341;dbVar:nssv15770374;dbVar:nssv15770515;dbVar:nssv15770548;nssv17683527;dbVar:nssv15770652;dbVar:nssv15770683;dbVar:nssv15770690;dbVar:nssv15770696;dbVar:nssv15770723;dbVar:nssv15770733;dbVar:nssv15770774;dbVar:nssv15770803;dbVar:nssv15770812;dbVar:nssv15770836;nssv17683528;dbVar:nssv15770875;dbVar:nssv16207672;dbVar:nssv16209022;dbVar:nssv16209023;dbVar:nssv16212087;dbVar:nssv16212231;dbVar:nssv16212259;dbVar:nssv16212343;dbVar:nssv16212545;dbVar:nssv16212546;dbVar:nssv16212555;dbVar:nssv16212566;dbVar:nssv16212906;dbVar:nssv16213031;dbVar:nssv16213356;dbVar:nssv16213509;dbVar:nssv16214296;dbVar:nssv16214371;dbVar:nssv16214444;dbVar:nssv16214449;dbVar:nssv16214458;dbVar:nssv16214459;dbVar:nssv16215058;nssv16212309;dbVar:nssv16254695;dbVar:nssv16254697;dbVar:nssv16254701;dbVar:nssv16254704;dbVar:nssv16254705;dbVar:nssv16254719;dbVar:nssv16255120;dbVar:nssv16255780;dbVar:nssv16255786;dbVar:nssv16255787;dbVar:nssv16255788;dbVar:nssv16255797;dbVar:nssv16255798;dbVar:nssv16297028;dbVar:nssv16297077;dbVar:nssv16596269;dbVar:nssv17059590;dbVar:nssv17171709;dbVar:nssv17171711;dbVar:nssv17172663;dbVar:nssv17172872;dbVar:nssv17172873;dbVar:nssv17172874;dbVar:nssv17172875;dbVar:nssv17173157;dbVar:nssv17683473;dbVar:nssv17683488;dbVar:nssv17683530;dbVar:nssv17955904;dbVar:nssv17956579;dbVar:nssv17956784;dbVar:nssv17969333;dbVar:nssv17969334;dbVar:nssv17969336;dbVar:nssv17969337;dbVar:nssv17970811;dbVar:nssv17970813;dbVar:nssv17970993;dbVar:nssv17971045;dbVar:nssv17971054;dbVar:nssv17971535;dbVar:nssv17971538;dbVar:nssv17971705;dbVar:nssv17972642;dbVar:nssv17972722;dbVar:nssv17973245;dbVar:nssv17973983;dbVar:nssv17976782;dbVar:nssv18326554;dbVar:nssv18326567;dbVar:nssv18326638;dbVar:nssv18329037;dbVar:nssv18329039;dbVar:nssv18329041;dbVar:nssv18329053;dbVar:nssv18329057;dbVar:nssv18329059;dbVar:nssv18329443;dbVar:nssv18330232;dbVar:nssv18786560;dbVar:nssv18788358;dbVar:nssv18788359;dbVar:nssv18788360;dbVar:nssv18788380;dbVar:nssv18788381;dbVar:nssv18788382;dbVar:nssv18788458;dbVar:nssv18788459;dbVar:nssv18789717;dbVar:nssv18789718;dbVar:nssv18789724;dbVar:nssv18789725;dbVar:nssv18789726;dbVar:nssv18792608;dbVar:nssv18792621;dbVar:nssv18792884;dbVar:nssv18841985	X:31496493-31893304;X:31514886-31697723;X:31514886-31893510;X:31514896-31525580;X:31514906-31645979;X:31514906-31893490;X:31515063-31645789;X:31525379-31854956;X:31525389-31525580;X:31525572-31792076;X:31525572-31893304;X:31525572-31947712;X:31525581-31893295;X:31593374-31906309;X:31613688-31792319;X:31619546-31745897;X:31627739-31676271;X:31627739-31697713;X:31627739-31747885;X:31627739-31792319;X:31627739-31792329;X:31627739-31854956;X:31627739-31893500;X:31627739-31893510;X:31627739-31897527;X:31637970-31894898;X:31645771-31645999;X:31645771-31838220;X:31645781-31645989;X:31645781-31792319;X:31645791-31676261;X:31645930-31646480;X:31645981-31792076;X:31645981-31893304;X:31652299-31697488;X:31658784-31904252;X:31658890-31683682;X:31664104-31792102;X:31676088-31697723;X:31676088-31747885;X:31676088-31792329;X:31676088-31947882;X:31676098-31676271;X:31676098-31697713;X:31676098-31747875;X:31676098-31792319;X:31676098-31854946;X:31676098-31893500;X:31676098-31897527;X:31676108-31838200;X:31676108-31854936;X:31676263-31893304;X:31678344-31838518;X:31681370-31923633;X:31683624-31766614;X:31684916-31723599;X:31684917-31875673;X:31695497-31889320;X:31697473-31697723;X:31697473-31792329;X:31697473-31854956;X:31697473-31893510;X:31697481-31766673;X:31697483-31697713;X:31697483-31747875;X:31697483-31792319;X:31697483-31854946;X:31697672-31852275;X:31697705-31792076;X:31697705-31838091;X:31697705-31893304;X:31697705-31947712;X:31697714-31838082;X:31713410-31761739;X:31713410-31858935;X:31743031-31824743;X:31745486-31893510;X:31745486-31897527;X:31747729-31747885;X:31747729-31792329;X:31747729-31893510;X:31747729-31947882;X:31747739-31747875;X:31747739-31792319;X:31747739-31838210;X:31747739-31854946;X:31747739-31893500;X:31747739-31897527;X:31747743-31792315;X:31747749-31747865;X:31747749-31792309;X:31747749-31838200;X:31747749-31950344;X:31747793-31791091;X:31747828-31806244;X:31747867-31838091;X:31747867-31893304;X:31747867-31947712;X:31747867-31950196;X:31747876-31893295;X:31760633-31864900;X:31761312-31858935;X:31761312-31869309;X:31761313-31876380;X:31762981-31864904;X:31763742-31895033;X:31764088-31864634;X:31766615-31855217;X:31766615-31896429;X:31766646-31923633;X:31780565-31890502;X:31785366-31792122;X:31786038-31893375;X:31792058-31792329;X:31792058-31893510;X:31792068-31792319;X:31792068-31854946;X:31792068-31893500;X:31792068-31897527;X:31792078-31792309;X:31792078-31854936;X:31792078-31854939;X:31792078-31893490;X:31792130-31825303;X:31792307-31846389;X:31792311-31854834;X:31792311-31893304;X:31792311-31947712;X:31792311-31950196;X:31792320-31854825;X:31792320-31893295;X:31792320-31947703;X:31792557-31877473;X:31815808-31875058;X:31836969-31945018;X:31838073-31838220;X:31838073-31854956;X:31838073-31893510;X:31838073-31897527;X:31838083-31838210;X:31838083-31854946;X:31838083-31893500;X:31838083-31897527;X:31838083-31947872;X:31838093-31854936;X:31838093-31893490;X:31838187-31838598;X:31838202-31893304;X:31838202-31947712;X:31838468-31867499;X:31853997-31855256;X:31854816-31854956;X:31854816-31893510;X:31854826-31854946;X:31854826-31897527;X:31854836-31854936;X:31854836-31893490;X:31854911-31872176;X:31854938-31947712;X:31885288-31927655;X:31893286-31893510;X:31893286-31947882;X:31893296-31897527;X:31893492-31950196;X:31947704-31947872	Duchenne_muscular_dystrophy		CLN:1426081;CLN:2183742;CLN:3854362;dbVar:nssv17972947;dbVar:nssv18786230	X:31497170-31497169;X:31497170-31497305;X:31697577-31697692;X:31893417-31893416;X:31893417-31893493											270	Abnormality_of_the_musculature;Becker_muscular_dystrophy;Cardiomyopathy;Cardiovascular_phenotype;DMD-related_disorder;Dilated_cardiomyopathy_3B;Duchenne_and_Becker_muscular_dystrophy;Duchenne_muscular_dystrophy;Dystrophin_deficiency;Qualitative_or_quantitative_defects_of_dystrophin;See_cases;not_specified										IMH	X:11608892-40416734	0.1667																								3	0	0.27				-2.65362022636097	-4.19962757493385	Becker muscular dystrophy;Duchenne and Becker muscular dystrophy;Duchenne muscular dystrophy;dilated cardiomyopathy 3B;familial isolated dilated cardiomyopathy;non-syndromic X-linked intellectual disability;progressive muscular dystrophy;symptomatic form of muscular dystrophy of Duchenne and Becker in female carriers	AD;XL	Definitive;Strong;Supportive	14567970[PMID]_20301486[PMID];16770791;19367636;23900271[PMID];25007885;NULL	1756	HGNC:2928	300377	Becker muscular dystrophy, 300376 (3) XLR;Cardiomyopathy, dilated, 3B, 302045 (3) XL;Duchenne muscular dystrophy, 310200 (3) XLR	XL;XLR	yes		0	1.0000e+00	1.0000e+00			full=5
X_31675215_32174025_DUP_1	X	31675215	32174025	498811	CNV032	DUP	NA	full	p21.1	DMD	FTHL17	MIR3915	1																GK (HI=3/morbid/RE=ABC_enhancer)			dbVar:nssv15151960;dbVar:nssv15151962;dbVar:nssv15152281;dbVar:nssv15153176;dbVar:nssv15154266;dbVar:nssv15755225;dbVar:nssv15770555;dbVar:nssv16212187;nssv17683534;dbVar:nssv16212225;dbVar:nssv16213274;dbVar:nssv16213390;dbVar:nssv16213601;dbVar:nssv16214158;dbVar:nssv16214217;dbVar:nssv16214394;dbVar:nssv17173258;dbVar:nssv17970661;dbVar:nssv17971056;dbVar:nssv17971058;dbVar:nssv17972338;dbVar:nssv17973141;dbVar:nssv17973819;dbVar:nssv17973876;dbVar:nssv17973882;dbVar:nssv17976781;dbVar:nssv18326535;dbVar:nssv18789691;dbVar:nssv18789692;dbVar:nssv18789693;dbVar:nssv18789694;dbVar:nssv18789695	X:31676088-31747885;X:31676088-31986651;X:31676098-31676271;X:31676098-31747875;X:31697473-31697723;X:31697473-31950364;X:31697483-31697713;X:31745486-31950364;X:31747729-31747885;X:31747729-31893510;X:31747739-31747875;X:31747739-31838210;X:31792058-31792329;X:31792058-31986651;X:31792068-31950354;X:31792068-31986641;X:31792311-31893304;X:31838073-31838220;X:31838073-31854956;X:31838073-31893510;X:31838073-31983146;X:31838202-31947712;X:31838202-31986455;X:31854816-31950364;X:31854826-31893500;X:31854826-31986641;X:31893296-31986641;X:31947472-31972601;X:31947694-31950364;X:31947694-31986651;X:31973925-32017000			dbVar:nssv15120716;dbVar:nssv15122539;dbVar:nssv15123480;dbVar:nssv15123506;dbVar:nssv15124380;dbVar:nssv15124393;dbVar:nssv15127684;dbVar:nssv15131108;dbVar:nssv15134087;nssv15134088;dbVar:nssv15135113;dbVar:nssv15135189;dbVar:nssv15138207;dbVar:nssv15141164;dbVar:nssv15141349;dbVar:nssv15143621;dbVar:nssv15145067;dbVar:nssv15145259;dbVar:nssv15147760;dbVar:nssv15149157;dbVar:nssv15149443;dbVar:nssv15149449;dbVar:nssv15149457;dbVar:nssv15149816;dbVar:nssv15150572;dbVar:nssv15150885;dbVar:nssv15151061;dbVar:nssv15151068;dbVar:nssv15151608;dbVar:nssv15151916;dbVar:nssv15151917;dbVar:nssv15151928;dbVar:nssv15151933;dbVar:nssv15151953;dbVar:nssv15151959;dbVar:nssv15151961;dbVar:nssv15152276;dbVar:nssv15152983;dbVar:nssv15152986;dbVar:nssv15152988;dbVar:nssv15152989;dbVar:nssv15152997;dbVar:nssv15153000;dbVar:nssv15153006;dbVar:nssv15153008;dbVar:nssv15153088;dbVar:nssv15153089;dbVar:nssv15153095;dbVar:nssv15153099;dbVar:nssv15153102;dbVar:nssv15153417;dbVar:nssv15153965;dbVar:nssv15154193;dbVar:nssv15154260;dbVar:nssv15154830;dbVar:nssv15154846;dbVar:nssv15154848;dbVar:nssv15156305;dbVar:nssv15173233;dbVar:nssv15223224;dbVar:nssv15605850;dbVar:nssv15769998;nssv17683529;dbVar:nssv15770006;dbVar:nssv15770030;dbVar:nssv15770050;dbVar:nssv15770056;dbVar:nssv15770071;dbVar:nssv15770210;dbVar:nssv15770341;dbVar:nssv15770374;dbVar:nssv15770419;nssv17683535;dbVar:nssv15770515;dbVar:nssv15770548;nssv17683527;dbVar:nssv15770651;nssv17683532;dbVar:nssv15770652;dbVar:nssv15770661;nssv17683537;dbVar:nssv15770665;dbVar:nssv15770683;dbVar:nssv15770690;dbVar:nssv15770696;dbVar:nssv15770723;dbVar:nssv15770772;nssv17683533;dbVar:nssv15770774;dbVar:nssv15770832;dbVar:nssv15770836;nssv17683528;dbVar:nssv15770875;dbVar:nssv15770943;dbVar:nssv15770975;nssv17683536;dbVar:nssv15771007;dbVar:nssv15771008;dbVar:nssv16207672;dbVar:nssv16208627;dbVar:nssv16209022;dbVar:nssv16209023;dbVar:nssv16209024;dbVar:nssv16212149;dbVar:nssv16212175;dbVar:nssv16212231;dbVar:nssv16212259;dbVar:nssv16212343;dbVar:nssv16212370;dbVar:nssv16212545;dbVar:nssv16212546;dbVar:nssv16212555;dbVar:nssv16212566;dbVar:nssv16212646;dbVar:nssv16212860;dbVar:nssv16212899;dbVar:nssv16212906;dbVar:nssv16213067;dbVar:nssv16213202;dbVar:nssv16213356;dbVar:nssv16213762;dbVar:nssv16214296;dbVar:nssv16214371;dbVar:nssv16214415;nssv17683531;dbVar:nssv16214444;dbVar:nssv16214449;dbVar:nssv16214458;dbVar:nssv16214527;dbVar:nssv16215057;dbVar:nssv16215058;nssv16212309;dbVar:nssv16254104;dbVar:nssv16254695;dbVar:nssv16254701;dbVar:nssv16254704;dbVar:nssv16254705;dbVar:nssv16254719;dbVar:nssv16255118;dbVar:nssv16255119;dbVar:nssv16255120;dbVar:nssv16255780;dbVar:nssv16255786;dbVar:nssv16255787;dbVar:nssv16255788;dbVar:nssv16297028;dbVar:nssv16596269;dbVar:nssv17059590;dbVar:nssv17171709;dbVar:nssv17172663;dbVar:nssv17172872;dbVar:nssv17172873;dbVar:nssv17172875;dbVar:nssv17173157;dbVar:nssv17173259;dbVar:nssv17517523;dbVar:nssv17517524;dbVar:nssv17683488;dbVar:nssv17683530;dbVar:nssv17955904;dbVar:nssv17956108;nssv17969335;dbVar:nssv17956242;dbVar:nssv17956579;dbVar:nssv17956784;dbVar:nssv17956863;dbVar:nssv17957197;dbVar:nssv17969334;dbVar:nssv17969336;dbVar:nssv17969337;dbVar:nssv17969338;dbVar:nssv17969339;dbVar:nssv17970811;dbVar:nssv17970813;dbVar:nssv17970951;dbVar:nssv17970993;dbVar:nssv17971045;dbVar:nssv17971061;dbVar:nssv17971281;dbVar:nssv17971535;dbVar:nssv17971538;dbVar:nssv17971705;dbVar:nssv17972642;dbVar:nssv17972722;dbVar:nssv17973245;dbVar:nssv17973983;dbVar:nssv17976782;dbVar:nssv18326554;dbVar:nssv18329037;dbVar:nssv18329038;dbVar:nssv18329039;dbVar:nssv18329041;dbVar:nssv18329047;dbVar:nssv18329053;dbVar:nssv18329055;dbVar:nssv18329057;dbVar:nssv18329443;dbVar:nssv18330232;dbVar:nssv18330239;dbVar:nssv18330294;dbVar:nssv18788358;dbVar:nssv18788380;dbVar:nssv18788381;dbVar:nssv18788458;dbVar:nssv18789717;dbVar:nssv18789718;dbVar:nssv18789721;dbVar:nssv18789722;dbVar:nssv18789723;dbVar:nssv18789724;dbVar:nssv18789725;dbVar:nssv18789726;dbVar:nssv18792600;dbVar:nssv18792621;dbVar:nssv18792884;dbVar:nssv18830873;dbVar:nssv18841932;dbVar:nssv18841984	X:31676088-31697723;X:31676088-31747885;X:31676088-31792329;X:31676088-31947882;X:31676088-31950364;X:31676088-31986651;X:31676098-31676271;X:31676098-31697713;X:31676098-31747875;X:31676098-31792319;X:31676098-31854946;X:31676098-31893500;X:31676098-31897527;X:31676098-31950354;X:31676098-31986641;X:31676108-31838200;X:31676108-31854936;X:31676263-31893304;X:31676272-31986446;X:31678344-31838518;X:31681370-31923633;X:31681591-32011129;X:31683624-31766614;X:31684916-31723599;X:31684917-31875673;X:31695497-31889320;X:31697473-31697723;X:31697473-31792329;X:31697473-31854956;X:31697473-31893510;X:31697473-31950364;X:31697473-31986651;X:31697481-31766673;X:31697483-31697713;X:31697483-31747875;X:31697483-31792319;X:31697483-31854946;X:31697483-31950354;X:31697483-31986641;X:31697672-31852275;X:31697705-31792076;X:31697705-31838091;X:31697705-31893304;X:31697705-31947712;X:31697714-31838082;X:31713410-31761739;X:31713410-31858935;X:31743031-31824743;X:31745486-31893510;X:31745486-31897527;X:31747729-31747885;X:31747729-31792329;X:31747729-31893510;X:31747729-31947882;X:31747729-31950364;X:31747729-31986651;X:31747739-31747875;X:31747739-31792319;X:31747739-31838210;X:31747739-31854946;X:31747739-31893500;X:31747739-31897527;X:31747739-31950354;X:31747739-31986641;X:31747743-31792315;X:31747749-31747865;X:31747749-31792309;X:31747749-31838200;X:31747749-31950344;X:31747793-31791091;X:31747828-31806244;X:31747867-31838091;X:31747867-31893304;X:31747867-31947712;X:31747867-31950196;X:31747867-31986455;X:31747876-31893295;X:31757067-32131812;X:31760633-31864900;X:31761312-31858935;X:31761312-31869309;X:31761313-31876380;X:31762981-31864904;X:31763742-31895033;X:31764088-31864634;X:31766615-31855217;X:31766615-31896429;X:31766646-31923633;X:31778983-32076838;X:31780565-31890502;X:31785366-31792122;X:31786038-31893375;X:31791730-31986631;X:31792058-31792329;X:31792058-31893510;X:31792058-31950364;X:31792058-31986651;X:31792068-31792319;X:31792068-31854946;X:31792068-31893500;X:31792068-31897527;X:31792068-31950354;X:31792068-31983146;X:31792068-31986641;X:31792078-31792309;X:31792078-31854936;X:31792078-31854939;X:31792078-31893490;X:31792130-31825303;X:31792307-31846389;X:31792311-31854834;X:31792311-31893304;X:31792311-31947712;X:31792311-31950196;X:31792320-31854825;X:31792320-31893295;X:31792320-31947703;X:31792320-31986446;X:31792557-31877473;X:31795364-31959887;X:31795364-31982230;X:31800344-32106118;X:31814057-31970799;X:31815233-31986493;X:31815234-31986493;X:31815808-31875058;X:31831086-32063055;X:31836969-31945018;X:31838073-31838220;X:31838073-31854956;X:31838073-31893510;X:31838073-31897527;X:31838073-31950364;X:31838073-31986651;X:31838083-31838210;X:31838083-31854946;X:31838083-31893500;X:31838083-31897527;X:31838083-31947872;X:31838083-31950354;X:31838083-31983146;X:31838083-31986641;X:31838093-31854936;X:31838093-31893490;X:31838122-31962285;X:31838187-31838598;X:31838202-31893304;X:31838202-31947712;X:31838211-31986446;X:31838468-31867499;X:31844449-31952468;X:31853997-31855256;X:31854816-31854956;X:31854816-31893510;X:31854816-31950364;X:31854816-31986651;X:31854826-31854946;X:31854826-31897527;X:31854826-31950354;X:31854826-31983146;X:31854826-31986641;X:31854836-31854936;X:31854836-31893490;X:31854911-31872176;X:31854918-32057181;X:31854938-31947712;X:31854938-31986455;X:31855685-32157553;X:31880952-32082537;X:31881036-31993637;X:31885288-31927655;X:31889652-32057692;X:31893286-31893510;X:31893286-31947882;X:31893286-31950364;X:31893286-31986651;X:31893296-31897527;X:31893296-31950354;X:31893296-31986641;X:31893492-31950196;X:31893492-31986455;X:31897528-31950354;X:31897528-31986641;X:31916930-32040440;X:31923772-32043955;X:31936035-31952468;X:31941494-32044401;X:31947427-31950508;X:31947694-31950364;X:31947694-31986651;X:31947704-31947872;X:31947704-31950354;X:31947704-31986641;X:31947708-31986637;X:31947713-31986631;X:31947854-32089139;X:31950178-31950364;X:31950178-31986651;X:31950188-31950354;X:31951571-32096169;X:31962949-32117422;X:31983147-31986641;X:31986185-31986956;X:31986447-31986641;X:31986456-31986631;X:31986457-31986631	Duchenne_muscular_dystrophy		CLN:2183742;CLN:3854362;dbVar:nssv18786230	X:31697577-31697692;X:31893417-31893416;X:31893417-31893493											180	Abnormality_of_the_musculature;Becker_muscular_dystrophy;Cardiomyopathy;Cardiovascular_phenotype;Dilated_cardiomyopathy_3B;Duchenne_and_Becker_muscular_dystrophy;Duchenne_muscular_dystrophy;Dystrophin_deficiency;Qualitative_or_quantitative_defects_of_dystrophin;See_cases;not_specified										IMH	X:11608892-40416734	0.1667			X:32001087-32001087 1000g;X:32001087-32001087 1000g	X:31889159-31894898 dgv2260e212;X:31889159-31894898 dgv2260e212			chrX:31739143-31739833 dbVar;chrX:31781360-31784697 dbVar;chrX:31810827-31830322 dbVar;chrX:31811560-31812145 dbVar;chrX:31823711-31828029 dbVar;X:31889159-31895094 dgv2261e212;chrX:31961400-31971000 dbVar;chrX:31981119-31981904 dbVar;chrX:32013965-32015844 dbVar;chrX:32031383-32052654 dbVar;chrX:32067571-32067725 dbVar;chrX:32074253-32101260 dbVar;chrX:32103717-32103813 dbVar;X:32103732-32103858 1000g;chrX:31723160-31723337 dbVar;chrX:31764309-31779911 dbVar;chrX:31801135-31803349 dbVar;chrX:31811437-31812157 dbVar;X:31811561-31812145 1000g;chrX:31823806-31827991 dbVar...	chrX:31723160-31723337 dbVar;chrX:31764309-31779911 dbVar;chrX:31801135-31803349 dbVar;chrX:31811437-31812157 dbVar;X:31811561-31812145 1000g;chrX:31823806-31827991 dbVar;chrX:31931447-31945459 dbVar;chrX:31978990-31979118 dbVar;chrX:31998624-32019484 dbVar;chrX:32030667-32117233 dbVar;chrX:32048414-32072486 dbVar;chrX:32068702-32078442 dbVar;chrX:32103709-32103834 dbVar;chrX:32103732-32103835 dbVar;chrX:32103732-32103858 dbVar;chrX:31739143-31739833 dbVar;chrX:31781360-31784697 dbVar;chrX:31810827-31830322 dbVar;chrX:31811560-31812145 dbVar;chrX:31823711-31828029 dbVar...	0.330	0.340			X:32173856-32173952;X:32174091-32174134	L2c;(CA)n										3		0.27				-2.65362022636097	-4.19962757493385							300377			yes		0	1.0000e+00	1.0000e+00	1.0	1A (cf Gene_count, RE_gene, +0.00);2A (cf P_gain_source, +1.00);3A (1 gene, +0.00);4O (cf po_B_gain_AllG_source, B_gain_source, po_B_gain_SomeG_source, +0.00);5F (+0.00)	5
X_31675215_32174025_DUP_1	X	31675215	32174025	498811	CNV032	DUP	NA	split	p21.1	DMD				NM_004011	4	31137338	32430345	498811	1589	22	yes	51	intron16-intron26	CDS	892	5'	31675214	32174025				dbVar:nssv15151960;dbVar:nssv15151962;dbVar:nssv15152281;dbVar:nssv15153176;dbVar:nssv15154266;dbVar:nssv15755225;dbVar:nssv15770555;dbVar:nssv16212187;nssv17683534;dbVar:nssv16212225;dbVar:nssv16213274;dbVar:nssv16213390;dbVar:nssv16213601;dbVar:nssv16214158;dbVar:nssv16214217;dbVar:nssv16214394;dbVar:nssv17173258;dbVar:nssv17970661;dbVar:nssv17971056;dbVar:nssv17971058;dbVar:nssv17972338;dbVar:nssv17973141;dbVar:nssv17973819;dbVar:nssv17973876;dbVar:nssv17973882;dbVar:nssv17976781;dbVar:nssv18326535;dbVar:nssv18789691;dbVar:nssv18789692;dbVar:nssv18789693;dbVar:nssv18789694;dbVar:nssv18789695	X:31676088-31747885;X:31676088-31986651;X:31676098-31676271;X:31676098-31747875;X:31697473-31697723;X:31697473-31950364;X:31697483-31697713;X:31745486-31950364;X:31747729-31747885;X:31747729-31893510;X:31747739-31747875;X:31747739-31838210;X:31792058-31792329;X:31792058-31986651;X:31792068-31950354;X:31792068-31986641;X:31792311-31893304;X:31838073-31838220;X:31838073-31854956;X:31838073-31893510;X:31838073-31983146;X:31838202-31947712;X:31838202-31986455;X:31854816-31950364;X:31854826-31893500;X:31854826-31986641;X:31893296-31986641;X:31947472-31972601;X:31947694-31950364;X:31947694-31986651;X:31973925-32017000			dbVar:nssv15120716;dbVar:nssv15122539;dbVar:nssv15123480;dbVar:nssv15123506;dbVar:nssv15124380;dbVar:nssv15124393;dbVar:nssv15127684;dbVar:nssv15131108;dbVar:nssv15134087;nssv15134088;dbVar:nssv15135113;dbVar:nssv15135189;dbVar:nssv15138207;dbVar:nssv15141164;dbVar:nssv15141349;dbVar:nssv15143621;dbVar:nssv15145067;dbVar:nssv15145259;dbVar:nssv15147760;dbVar:nssv15149157;dbVar:nssv15149443;dbVar:nssv15149449;dbVar:nssv15149457;dbVar:nssv15149816;dbVar:nssv15150572;dbVar:nssv15150885;dbVar:nssv15151061;dbVar:nssv15151068;dbVar:nssv15151608;dbVar:nssv15151916;dbVar:nssv15151917;dbVar:nssv15151928;dbVar:nssv15151933;dbVar:nssv15151953;dbVar:nssv15151959;dbVar:nssv15151961;dbVar:nssv15152276;dbVar:nssv15152983;dbVar:nssv15152986;dbVar:nssv15152988;dbVar:nssv15152989;dbVar:nssv15152997;dbVar:nssv15153000;dbVar:nssv15153006;dbVar:nssv15153008;dbVar:nssv15153088;dbVar:nssv15153089;dbVar:nssv15153095;dbVar:nssv15153099;dbVar:nssv15153102;dbVar:nssv15153417;dbVar:nssv15153965;dbVar:nssv15154193;dbVar:nssv15154260;dbVar:nssv15154830;dbVar:nssv15154846;dbVar:nssv15154848;dbVar:nssv15156305;dbVar:nssv15173233;dbVar:nssv15223224;dbVar:nssv15605850;dbVar:nssv15769998;nssv17683529;dbVar:nssv15770006;dbVar:nssv15770030;dbVar:nssv15770050;dbVar:nssv15770056;dbVar:nssv15770071;dbVar:nssv15770210;dbVar:nssv15770341;dbVar:nssv15770374;dbVar:nssv15770419;nssv17683535;dbVar:nssv15770515;dbVar:nssv15770548;nssv17683527;dbVar:nssv15770651;nssv17683532;dbVar:nssv15770652;dbVar:nssv15770661;nssv17683537;dbVar:nssv15770665;dbVar:nssv15770683;dbVar:nssv15770690;dbVar:nssv15770696;dbVar:nssv15770723;dbVar:nssv15770772;nssv17683533;dbVar:nssv15770774;dbVar:nssv15770832;dbVar:nssv15770836;nssv17683528;dbVar:nssv15770875;dbVar:nssv15770943;dbVar:nssv15770975;nssv17683536;dbVar:nssv15771007;dbVar:nssv15771008;dbVar:nssv16207672;dbVar:nssv16208627;dbVar:nssv16209022;dbVar:nssv16209023;dbVar:nssv16209024;dbVar:nssv16212149;dbVar:nssv16212175;dbVar:nssv16212231;dbVar:nssv16212259;dbVar:nssv16212343;dbVar:nssv16212370;dbVar:nssv16212545;dbVar:nssv16212546;dbVar:nssv16212555;dbVar:nssv16212566;dbVar:nssv16212646;dbVar:nssv16212860;dbVar:nssv16212899;dbVar:nssv16212906;dbVar:nssv16213067;dbVar:nssv16213202;dbVar:nssv16213356;dbVar:nssv16213762;dbVar:nssv16214296;dbVar:nssv16214371;dbVar:nssv16214415;nssv17683531;dbVar:nssv16214444;dbVar:nssv16214449;dbVar:nssv16214458;dbVar:nssv16214527;dbVar:nssv16215057;dbVar:nssv16215058;nssv16212309;dbVar:nssv16254104;dbVar:nssv16254695;dbVar:nssv16254701;dbVar:nssv16254704;dbVar:nssv16254705;dbVar:nssv16254719;dbVar:nssv16255118;dbVar:nssv16255119;dbVar:nssv16255120;dbVar:nssv16255780;dbVar:nssv16255786;dbVar:nssv16255787;dbVar:nssv16255788;dbVar:nssv16297028;dbVar:nssv16596269;dbVar:nssv17059590;dbVar:nssv17171709;dbVar:nssv17172663;dbVar:nssv17172872;dbVar:nssv17172873;dbVar:nssv17172875;dbVar:nssv17173157;dbVar:nssv17173259;dbVar:nssv17517523;dbVar:nssv17517524;dbVar:nssv17683488;dbVar:nssv17683530;dbVar:nssv17955904;dbVar:nssv17956108;nssv17969335;dbVar:nssv17956242;dbVar:nssv17956579;dbVar:nssv17956784;dbVar:nssv17956863;dbVar:nssv17957197;dbVar:nssv17969334;dbVar:nssv17969336;dbVar:nssv17969337;dbVar:nssv17969338;dbVar:nssv17969339;dbVar:nssv17970811;dbVar:nssv17970813;dbVar:nssv17970951;dbVar:nssv17970993;dbVar:nssv17971045;dbVar:nssv17971061;dbVar:nssv17971281;dbVar:nssv17971535;dbVar:nssv17971538;dbVar:nssv17971705;dbVar:nssv17972642;dbVar:nssv17972722;dbVar:nssv17973245;dbVar:nssv17973983;dbVar:nssv17976782;dbVar:nssv18326554;dbVar:nssv18329037;dbVar:nssv18329038;dbVar:nssv18329039;dbVar:nssv18329041;dbVar:nssv18329047;dbVar:nssv18329053;dbVar:nssv18329055;dbVar:nssv18329057;dbVar:nssv18329443;dbVar:nssv18330232;dbVar:nssv18330239;dbVar:nssv18330294;dbVar:nssv18788358;dbVar:nssv18788380;dbVar:nssv18788381;dbVar:nssv18788458;dbVar:nssv18789717;dbVar:nssv18789718;dbVar:nssv18789721;dbVar:nssv18789722;dbVar:nssv18789723;dbVar:nssv18789724;dbVar:nssv18789725;dbVar:nssv18789726;dbVar:nssv18792600;dbVar:nssv18792621;dbVar:nssv18792884;dbVar:nssv18830873;dbVar:nssv18841932;dbVar:nssv18841984	X:31676088-31697723;X:31676088-31747885;X:31676088-31792329;X:31676088-31947882;X:31676088-31950364;X:31676088-31986651;X:31676098-31676271;X:31676098-31697713;X:31676098-31747875;X:31676098-31792319;X:31676098-31854946;X:31676098-31893500;X:31676098-31897527;X:31676098-31950354;X:31676098-31986641;X:31676108-31838200;X:31676108-31854936;X:31676263-31893304;X:31676272-31986446;X:31678344-31838518;X:31681370-31923633;X:31681591-32011129;X:31683624-31766614;X:31684916-31723599;X:31684917-31875673;X:31695497-31889320;X:31697473-31697723;X:31697473-31792329;X:31697473-31854956;X:31697473-31893510;X:31697473-31950364;X:31697473-31986651;X:31697481-31766673;X:31697483-31697713;X:31697483-31747875;X:31697483-31792319;X:31697483-31854946;X:31697483-31950354;X:31697483-31986641;X:31697672-31852275;X:31697705-31792076;X:31697705-31838091;X:31697705-31893304;X:31697705-31947712;X:31697714-31838082;X:31713410-31761739;X:31713410-31858935;X:31743031-31824743;X:31745486-31893510;X:31745486-31897527;X:31747729-31747885;X:31747729-31792329;X:31747729-31893510;X:31747729-31947882;X:31747729-31950364;X:31747729-31986651;X:31747739-31747875;X:31747739-31792319;X:31747739-31838210;X:31747739-31854946;X:31747739-31893500;X:31747739-31897527;X:31747739-31950354;X:31747739-31986641;X:31747743-31792315;X:31747749-31747865;X:31747749-31792309;X:31747749-31838200;X:31747749-31950344;X:31747793-31791091;X:31747828-31806244;X:31747867-31838091;X:31747867-31893304;X:31747867-31947712;X:31747867-31950196;X:31747867-31986455;X:31747876-31893295;X:31757067-32131812;X:31760633-31864900;X:31761312-31858935;X:31761312-31869309;X:31761313-31876380;X:31762981-31864904;X:31763742-31895033;X:31764088-31864634;X:31766615-31855217;X:31766615-31896429;X:31766646-31923633;X:31778983-32076838;X:31780565-31890502;X:31785366-31792122;X:31786038-31893375;X:31791730-31986631;X:31792058-31792329;X:31792058-31893510;X:31792058-31950364;X:31792058-31986651;X:31792068-31792319;X:31792068-31854946;X:31792068-31893500;X:31792068-31897527;X:31792068-31950354;X:31792068-31983146;X:31792068-31986641;X:31792078-31792309;X:31792078-31854936;X:31792078-31854939;X:31792078-31893490;X:31792130-31825303;X:31792307-31846389;X:31792311-31854834;X:31792311-31893304;X:31792311-31947712;X:31792311-31950196;X:31792320-31854825;X:31792320-31893295;X:31792320-31947703;X:31792320-31986446;X:31792557-31877473;X:31795364-31959887;X:31795364-31982230;X:31800344-32106118;X:31814057-31970799;X:31815233-31986493;X:31815234-31986493;X:31815808-31875058;X:31831086-32063055;X:31836969-31945018;X:31838073-31838220;X:31838073-31854956;X:31838073-31893510;X:31838073-31897527;X:31838073-31950364;X:31838073-31986651;X:31838083-31838210;X:31838083-31854946;X:31838083-31893500;X:31838083-31897527;X:31838083-31947872;X:31838083-31950354;X:31838083-31983146;X:31838083-31986641;X:31838093-31854936;X:31838093-31893490;X:31838122-31962285;X:31838187-31838598;X:31838202-31893304;X:31838202-31947712;X:31838211-31986446;X:31838468-31867499;X:31844449-31952468;X:31853997-31855256;X:31854816-31854956;X:31854816-31893510;X:31854816-31950364;X:31854816-31986651;X:31854826-31854946;X:31854826-31897527;X:31854826-31950354;X:31854826-31983146;X:31854826-31986641;X:31854836-31854936;X:31854836-31893490;X:31854911-31872176;X:31854918-32057181;X:31854938-31947712;X:31854938-31986455;X:31855685-32157553;X:31880952-32082537;X:31881036-31993637;X:31885288-31927655;X:31889652-32057692;X:31893286-31893510;X:31893286-31947882;X:31893286-31950364;X:31893286-31986651;X:31893296-31897527;X:31893296-31950354;X:31893296-31986641;X:31893492-31950196;X:31893492-31986455;X:31897528-31950354;X:31897528-31986641;X:31916930-32040440;X:31923772-32043955;X:31936035-31952468;X:31941494-32044401;X:31947427-31950508;X:31947694-31950364;X:31947694-31986651;X:31947704-31947872;X:31947704-31950354;X:31947704-31986641;X:31947708-31986637;X:31947713-31986631;X:31947854-32089139;X:31950178-31950364;X:31950178-31986651;X:31950188-31950354;X:31951571-32096169;X:31962949-32117422;X:31983147-31986641;X:31986185-31986956;X:31986447-31986641;X:31986456-31986631;X:31986457-31986631	Duchenne_muscular_dystrophy		CLN:2183742;CLN:3854362;dbVar:nssv18786230	X:31697577-31697692;X:31893417-31893416;X:31893417-31893493											180	Abnormality_of_the_musculature;Becker_muscular_dystrophy;Cardiomyopathy;Cardiovascular_phenotype;Dilated_cardiomyopathy_3B;Duchenne_and_Becker_muscular_dystrophy;Duchenne_muscular_dystrophy;Dystrophin_deficiency;Qualitative_or_quantitative_defects_of_dystrophin;See_cases;not_specified										IMH	X:11608892-40416734	0.1667																								3	0	0.27				-2.65362022636097	-4.19962757493385	Becker muscular dystrophy;Duchenne and Becker muscular dystrophy;Duchenne muscular dystrophy;dilated cardiomyopathy 3B;familial isolated dilated cardiomyopathy;non-syndromic X-linked intellectual disability;progressive muscular dystrophy;symptomatic form of muscular dystrophy of Duchenne and Becker in female carriers	AD;XL	Definitive;Strong;Supportive	14567970[PMID]_20301486[PMID];16770791;19367636;23900271[PMID];25007885;NULL	1756	HGNC:2928	300377	Becker muscular dystrophy, 300376 (3) XLR;Cardiomyopathy, dilated, 3B, 302045 (3) XL;Duchenne muscular dystrophy, 310200 (3) XLR	XL;XLR	yes		0	1.0000e+00	1.0000e+00			full=5
X_31675215_32174025_DUP_1	X	31675215	32174025	498811	CNV119	DUP	NA	full	p21.1	DMD	FTHL17	MIR3915	1																GK (HI=3/morbid/RE=ABC_enhancer)			dbVar:nssv15151960;dbVar:nssv15151962;dbVar:nssv15152281;dbVar:nssv15153176;dbVar:nssv15154266;dbVar:nssv15755225;dbVar:nssv15770555;dbVar:nssv16212187;nssv17683534;dbVar:nssv16212225;dbVar:nssv16213274;dbVar:nssv16213390;dbVar:nssv16213601;dbVar:nssv16214158;dbVar:nssv16214217;dbVar:nssv16214394;dbVar:nssv17173258;dbVar:nssv17970661;dbVar:nssv17971056;dbVar:nssv17971058;dbVar:nssv17972338;dbVar:nssv17973141;dbVar:nssv17973819;dbVar:nssv17973876;dbVar:nssv17973882;dbVar:nssv17976781;dbVar:nssv18326535;dbVar:nssv18789691;dbVar:nssv18789692;dbVar:nssv18789693;dbVar:nssv18789694;dbVar:nssv18789695	X:31676088-31747885;X:31676088-31986651;X:31676098-31676271;X:31676098-31747875;X:31697473-31697723;X:31697473-31950364;X:31697483-31697713;X:31745486-31950364;X:31747729-31747885;X:31747729-31893510;X:31747739-31747875;X:31747739-31838210;X:31792058-31792329;X:31792058-31986651;X:31792068-31950354;X:31792068-31986641;X:31792311-31893304;X:31838073-31838220;X:31838073-31854956;X:31838073-31893510;X:31838073-31983146;X:31838202-31947712;X:31838202-31986455;X:31854816-31950364;X:31854826-31893500;X:31854826-31986641;X:31893296-31986641;X:31947472-31972601;X:31947694-31950364;X:31947694-31986651;X:31973925-32017000			dbVar:nssv15120716;dbVar:nssv15122539;dbVar:nssv15123480;dbVar:nssv15123506;dbVar:nssv15124380;dbVar:nssv15124393;dbVar:nssv15127684;dbVar:nssv15131108;dbVar:nssv15134087;nssv15134088;dbVar:nssv15135113;dbVar:nssv15135189;dbVar:nssv15138207;dbVar:nssv15141164;dbVar:nssv15141349;dbVar:nssv15143621;dbVar:nssv15145067;dbVar:nssv15145259;dbVar:nssv15147760;dbVar:nssv15149157;dbVar:nssv15149443;dbVar:nssv15149449;dbVar:nssv15149457;dbVar:nssv15149816;dbVar:nssv15150572;dbVar:nssv15150885;dbVar:nssv15151061;dbVar:nssv15151068;dbVar:nssv15151608;dbVar:nssv15151916;dbVar:nssv15151917;dbVar:nssv15151928;dbVar:nssv15151933;dbVar:nssv15151953;dbVar:nssv15151959;dbVar:nssv15151961;dbVar:nssv15152276;dbVar:nssv15152983;dbVar:nssv15152986;dbVar:nssv15152988;dbVar:nssv15152989;dbVar:nssv15152997;dbVar:nssv15153000;dbVar:nssv15153006;dbVar:nssv15153008;dbVar:nssv15153088;dbVar:nssv15153089;dbVar:nssv15153095;dbVar:nssv15153099;dbVar:nssv15153102;dbVar:nssv15153417;dbVar:nssv15153965;dbVar:nssv15154193;dbVar:nssv15154260;dbVar:nssv15154830;dbVar:nssv15154846;dbVar:nssv15154848;dbVar:nssv15156305;dbVar:nssv15173233;dbVar:nssv15223224;dbVar:nssv15605850;dbVar:nssv15769998;nssv17683529;dbVar:nssv15770006;dbVar:nssv15770030;dbVar:nssv15770050;dbVar:nssv15770056;dbVar:nssv15770071;dbVar:nssv15770210;dbVar:nssv15770341;dbVar:nssv15770374;dbVar:nssv15770419;nssv17683535;dbVar:nssv15770515;dbVar:nssv15770548;nssv17683527;dbVar:nssv15770651;nssv17683532;dbVar:nssv15770652;dbVar:nssv15770661;nssv17683537;dbVar:nssv15770665;dbVar:nssv15770683;dbVar:nssv15770690;dbVar:nssv15770696;dbVar:nssv15770723;dbVar:nssv15770772;nssv17683533;dbVar:nssv15770774;dbVar:nssv15770832;dbVar:nssv15770836;nssv17683528;dbVar:nssv15770875;dbVar:nssv15770943;dbVar:nssv15770975;nssv17683536;dbVar:nssv15771007;dbVar:nssv15771008;dbVar:nssv16207672;dbVar:nssv16208627;dbVar:nssv16209022;dbVar:nssv16209023;dbVar:nssv16209024;dbVar:nssv16212149;dbVar:nssv16212175;dbVar:nssv16212231;dbVar:nssv16212259;dbVar:nssv16212343;dbVar:nssv16212370;dbVar:nssv16212545;dbVar:nssv16212546;dbVar:nssv16212555;dbVar:nssv16212566;dbVar:nssv16212646;dbVar:nssv16212860;dbVar:nssv16212899;dbVar:nssv16212906;dbVar:nssv16213067;dbVar:nssv16213202;dbVar:nssv16213356;dbVar:nssv16213762;dbVar:nssv16214296;dbVar:nssv16214371;dbVar:nssv16214415;nssv17683531;dbVar:nssv16214444;dbVar:nssv16214449;dbVar:nssv16214458;dbVar:nssv16214527;dbVar:nssv16215057;dbVar:nssv16215058;nssv16212309;dbVar:nssv16254104;dbVar:nssv16254695;dbVar:nssv16254701;dbVar:nssv16254704;dbVar:nssv16254705;dbVar:nssv16254719;dbVar:nssv16255118;dbVar:nssv16255119;dbVar:nssv16255120;dbVar:nssv16255780;dbVar:nssv16255786;dbVar:nssv16255787;dbVar:nssv16255788;dbVar:nssv16297028;dbVar:nssv16596269;dbVar:nssv17059590;dbVar:nssv17171709;dbVar:nssv17172663;dbVar:nssv17172872;dbVar:nssv17172873;dbVar:nssv17172875;dbVar:nssv17173157;dbVar:nssv17173259;dbVar:nssv17517523;dbVar:nssv17517524;dbVar:nssv17683488;dbVar:nssv17683530;dbVar:nssv17955904;dbVar:nssv17956108;nssv17969335;dbVar:nssv17956242;dbVar:nssv17956579;dbVar:nssv17956784;dbVar:nssv17956863;dbVar:nssv17957197;dbVar:nssv17969334;dbVar:nssv17969336;dbVar:nssv17969337;dbVar:nssv17969338;dbVar:nssv17969339;dbVar:nssv17970811;dbVar:nssv17970813;dbVar:nssv17970951;dbVar:nssv17970993;dbVar:nssv17971045;dbVar:nssv17971061;dbVar:nssv17971281;dbVar:nssv17971535;dbVar:nssv17971538;dbVar:nssv17971705;dbVar:nssv17972642;dbVar:nssv17972722;dbVar:nssv17973245;dbVar:nssv17973983;dbVar:nssv17976782;dbVar:nssv18326554;dbVar:nssv18329037;dbVar:nssv18329038;dbVar:nssv18329039;dbVar:nssv18329041;dbVar:nssv18329047;dbVar:nssv18329053;dbVar:nssv18329055;dbVar:nssv18329057;dbVar:nssv18329443;dbVar:nssv18330232;dbVar:nssv18330239;dbVar:nssv18330294;dbVar:nssv18788358;dbVar:nssv18788380;dbVar:nssv18788381;dbVar:nssv18788458;dbVar:nssv18789717;dbVar:nssv18789718;dbVar:nssv18789721;dbVar:nssv18789722;dbVar:nssv18789723;dbVar:nssv18789724;dbVar:nssv18789725;dbVar:nssv18789726;dbVar:nssv18792600;dbVar:nssv18792621;dbVar:nssv18792884;dbVar:nssv18830873;dbVar:nssv18841932;dbVar:nssv18841984	X:31676088-31697723;X:31676088-31747885;X:31676088-31792329;X:31676088-31947882;X:31676088-31950364;X:31676088-31986651;X:31676098-31676271;X:31676098-31697713;X:31676098-31747875;X:31676098-31792319;X:31676098-31854946;X:31676098-31893500;X:31676098-31897527;X:31676098-31950354;X:31676098-31986641;X:31676108-31838200;X:31676108-31854936;X:31676263-31893304;X:31676272-31986446;X:31678344-31838518;X:31681370-31923633;X:31681591-32011129;X:31683624-31766614;X:31684916-31723599;X:31684917-31875673;X:31695497-31889320;X:31697473-31697723;X:31697473-31792329;X:31697473-31854956;X:31697473-31893510;X:31697473-31950364;X:31697473-31986651;X:31697481-31766673;X:31697483-31697713;X:31697483-31747875;X:31697483-31792319;X:31697483-31854946;X:31697483-31950354;X:31697483-31986641;X:31697672-31852275;X:31697705-31792076;X:31697705-31838091;X:31697705-31893304;X:31697705-31947712;X:31697714-31838082;X:31713410-31761739;X:31713410-31858935;X:31743031-31824743;X:31745486-31893510;X:31745486-31897527;X:31747729-31747885;X:31747729-31792329;X:31747729-31893510;X:31747729-31947882;X:31747729-31950364;X:31747729-31986651;X:31747739-31747875;X:31747739-31792319;X:31747739-31838210;X:31747739-31854946;X:31747739-31893500;X:31747739-31897527;X:31747739-31950354;X:31747739-31986641;X:31747743-31792315;X:31747749-31747865;X:31747749-31792309;X:31747749-31838200;X:31747749-31950344;X:31747793-31791091;X:31747828-31806244;X:31747867-31838091;X:31747867-31893304;X:31747867-31947712;X:31747867-31950196;X:31747867-31986455;X:31747876-31893295;X:31757067-32131812;X:31760633-31864900;X:31761312-31858935;X:31761312-31869309;X:31761313-31876380;X:31762981-31864904;X:31763742-31895033;X:31764088-31864634;X:31766615-31855217;X:31766615-31896429;X:31766646-31923633;X:31778983-32076838;X:31780565-31890502;X:31785366-31792122;X:31786038-31893375;X:31791730-31986631;X:31792058-31792329;X:31792058-31893510;X:31792058-31950364;X:31792058-31986651;X:31792068-31792319;X:31792068-31854946;X:31792068-31893500;X:31792068-31897527;X:31792068-31950354;X:31792068-31983146;X:31792068-31986641;X:31792078-31792309;X:31792078-31854936;X:31792078-31854939;X:31792078-31893490;X:31792130-31825303;X:31792307-31846389;X:31792311-31854834;X:31792311-31893304;X:31792311-31947712;X:31792311-31950196;X:31792320-31854825;X:31792320-31893295;X:31792320-31947703;X:31792320-31986446;X:31792557-31877473;X:31795364-31959887;X:31795364-31982230;X:31800344-32106118;X:31814057-31970799;X:31815233-31986493;X:31815234-31986493;X:31815808-31875058;X:31831086-32063055;X:31836969-31945018;X:31838073-31838220;X:31838073-31854956;X:31838073-31893510;X:31838073-31897527;X:31838073-31950364;X:31838073-31986651;X:31838083-31838210;X:31838083-31854946;X:31838083-31893500;X:31838083-31897527;X:31838083-31947872;X:31838083-31950354;X:31838083-31983146;X:31838083-31986641;X:31838093-31854936;X:31838093-31893490;X:31838122-31962285;X:31838187-31838598;X:31838202-31893304;X:31838202-31947712;X:31838211-31986446;X:31838468-31867499;X:31844449-31952468;X:31853997-31855256;X:31854816-31854956;X:31854816-31893510;X:31854816-31950364;X:31854816-31986651;X:31854826-31854946;X:31854826-31897527;X:31854826-31950354;X:31854826-31983146;X:31854826-31986641;X:31854836-31854936;X:31854836-31893490;X:31854911-31872176;X:31854918-32057181;X:31854938-31947712;X:31854938-31986455;X:31855685-32157553;X:31880952-32082537;X:31881036-31993637;X:31885288-31927655;X:31889652-32057692;X:31893286-31893510;X:31893286-31947882;X:31893286-31950364;X:31893286-31986651;X:31893296-31897527;X:31893296-31950354;X:31893296-31986641;X:31893492-31950196;X:31893492-31986455;X:31897528-31950354;X:31897528-31986641;X:31916930-32040440;X:31923772-32043955;X:31936035-31952468;X:31941494-32044401;X:31947427-31950508;X:31947694-31950364;X:31947694-31986651;X:31947704-31947872;X:31947704-31950354;X:31947704-31986641;X:31947708-31986637;X:31947713-31986631;X:31947854-32089139;X:31950178-31950364;X:31950178-31986651;X:31950188-31950354;X:31951571-32096169;X:31962949-32117422;X:31983147-31986641;X:31986185-31986956;X:31986447-31986641;X:31986456-31986631;X:31986457-31986631	Duchenne_muscular_dystrophy		CLN:2183742;CLN:3854362;dbVar:nssv18786230	X:31697577-31697692;X:31893417-31893416;X:31893417-31893493											180	Abnormality_of_the_musculature;Becker_muscular_dystrophy;Cardiomyopathy;Cardiovascular_phenotype;Dilated_cardiomyopathy_3B;Duchenne_and_Becker_muscular_dystrophy;Duchenne_muscular_dystrophy;Dystrophin_deficiency;Qualitative_or_quantitative_defects_of_dystrophin;See_cases;not_specified										IMH	X:11608892-40416734	0.1667			X:32001087-32001087 1000g;X:32001087-32001087 1000g	X:31889159-31894898 dgv2260e212;X:31889159-31894898 dgv2260e212			chrX:31739143-31739833 dbVar;chrX:31781360-31784697 dbVar;chrX:31810827-31830322 dbVar;chrX:31811560-31812145 dbVar;chrX:31823711-31828029 dbVar;X:31889159-31895094 dgv2261e212;chrX:31961400-31971000 dbVar;chrX:31981119-31981904 dbVar;chrX:32013965-32015844 dbVar;chrX:32031383-32052654 dbVar;chrX:32067571-32067725 dbVar;chrX:32074253-32101260 dbVar;chrX:32103717-32103813 dbVar;X:32103732-32103858 1000g;chrX:31723160-31723337 dbVar;chrX:31764309-31779911 dbVar;chrX:31801135-31803349 dbVar;chrX:31811437-31812157 dbVar;X:31811561-31812145 1000g;chrX:31823806-31827991 dbVar...	chrX:31723160-31723337 dbVar;chrX:31764309-31779911 dbVar;chrX:31801135-31803349 dbVar;chrX:31811437-31812157 dbVar;X:31811561-31812145 1000g;chrX:31823806-31827991 dbVar;chrX:31931447-31945459 dbVar;chrX:31978990-31979118 dbVar;chrX:31998624-32019484 dbVar;chrX:32030667-32117233 dbVar;chrX:32048414-32072486 dbVar;chrX:32068702-32078442 dbVar;chrX:32103709-32103834 dbVar;chrX:32103732-32103835 dbVar;chrX:32103732-32103858 dbVar;chrX:31739143-31739833 dbVar;chrX:31781360-31784697 dbVar;chrX:31810827-31830322 dbVar;chrX:31811560-31812145 dbVar;chrX:31823711-31828029 dbVar...	0.330	0.340			X:32173856-32173952;X:32174091-32174134	L2c;(CA)n										3		0.27				-2.65362022636097	-4.19962757493385							300377			yes		0	1.0000e+00	1.0000e+00	1.0	1A (cf Gene_count, RE_gene, +0.00);2A (cf P_gain_source, +1.00);3A (1 gene, +0.00);4O (cf po_B_gain_AllG_source, B_gain_source, po_B_gain_SomeG_source, +0.00);5F (+0.00)	5
X_31675215_32174025_DUP_1	X	31675215	32174025	498811	CNV119	DUP	NA	split	p21.1	DMD				NM_004011	4	31137338	32430345	498811	1589	22	yes	51	intron16-intron26	CDS	892	5'	31675214	32174025				dbVar:nssv15151960;dbVar:nssv15151962;dbVar:nssv15152281;dbVar:nssv15153176;dbVar:nssv15154266;dbVar:nssv15755225;dbVar:nssv15770555;dbVar:nssv16212187;nssv17683534;dbVar:nssv16212225;dbVar:nssv16213274;dbVar:nssv16213390;dbVar:nssv16213601;dbVar:nssv16214158;dbVar:nssv16214217;dbVar:nssv16214394;dbVar:nssv17173258;dbVar:nssv17970661;dbVar:nssv17971056;dbVar:nssv17971058;dbVar:nssv17972338;dbVar:nssv17973141;dbVar:nssv17973819;dbVar:nssv17973876;dbVar:nssv17973882;dbVar:nssv17976781;dbVar:nssv18326535;dbVar:nssv18789691;dbVar:nssv18789692;dbVar:nssv18789693;dbVar:nssv18789694;dbVar:nssv18789695	X:31676088-31747885;X:31676088-31986651;X:31676098-31676271;X:31676098-31747875;X:31697473-31697723;X:31697473-31950364;X:31697483-31697713;X:31745486-31950364;X:31747729-31747885;X:31747729-31893510;X:31747739-31747875;X:31747739-31838210;X:31792058-31792329;X:31792058-31986651;X:31792068-31950354;X:31792068-31986641;X:31792311-31893304;X:31838073-31838220;X:31838073-31854956;X:31838073-31893510;X:31838073-31983146;X:31838202-31947712;X:31838202-31986455;X:31854816-31950364;X:31854826-31893500;X:31854826-31986641;X:31893296-31986641;X:31947472-31972601;X:31947694-31950364;X:31947694-31986651;X:31973925-32017000			dbVar:nssv15120716;dbVar:nssv15122539;dbVar:nssv15123480;dbVar:nssv15123506;dbVar:nssv15124380;dbVar:nssv15124393;dbVar:nssv15127684;dbVar:nssv15131108;dbVar:nssv15134087;nssv15134088;dbVar:nssv15135113;dbVar:nssv15135189;dbVar:nssv15138207;dbVar:nssv15141164;dbVar:nssv15141349;dbVar:nssv15143621;dbVar:nssv15145067;dbVar:nssv15145259;dbVar:nssv15147760;dbVar:nssv15149157;dbVar:nssv15149443;dbVar:nssv15149449;dbVar:nssv15149457;dbVar:nssv15149816;dbVar:nssv15150572;dbVar:nssv15150885;dbVar:nssv15151061;dbVar:nssv15151068;dbVar:nssv15151608;dbVar:nssv15151916;dbVar:nssv15151917;dbVar:nssv15151928;dbVar:nssv15151933;dbVar:nssv15151953;dbVar:nssv15151959;dbVar:nssv15151961;dbVar:nssv15152276;dbVar:nssv15152983;dbVar:nssv15152986;dbVar:nssv15152988;dbVar:nssv15152989;dbVar:nssv15152997;dbVar:nssv15153000;dbVar:nssv15153006;dbVar:nssv15153008;dbVar:nssv15153088;dbVar:nssv15153089;dbVar:nssv15153095;dbVar:nssv15153099;dbVar:nssv15153102;dbVar:nssv15153417;dbVar:nssv15153965;dbVar:nssv15154193;dbVar:nssv15154260;dbVar:nssv15154830;dbVar:nssv15154846;dbVar:nssv15154848;dbVar:nssv15156305;dbVar:nssv15173233;dbVar:nssv15223224;dbVar:nssv15605850;dbVar:nssv15769998;nssv17683529;dbVar:nssv15770006;dbVar:nssv15770030;dbVar:nssv15770050;dbVar:nssv15770056;dbVar:nssv15770071;dbVar:nssv15770210;dbVar:nssv15770341;dbVar:nssv15770374;dbVar:nssv15770419;nssv17683535;dbVar:nssv15770515;dbVar:nssv15770548;nssv17683527;dbVar:nssv15770651;nssv17683532;dbVar:nssv15770652;dbVar:nssv15770661;nssv17683537;dbVar:nssv15770665;dbVar:nssv15770683;dbVar:nssv15770690;dbVar:nssv15770696;dbVar:nssv15770723;dbVar:nssv15770772;nssv17683533;dbVar:nssv15770774;dbVar:nssv15770832;dbVar:nssv15770836;nssv17683528;dbVar:nssv15770875;dbVar:nssv15770943;dbVar:nssv15770975;nssv17683536;dbVar:nssv15771007;dbVar:nssv15771008;dbVar:nssv16207672;dbVar:nssv16208627;dbVar:nssv16209022;dbVar:nssv16209023;dbVar:nssv16209024;dbVar:nssv16212149;dbVar:nssv16212175;dbVar:nssv16212231;dbVar:nssv16212259;dbVar:nssv16212343;dbVar:nssv16212370;dbVar:nssv16212545;dbVar:nssv16212546;dbVar:nssv16212555;dbVar:nssv16212566;dbVar:nssv16212646;dbVar:nssv16212860;dbVar:nssv16212899;dbVar:nssv16212906;dbVar:nssv16213067;dbVar:nssv16213202;dbVar:nssv16213356;dbVar:nssv16213762;dbVar:nssv16214296;dbVar:nssv16214371;dbVar:nssv16214415;nssv17683531;dbVar:nssv16214444;dbVar:nssv16214449;dbVar:nssv16214458;dbVar:nssv16214527;dbVar:nssv16215057;dbVar:nssv16215058;nssv16212309;dbVar:nssv16254104;dbVar:nssv16254695;dbVar:nssv16254701;dbVar:nssv16254704;dbVar:nssv16254705;dbVar:nssv16254719;dbVar:nssv16255118;dbVar:nssv16255119;dbVar:nssv16255120;dbVar:nssv16255780;dbVar:nssv16255786;dbVar:nssv16255787;dbVar:nssv16255788;dbVar:nssv16297028;dbVar:nssv16596269;dbVar:nssv17059590;dbVar:nssv17171709;dbVar:nssv17172663;dbVar:nssv17172872;dbVar:nssv17172873;dbVar:nssv17172875;dbVar:nssv17173157;dbVar:nssv17173259;dbVar:nssv17517523;dbVar:nssv17517524;dbVar:nssv17683488;dbVar:nssv17683530;dbVar:nssv17955904;dbVar:nssv17956108;nssv17969335;dbVar:nssv17956242;dbVar:nssv17956579;dbVar:nssv17956784;dbVar:nssv17956863;dbVar:nssv17957197;dbVar:nssv17969334;dbVar:nssv17969336;dbVar:nssv17969337;dbVar:nssv17969338;dbVar:nssv17969339;dbVar:nssv17970811;dbVar:nssv17970813;dbVar:nssv17970951;dbVar:nssv17970993;dbVar:nssv17971045;dbVar:nssv17971061;dbVar:nssv17971281;dbVar:nssv17971535;dbVar:nssv17971538;dbVar:nssv17971705;dbVar:nssv17972642;dbVar:nssv17972722;dbVar:nssv17973245;dbVar:nssv17973983;dbVar:nssv17976782;dbVar:nssv18326554;dbVar:nssv18329037;dbVar:nssv18329038;dbVar:nssv18329039;dbVar:nssv18329041;dbVar:nssv18329047;dbVar:nssv18329053;dbVar:nssv18329055;dbVar:nssv18329057;dbVar:nssv18329443;dbVar:nssv18330232;dbVar:nssv18330239;dbVar:nssv18330294;dbVar:nssv18788358;dbVar:nssv18788380;dbVar:nssv18788381;dbVar:nssv18788458;dbVar:nssv18789717;dbVar:nssv18789718;dbVar:nssv18789721;dbVar:nssv18789722;dbVar:nssv18789723;dbVar:nssv18789724;dbVar:nssv18789725;dbVar:nssv18789726;dbVar:nssv18792600;dbVar:nssv18792621;dbVar:nssv18792884;dbVar:nssv18830873;dbVar:nssv18841932;dbVar:nssv18841984	X:31676088-31697723;X:31676088-31747885;X:31676088-31792329;X:31676088-31947882;X:31676088-31950364;X:31676088-31986651;X:31676098-31676271;X:31676098-31697713;X:31676098-31747875;X:31676098-31792319;X:31676098-31854946;X:31676098-31893500;X:31676098-31897527;X:31676098-31950354;X:31676098-31986641;X:31676108-31838200;X:31676108-31854936;X:31676263-31893304;X:31676272-31986446;X:31678344-31838518;X:31681370-31923633;X:31681591-32011129;X:31683624-31766614;X:31684916-31723599;X:31684917-31875673;X:31695497-31889320;X:31697473-31697723;X:31697473-31792329;X:31697473-31854956;X:31697473-31893510;X:31697473-31950364;X:31697473-31986651;X:31697481-31766673;X:31697483-31697713;X:31697483-31747875;X:31697483-31792319;X:31697483-31854946;X:31697483-31950354;X:31697483-31986641;X:31697672-31852275;X:31697705-31792076;X:31697705-31838091;X:31697705-31893304;X:31697705-31947712;X:31697714-31838082;X:31713410-31761739;X:31713410-31858935;X:31743031-31824743;X:31745486-31893510;X:31745486-31897527;X:31747729-31747885;X:31747729-31792329;X:31747729-31893510;X:31747729-31947882;X:31747729-31950364;X:31747729-31986651;X:31747739-31747875;X:31747739-31792319;X:31747739-31838210;X:31747739-31854946;X:31747739-31893500;X:31747739-31897527;X:31747739-31950354;X:31747739-31986641;X:31747743-31792315;X:31747749-31747865;X:31747749-31792309;X:31747749-31838200;X:31747749-31950344;X:31747793-31791091;X:31747828-31806244;X:31747867-31838091;X:31747867-31893304;X:31747867-31947712;X:31747867-31950196;X:31747867-31986455;X:31747876-31893295;X:31757067-32131812;X:31760633-31864900;X:31761312-31858935;X:31761312-31869309;X:31761313-31876380;X:31762981-31864904;X:31763742-31895033;X:31764088-31864634;X:31766615-31855217;X:31766615-31896429;X:31766646-31923633;X:31778983-32076838;X:31780565-31890502;X:31785366-31792122;X:31786038-31893375;X:31791730-31986631;X:31792058-31792329;X:31792058-31893510;X:31792058-31950364;X:31792058-31986651;X:31792068-31792319;X:31792068-31854946;X:31792068-31893500;X:31792068-31897527;X:31792068-31950354;X:31792068-31983146;X:31792068-31986641;X:31792078-31792309;X:31792078-31854936;X:31792078-31854939;X:31792078-31893490;X:31792130-31825303;X:31792307-31846389;X:31792311-31854834;X:31792311-31893304;X:31792311-31947712;X:31792311-31950196;X:31792320-31854825;X:31792320-31893295;X:31792320-31947703;X:31792320-31986446;X:31792557-31877473;X:31795364-31959887;X:31795364-31982230;X:31800344-32106118;X:31814057-31970799;X:31815233-31986493;X:31815234-31986493;X:31815808-31875058;X:31831086-32063055;X:31836969-31945018;X:31838073-31838220;X:31838073-31854956;X:31838073-31893510;X:31838073-31897527;X:31838073-31950364;X:31838073-31986651;X:31838083-31838210;X:31838083-31854946;X:31838083-31893500;X:31838083-31897527;X:31838083-31947872;X:31838083-31950354;X:31838083-31983146;X:31838083-31986641;X:31838093-31854936;X:31838093-31893490;X:31838122-31962285;X:31838187-31838598;X:31838202-31893304;X:31838202-31947712;X:31838211-31986446;X:31838468-31867499;X:31844449-31952468;X:31853997-31855256;X:31854816-31854956;X:31854816-31893510;X:31854816-31950364;X:31854816-31986651;X:31854826-31854946;X:31854826-31897527;X:31854826-31950354;X:31854826-31983146;X:31854826-31986641;X:31854836-31854936;X:31854836-31893490;X:31854911-31872176;X:31854918-32057181;X:31854938-31947712;X:31854938-31986455;X:31855685-32157553;X:31880952-32082537;X:31881036-31993637;X:31885288-31927655;X:31889652-32057692;X:31893286-31893510;X:31893286-31947882;X:31893286-31950364;X:31893286-31986651;X:31893296-31897527;X:31893296-31950354;X:31893296-31986641;X:31893492-31950196;X:31893492-31986455;X:31897528-31950354;X:31897528-31986641;X:31916930-32040440;X:31923772-32043955;X:31936035-31952468;X:31941494-32044401;X:31947427-31950508;X:31947694-31950364;X:31947694-31986651;X:31947704-31947872;X:31947704-31950354;X:31947704-31986641;X:31947708-31986637;X:31947713-31986631;X:31947854-32089139;X:31950178-31950364;X:31950178-31986651;X:31950188-31950354;X:31951571-32096169;X:31962949-32117422;X:31983147-31986641;X:31986185-31986956;X:31986447-31986641;X:31986456-31986631;X:31986457-31986631	Duchenne_muscular_dystrophy		CLN:2183742;CLN:3854362;dbVar:nssv18786230	X:31697577-31697692;X:31893417-31893416;X:31893417-31893493											180	Abnormality_of_the_musculature;Becker_muscular_dystrophy;Cardiomyopathy;Cardiovascular_phenotype;Dilated_cardiomyopathy_3B;Duchenne_and_Becker_muscular_dystrophy;Duchenne_muscular_dystrophy;Dystrophin_deficiency;Qualitative_or_quantitative_defects_of_dystrophin;See_cases;not_specified										IMH	X:11608892-40416734	0.1667																								3	0	0.27				-2.65362022636097	-4.19962757493385	Becker muscular dystrophy;Duchenne and Becker muscular dystrophy;Duchenne muscular dystrophy;dilated cardiomyopathy 3B;familial isolated dilated cardiomyopathy;non-syndromic X-linked intellectual disability;progressive muscular dystrophy;symptomatic form of muscular dystrophy of Duchenne and Becker in female carriers	AD;XL	Definitive;Strong;Supportive	14567970[PMID]_20301486[PMID];16770791;19367636;23900271[PMID];25007885;NULL	1756	HGNC:2928	300377	Becker muscular dystrophy, 300376 (3) XLR;Cardiomyopathy, dilated, 3B, 302045 (3) XL;Duchenne muscular dystrophy, 310200 (3) XLR	XL;XLR	yes		0	1.0000e+00	1.0000e+00			full=5
X_31838091_31986631_DEL_1	X	31838091	31986631	-148541	CNV034	DEL	NA	full	p21.1	DMD	FTHL17	MIR3915	1																GK (HI=3/morbid/RE=ABC_enhancer)			dbVar:nssv15153176;dbVar:nssv17973141;dbVar:nssv17973819;dbVar:nssv17976781;dbVar:nssv18326535;dbVar:nssv18789693	X:31838202-31947712;X:31838202-31986455;X:31854816-31950364;X:31854826-31893500;X:31947472-31972601;X:31947694-31950364			dbVar:nssv15127684;dbVar:nssv15149157;dbVar:nssv15149443;dbVar:nssv15149449;dbVar:nssv15151917;dbVar:nssv15151959;dbVar:nssv15151961;dbVar:nssv15152276;dbVar:nssv15152988;dbVar:nssv15153089;dbVar:nssv15605850;dbVar:nssv15770419;nssv17683535;dbVar:nssv15770723;dbVar:nssv15770875;dbVar:nssv15770975;nssv17683536;dbVar:nssv16212149;dbVar:nssv16212231;dbVar:nssv16212566;dbVar:nssv16212899;dbVar:nssv16213202;dbVar:nssv16214527;dbVar:nssv16215058;nssv16212309;dbVar:nssv16254695;dbVar:nssv16255787;dbVar:nssv16255788;dbVar:nssv17171709;dbVar:nssv17173259;dbVar:nssv17517523;dbVar:nssv17517524;dbVar:nssv17955904;dbVar:nssv17970951;dbVar:nssv17973245;dbVar:nssv18329055;dbVar:nssv18330239;dbVar:nssv18330294;dbVar:nssv18788358;dbVar:nssv18788458;dbVar:nssv18789717;dbVar:nssv18792600;dbVar:nssv18792621;dbVar:nssv18841932	X:31838093-31854936;X:31838093-31893490;X:31838122-31962285;X:31838187-31838598;X:31838202-31893304;X:31838202-31947712;X:31838211-31986446;X:31838468-31867499;X:31844449-31952468;X:31853997-31855256;X:31854816-31854956;X:31854816-31893510;X:31854816-31950364;X:31854826-31854946;X:31854826-31897527;X:31854826-31950354;X:31854826-31983146;X:31854836-31854936;X:31854836-31893490;X:31854911-31872176;X:31854938-31947712;X:31854938-31986455;X:31885288-31927655;X:31893286-31893510;X:31893286-31947882;X:31893286-31950364;X:31893296-31897527;X:31893296-31950354;X:31893492-31950196;X:31893492-31986455;X:31897528-31950354;X:31936035-31952468;X:31947427-31950508;X:31947694-31950364;X:31947704-31947872;X:31947704-31950354;X:31947713-31986631;X:31950178-31950364;X:31950188-31950354;X:31986456-31986631;X:31986457-31986631	Duchenne_muscular_dystrophy		CLN:2183742;dbVar:nssv18786230	X:31893417-31893416;X:31893417-31893493											106	Abnormality_of_the_musculature;Becker_muscular_dystrophy;Cardiovascular_phenotype;Dilated_cardiomyopathy_3B;Duchenne_and_Becker_muscular_dystrophy;Duchenne_muscular_dystrophy;Qualitative_or_quantitative_defects_of_dystrophin;not_specified										IMH	X:11608892-40416734	0.1667			X:31889159-31894898 dgv2260e212	X:31889159-31894898 dgv2260e212			chrX:31931447-31945459 dbVar;chrX:31978990-31979118 dbVar;X:31889159-31895094 dgv2261e212;chrX:31961400-31971000 dbVar;chrX:31981119-31981904 dbVar	X:31889159-31895094 dgv2261e212;chrX:31961400-31971000 dbVar;chrX:31981119-31981904 dbVar;chrX:31931447-31945459 dbVar;chrX:31978990-31979118 dbVar	0.445	0.405														3		0.27				-2.65362022636097	-4.19962757493385							300377			yes		0	1.0000e+00	1.0000e+00	1.0	1A (cf Gene_count, RE_gene, +0.00);2A (cf P_loss_source, +1.00);3A (1 gene, +0.00);5F (+0.00)	5
X_31838091_31986631_DEL_1	X	31838091	31986631	-148541	CNV034	DEL	NA	split	p21.1	DMD				NM_004011	4	31137338	32430345	148541	871	12	yes	51	intron16-intron22	CDS	0	3'	31838090	31986631				dbVar:nssv15153176;dbVar:nssv17973141;dbVar:nssv17973819;dbVar:nssv17976781;dbVar:nssv18326535;dbVar:nssv18789693	X:31838202-31947712;X:31838202-31986455;X:31854816-31950364;X:31854826-31893500;X:31947472-31972601;X:31947694-31950364			dbVar:nssv15127684;dbVar:nssv15149157;dbVar:nssv15149443;dbVar:nssv15149449;dbVar:nssv15151917;dbVar:nssv15151959;dbVar:nssv15151961;dbVar:nssv15152276;dbVar:nssv15152988;dbVar:nssv15153089;dbVar:nssv15605850;dbVar:nssv15770419;nssv17683535;dbVar:nssv15770723;dbVar:nssv15770875;dbVar:nssv15770975;nssv17683536;dbVar:nssv16212149;dbVar:nssv16212231;dbVar:nssv16212566;dbVar:nssv16212899;dbVar:nssv16213202;dbVar:nssv16214527;dbVar:nssv16215058;nssv16212309;dbVar:nssv16254695;dbVar:nssv16255787;dbVar:nssv16255788;dbVar:nssv17171709;dbVar:nssv17173259;dbVar:nssv17517523;dbVar:nssv17517524;dbVar:nssv17955904;dbVar:nssv17970951;dbVar:nssv17973245;dbVar:nssv18329055;dbVar:nssv18330239;dbVar:nssv18330294;dbVar:nssv18788358;dbVar:nssv18788458;dbVar:nssv18789717;dbVar:nssv18792600;dbVar:nssv18792621;dbVar:nssv18841932	X:31838093-31854936;X:31838093-31893490;X:31838122-31962285;X:31838187-31838598;X:31838202-31893304;X:31838202-31947712;X:31838211-31986446;X:31838468-31867499;X:31844449-31952468;X:31853997-31855256;X:31854816-31854956;X:31854816-31893510;X:31854816-31950364;X:31854826-31854946;X:31854826-31897527;X:31854826-31950354;X:31854826-31983146;X:31854836-31854936;X:31854836-31893490;X:31854911-31872176;X:31854938-31947712;X:31854938-31986455;X:31885288-31927655;X:31893286-31893510;X:31893286-31947882;X:31893286-31950364;X:31893296-31897527;X:31893296-31950354;X:31893492-31950196;X:31893492-31986455;X:31897528-31950354;X:31936035-31952468;X:31947427-31950508;X:31947694-31950364;X:31947704-31947872;X:31947704-31950354;X:31947713-31986631;X:31950178-31950364;X:31950188-31950354;X:31986456-31986631;X:31986457-31986631	Duchenne_muscular_dystrophy		CLN:2183742;dbVar:nssv18786230	X:31893417-31893416;X:31893417-31893493											106	Abnormality_of_the_musculature;Becker_muscular_dystrophy;Cardiovascular_phenotype;Dilated_cardiomyopathy_3B;Duchenne_and_Becker_muscular_dystrophy;Duchenne_muscular_dystrophy;Qualitative_or_quantitative_defects_of_dystrophin;not_specified										IMH	X:11608892-40416734	0.1667																								3	0	0.27				-2.65362022636097	-4.19962757493385	Becker muscular dystrophy;Duchenne and Becker muscular dystrophy;Duchenne muscular dystrophy;dilated cardiomyopathy 3B;familial isolated dilated cardiomyopathy;non-syndromic X-linked intellectual disability;progressive muscular dystrophy;symptomatic form of muscular dystrophy of Duchenne and Becker in female carriers	AD;XL	Definitive;Strong;Supportive	14567970[PMID]_20301486[PMID];16770791;19367636;23900271[PMID];25007885;NULL	1756	HGNC:2928	300377	Becker muscular dystrophy, 300376 (3) XLR;Cardiomyopathy, dilated, 3B, 302045 (3) XL;Duchenne muscular dystrophy, 310200 (3) XLR	XL;XLR	yes		0	1.0000e+00	1.0000e+00			full=5
X_31838091_31986631_DEL_1	X	31838091	31986631	-148541	CNV121	DEL	NA	full	p21.1	DMD	FTHL17	MIR3915	1																GK (HI=3/morbid/RE=ABC_enhancer)			dbVar:nssv15153176;dbVar:nssv17973141;dbVar:nssv17973819;dbVar:nssv17976781;dbVar:nssv18326535;dbVar:nssv18789693	X:31838202-31947712;X:31838202-31986455;X:31854816-31950364;X:31854826-31893500;X:31947472-31972601;X:31947694-31950364			dbVar:nssv15127684;dbVar:nssv15149157;dbVar:nssv15149443;dbVar:nssv15149449;dbVar:nssv15151917;dbVar:nssv15151959;dbVar:nssv15151961;dbVar:nssv15152276;dbVar:nssv15152988;dbVar:nssv15153089;dbVar:nssv15605850;dbVar:nssv15770419;nssv17683535;dbVar:nssv15770723;dbVar:nssv15770875;dbVar:nssv15770975;nssv17683536;dbVar:nssv16212149;dbVar:nssv16212231;dbVar:nssv16212566;dbVar:nssv16212899;dbVar:nssv16213202;dbVar:nssv16214527;dbVar:nssv16215058;nssv16212309;dbVar:nssv16254695;dbVar:nssv16255787;dbVar:nssv16255788;dbVar:nssv17171709;dbVar:nssv17173259;dbVar:nssv17517523;dbVar:nssv17517524;dbVar:nssv17955904;dbVar:nssv17970951;dbVar:nssv17973245;dbVar:nssv18329055;dbVar:nssv18330239;dbVar:nssv18330294;dbVar:nssv18788358;dbVar:nssv18788458;dbVar:nssv18789717;dbVar:nssv18792600;dbVar:nssv18792621;dbVar:nssv18841932	X:31838093-31854936;X:31838093-31893490;X:31838122-31962285;X:31838187-31838598;X:31838202-31893304;X:31838202-31947712;X:31838211-31986446;X:31838468-31867499;X:31844449-31952468;X:31853997-31855256;X:31854816-31854956;X:31854816-31893510;X:31854816-31950364;X:31854826-31854946;X:31854826-31897527;X:31854826-31950354;X:31854826-31983146;X:31854836-31854936;X:31854836-31893490;X:31854911-31872176;X:31854938-31947712;X:31854938-31986455;X:31885288-31927655;X:31893286-31893510;X:31893286-31947882;X:31893286-31950364;X:31893296-31897527;X:31893296-31950354;X:31893492-31950196;X:31893492-31986455;X:31897528-31950354;X:31936035-31952468;X:31947427-31950508;X:31947694-31950364;X:31947704-31947872;X:31947704-31950354;X:31947713-31986631;X:31950178-31950364;X:31950188-31950354;X:31986456-31986631;X:31986457-31986631	Duchenne_muscular_dystrophy		CLN:2183742;dbVar:nssv18786230	X:31893417-31893416;X:31893417-31893493											106	Abnormality_of_the_musculature;Becker_muscular_dystrophy;Cardiovascular_phenotype;Dilated_cardiomyopathy_3B;Duchenne_and_Becker_muscular_dystrophy;Duchenne_muscular_dystrophy;Qualitative_or_quantitative_defects_of_dystrophin;not_specified										IMH	X:11608892-40416734	0.1667			X:31889159-31894898 dgv2260e212	X:31889159-31894898 dgv2260e212			chrX:31931447-31945459 dbVar;chrX:31978990-31979118 dbVar;X:31889159-31895094 dgv2261e212;chrX:31961400-31971000 dbVar;chrX:31981119-31981904 dbVar	X:31889159-31895094 dgv2261e212;chrX:31961400-31971000 dbVar;chrX:31981119-31981904 dbVar;chrX:31931447-31945459 dbVar;chrX:31978990-31979118 dbVar	0.445	0.405														3		0.27				-2.65362022636097	-4.19962757493385							300377			yes		0	1.0000e+00	1.0000e+00	1.0	1A (cf Gene_count, RE_gene, +0.00);2A (cf P_loss_source, +1.00);3A (1 gene, +0.00);5F (+0.00)	5
X_31838091_31986631_DEL_1	X	31838091	31986631	-148541	CNV121	DEL	NA	split	p21.1	DMD				NM_004011	4	31137338	32430345	148541	871	12	yes	51	intron16-intron22	CDS	0	3'	31838090	31986631				dbVar:nssv15153176;dbVar:nssv17973141;dbVar:nssv17973819;dbVar:nssv17976781;dbVar:nssv18326535;dbVar:nssv18789693	X:31838202-31947712;X:31838202-31986455;X:31854816-31950364;X:31854826-31893500;X:31947472-31972601;X:31947694-31950364			dbVar:nssv15127684;dbVar:nssv15149157;dbVar:nssv15149443;dbVar:nssv15149449;dbVar:nssv15151917;dbVar:nssv15151959;dbVar:nssv15151961;dbVar:nssv15152276;dbVar:nssv15152988;dbVar:nssv15153089;dbVar:nssv15605850;dbVar:nssv15770419;nssv17683535;dbVar:nssv15770723;dbVar:nssv15770875;dbVar:nssv15770975;nssv17683536;dbVar:nssv16212149;dbVar:nssv16212231;dbVar:nssv16212566;dbVar:nssv16212899;dbVar:nssv16213202;dbVar:nssv16214527;dbVar:nssv16215058;nssv16212309;dbVar:nssv16254695;dbVar:nssv16255787;dbVar:nssv16255788;dbVar:nssv17171709;dbVar:nssv17173259;dbVar:nssv17517523;dbVar:nssv17517524;dbVar:nssv17955904;dbVar:nssv17970951;dbVar:nssv17973245;dbVar:nssv18329055;dbVar:nssv18330239;dbVar:nssv18330294;dbVar:nssv18788358;dbVar:nssv18788458;dbVar:nssv18789717;dbVar:nssv18792600;dbVar:nssv18792621;dbVar:nssv18841932	X:31838093-31854936;X:31838093-31893490;X:31838122-31962285;X:31838187-31838598;X:31838202-31893304;X:31838202-31947712;X:31838211-31986446;X:31838468-31867499;X:31844449-31952468;X:31853997-31855256;X:31854816-31854956;X:31854816-31893510;X:31854816-31950364;X:31854826-31854946;X:31854826-31897527;X:31854826-31950354;X:31854826-31983146;X:31854836-31854936;X:31854836-31893490;X:31854911-31872176;X:31854938-31947712;X:31854938-31986455;X:31885288-31927655;X:31893286-31893510;X:31893286-31947882;X:31893286-31950364;X:31893296-31897527;X:31893296-31950354;X:31893492-31950196;X:31893492-31986455;X:31897528-31950354;X:31936035-31952468;X:31947427-31950508;X:31947694-31950364;X:31947704-31947872;X:31947704-31950354;X:31947713-31986631;X:31950178-31950364;X:31950188-31950354;X:31986456-31986631;X:31986457-31986631	Duchenne_muscular_dystrophy		CLN:2183742;dbVar:nssv18786230	X:31893417-31893416;X:31893417-31893493											106	Abnormality_of_the_musculature;Becker_muscular_dystrophy;Cardiovascular_phenotype;Dilated_cardiomyopathy_3B;Duchenne_and_Becker_muscular_dystrophy;Duchenne_muscular_dystrophy;Qualitative_or_quantitative_defects_of_dystrophin;not_specified										IMH	X:11608892-40416734	0.1667																								3	0	0.27				-2.65362022636097	-4.19962757493385	Becker muscular dystrophy;Duchenne and Becker muscular dystrophy;Duchenne muscular dystrophy;dilated cardiomyopathy 3B;familial isolated dilated cardiomyopathy;non-syndromic X-linked intellectual disability;progressive muscular dystrophy;symptomatic form of muscular dystrophy of Duchenne and Becker in female carriers	AD;XL	Definitive;Strong;Supportive	14567970[PMID]_20301486[PMID];16770791;19367636;23900271[PMID];25007885;NULL	1756	HGNC:2928	300377	Becker muscular dystrophy, 300376 (3) XLR;Cardiomyopathy, dilated, 3B, 302045 (3) XL;Duchenne muscular dystrophy, 310200 (3) XLR	XL;XLR	yes		0	1.0000e+00	1.0000e+00			full=5
X_31893307_31986631_DEL_1	X	31893307	31986631	-93325	CNV030	DEL	NA	full	p21.1	DMD	FTHL17	MIR3915	1																			dbVar:nssv15153176;dbVar:nssv18789693	X:31947472-31972601;X:31947694-31950364			dbVar:nssv15149443;dbVar:nssv15151961;dbVar:nssv15152988;dbVar:nssv15770723;dbVar:nssv15770975;nssv17683536;dbVar:nssv16212149;dbVar:nssv16212899;dbVar:nssv16255788;dbVar:nssv17517523;dbVar:nssv17517524;dbVar:nssv18330294;dbVar:nssv18792600;dbVar:nssv18841932	X:31893492-31950196;X:31893492-31986455;X:31897528-31950354;X:31936035-31952468;X:31947427-31950508;X:31947694-31950364;X:31947704-31947872;X:31947704-31950354;X:31947713-31986631;X:31950178-31950364;X:31950188-31950354;X:31986456-31986631;X:31986457-31986631	Duchenne_muscular_dystrophy		CLN:2183742;dbVar:nssv18786230	X:31893417-31893416;X:31893417-31893493											85	Abnormality_of_the_musculature;Becker_muscular_dystrophy;Cardiovascular_phenotype;Dilated_cardiomyopathy_3B;Duchenne_muscular_dystrophy;Qualitative_or_quantitative_defects_of_dystrophin;not_specified										IMH	X:11608892-40416734	0.1667			X:31889159-31894898 dgv2260e212	X:31889159-31894898 dgv2260e212			chrX:31931447-31945459 dbVar;chrX:31978990-31979118 dbVar;X:31889159-31895094 dgv2261e212;chrX:31961400-31971000 dbVar;chrX:31981119-31981904 dbVar	X:31889159-31895094 dgv2261e212;chrX:31961400-31971000 dbVar;chrX:31981119-31981904 dbVar;chrX:31931447-31945459 dbVar;chrX:31978990-31979118 dbVar	0.310	0.405	X:31892757-31893223	MER31A												3		0.27				-2.65362022636097	-4.19962757493385							300377			yes		0	1.0000e+00	1.0000e+00	1.0	1A (cf Gene_count, RE_gene, +0.00);2A (cf P_loss_source, +1.00);3A (1 gene, +0.00);5F (+0.00)	5
X_31893307_31986631_DEL_1	X	31893307	31986631	-93325	CNV030	DEL	NA	split	p21.1	DMD				NM_004011	4	31137338	32430345	93325	658	9	yes	51	intron16-exon20	CDS	0	3'	31893306	31986631				dbVar:nssv15153176;dbVar:nssv18789693	X:31947472-31972601;X:31947694-31950364			dbVar:nssv15149443;dbVar:nssv15151961;dbVar:nssv15152988;dbVar:nssv15770723;dbVar:nssv15770975;nssv17683536;dbVar:nssv16212149;dbVar:nssv16212899;dbVar:nssv16255788;dbVar:nssv17517523;dbVar:nssv17517524;dbVar:nssv18330294;dbVar:nssv18792600;dbVar:nssv18841932	X:31893492-31950196;X:31893492-31986455;X:31897528-31950354;X:31936035-31952468;X:31947427-31950508;X:31947694-31950364;X:31947704-31947872;X:31947704-31950354;X:31947713-31986631;X:31950178-31950364;X:31950188-31950354;X:31986456-31986631;X:31986457-31986631	Duchenne_muscular_dystrophy		CLN:2183742;dbVar:nssv18786230	X:31893417-31893416;X:31893417-31893493											85	Abnormality_of_the_musculature;Becker_muscular_dystrophy;Cardiovascular_phenotype;Dilated_cardiomyopathy_3B;Duchenne_muscular_dystrophy;Qualitative_or_quantitative_defects_of_dystrophin;not_specified										IMH	X:11608892-40416734	0.1667																								3	0	0.27				-2.65362022636097	-4.19962757493385	Becker muscular dystrophy;Duchenne and Becker muscular dystrophy;Duchenne muscular dystrophy;dilated cardiomyopathy 3B;familial isolated dilated cardiomyopathy;non-syndromic X-linked intellectual disability;progressive muscular dystrophy;symptomatic form of muscular dystrophy of Duchenne and Becker in female carriers	AD;XL	Definitive;Strong;Supportive	14567970[PMID]_20301486[PMID];16770791;19367636;23900271[PMID];25007885;NULL	1756	HGNC:2928	300377	Becker muscular dystrophy, 300376 (3) XLR;Cardiomyopathy, dilated, 3B, 302045 (3) XL;Duchenne muscular dystrophy, 310200 (3) XLR	XL;XLR	yes		0	1.0000e+00	1.0000e+00			full=5
X_31893307_31986631_DEL_1	X	31893307	31986631	-93325	CNV117	DEL	NA	full	p21.1	DMD	FTHL17	MIR3915	1																			dbVar:nssv15153176;dbVar:nssv18789693	X:31947472-31972601;X:31947694-31950364			dbVar:nssv15149443;dbVar:nssv15151961;dbVar:nssv15152988;dbVar:nssv15770723;dbVar:nssv15770975;nssv17683536;dbVar:nssv16212149;dbVar:nssv16212899;dbVar:nssv16255788;dbVar:nssv17517523;dbVar:nssv17517524;dbVar:nssv18330294;dbVar:nssv18792600;dbVar:nssv18841932	X:31893492-31950196;X:31893492-31986455;X:31897528-31950354;X:31936035-31952468;X:31947427-31950508;X:31947694-31950364;X:31947704-31947872;X:31947704-31950354;X:31947713-31986631;X:31950178-31950364;X:31950188-31950354;X:31986456-31986631;X:31986457-31986631	Duchenne_muscular_dystrophy		CLN:2183742;dbVar:nssv18786230	X:31893417-31893416;X:31893417-31893493											85	Abnormality_of_the_musculature;Becker_muscular_dystrophy;Cardiovascular_phenotype;Dilated_cardiomyopathy_3B;Duchenne_muscular_dystrophy;Qualitative_or_quantitative_defects_of_dystrophin;not_specified										IMH	X:11608892-40416734	0.1667			X:31889159-31894898 dgv2260e212	X:31889159-31894898 dgv2260e212			chrX:31931447-31945459 dbVar;chrX:31978990-31979118 dbVar;X:31889159-31895094 dgv2261e212;chrX:31961400-31971000 dbVar;chrX:31981119-31981904 dbVar	X:31889159-31895094 dgv2261e212;chrX:31961400-31971000 dbVar;chrX:31981119-31981904 dbVar;chrX:31931447-31945459 dbVar;chrX:31978990-31979118 dbVar	0.310	0.405	X:31892757-31893223	MER31A												3		0.27				-2.65362022636097	-4.19962757493385							300377			yes		0	1.0000e+00	1.0000e+00	1.0	1A (cf Gene_count, RE_gene, +0.00);2A (cf P_loss_source, +1.00);3A (1 gene, +0.00);5F (+0.00)	5
X_31893307_31986631_DEL_1	X	31893307	31986631	-93325	CNV117	DEL	NA	split	p21.1	DMD				NM_004011	4	31137338	32430345	93325	658	9	yes	51	intron16-exon20	CDS	0	3'	31893306	31986631				dbVar:nssv15153176;dbVar:nssv18789693	X:31947472-31972601;X:31947694-31950364			dbVar:nssv15149443;dbVar:nssv15151961;dbVar:nssv15152988;dbVar:nssv15770723;dbVar:nssv15770975;nssv17683536;dbVar:nssv16212149;dbVar:nssv16212899;dbVar:nssv16255788;dbVar:nssv17517523;dbVar:nssv17517524;dbVar:nssv18330294;dbVar:nssv18792600;dbVar:nssv18841932	X:31893492-31950196;X:31893492-31986455;X:31897528-31950354;X:31936035-31952468;X:31947427-31950508;X:31947694-31950364;X:31947704-31947872;X:31947704-31950354;X:31947713-31986631;X:31950178-31950364;X:31950188-31950354;X:31986456-31986631;X:31986457-31986631	Duchenne_muscular_dystrophy		CLN:2183742;dbVar:nssv18786230	X:31893417-31893416;X:31893417-31893493											85	Abnormality_of_the_musculature;Becker_muscular_dystrophy;Cardiovascular_phenotype;Dilated_cardiomyopathy_3B;Duchenne_muscular_dystrophy;Qualitative_or_quantitative_defects_of_dystrophin;not_specified										IMH	X:11608892-40416734	0.1667																								3	0	0.27				-2.65362022636097	-4.19962757493385	Becker muscular dystrophy;Duchenne and Becker muscular dystrophy;Duchenne muscular dystrophy;dilated cardiomyopathy 3B;familial isolated dilated cardiomyopathy;non-syndromic X-linked intellectual disability;progressive muscular dystrophy;symptomatic form of muscular dystrophy of Duchenne and Becker in female carriers	AD;XL	Definitive;Strong;Supportive	14567970[PMID]_20301486[PMID];16770791;19367636;23900271[PMID];25007885;NULL	1756	HGNC:2928	300377	Becker muscular dystrophy, 300376 (3) XLR;Cardiomyopathy, dilated, 3B, 302045 (3) XL;Duchenne muscular dystrophy, 310200 (3) XLR	XL;XLR	yes		0	1.0000e+00	1.0000e+00			full=5
X_32429868_32717410_DEL_1	X	32429868	32717410	-287543	CNV028	DEL	NA	full	p21.1	DMD;MIR3915;MIR548F5	FTHL17	FAM47A	3																ABCB7 (morbid/RE=mTL_miRNA);ACVR2B (morbid/RE=mTL_miRNA);ALDH1A3 (morbid/RE=mTL_miRNA);ALDH4A1 (morbid/RE=mTL_miRNA);ANKS6 (morbid/RE=mTL_miRNA);APP (morbid/RE=mTL_miRNA);ATP2A2 (morbid/RE=mTL_miRNA);CACNA1B (morbid/RE=mTL_miRNA);CALM1 (morbid/RE=mTL_miRNA);CLDN1 (morbid/RE=mTL_miRNA);CRLS1 (morbid/RE=mTL_miRNA);CRTAP (morbid/RE=mTL_miRNA);DDR2 (morbid/RE=mTL_miRNA);DDX3X (HI=3/morbid/RE=mTL_miRNA);DDX6 (morbid/RE=mTL_miRNA);DGKE (morbid/RE=mTL_miRNA);ELP2 (morbid/RE=mTL_miRNA);FAM83H (morbid/RE=mTL_miRNA);FLCN (HI=3/morbid/RE=mTL_miRNA);FOXL2 (HI=3/morbid/RE=mTL_miRNA);GATAD2B (HI=3/morbid/RE=mTL_miRNA);GBA2 (morbid/RE=mTL_miRNA);GOT1 (morbid/RE=mTL_miRNA);GPC4 (morbid/RE=mTL_miRNA);GPR156 (morbid/RE=mTL_miRNA);GRIN2A (HI=3/morbid/RE=mTL_miRNA);GTPBP2 (morbid/RE=mTL_miRNA);IHH (morbid/RE=mTL_miRNA);ILDR1 (morbid/RE=mTL_miRNA);KANSL1 (HI=3/morbid/RE=mTL_miRNA);KDM6A (HI=3/morbid/RE=mTL_miRNA);KLHL15 (morbid/RE=mTL_miRNA);KMT2D (HI=3/morbid/RE=mTL_miRNA);KREMEN1 (morbid/RE=mTL_miRNA);LDHD (morbid/RE=mTL_miRNA);LMNB1 (TS=3/morbid/RE=mTL_miRNA);LNPK (morbid/RE=mTL_miRNA);MAPKAPK5 (morbid/RE=mTL_miRNA);MCFD2 (morbid/RE=mTL_miRNA);NDRG1 (morbid/RE=mTL_miRNA);NDUFS1 (morbid/RE=mTL_miRNA);OXR1 (morbid/RE=mTL_miRNA);PAFAH1B1 (HI=3/morbid/RE=mTL_miRNA);PCK1 (morbid/RE=mTL_miRNA);PDE3A (morbid/RE=mTL_miRNA);PERP (morbid/RE=mTL_miRNA);PHF12 (HI=3/RE=mTL_miRNA);PIK3CG (morbid/RE=mTL_miRNA);POFUT1 (morbid/RE=mTL_miRNA);PRLR (morbid/RE=mTL_miRNA)...			dbVar:nssv15120358;dbVar:nssv15142399;dbVar:nssv15149452;dbVar:nssv15149462;dbVar:nssv15149825;dbVar:nssv15150873;dbVar:nssv15150880;dbVar:nssv15154180;dbVar:nssv15770250;dbVar:nssv15770303;dbVar:nssv15770315;dbVar:nssv16211997;dbVar:nssv16212524;dbVar:nssv16212716;dbVar:nssv16213477;dbVar:nssv16213508;dbVar:nssv16214116;dbVar:nssv17171366;dbVar:nssv17171665;dbVar:nssv17171666;dbVar:nssv17171924;dbVar:nssv17649953;dbVar:nssv17970884;dbVar:nssv17971544;dbVar:nssv17971769;dbVar:nssv17973356;dbVar:nssv17973365;dbVar:nssv17973813;dbVar:nssv17973814;dbVar:nssv17976796;dbVar:nssv18329040;dbVar:nssv18788484;dbVar:nssv18788491;dbVar:nssv18788492;dbVar:nssv18788496;dbVar:nssv18789679;dbVar:nssv18792845	X:32456349-32490436;X:32470879-32663191;X:32472770-32536267;X:32481537-32509655;X:32481557-32509635;X:32486596-32490446;X:32486596-32509655;X:32490272-32490436;X:32503017-32503236;X:32503017-32536268;X:32503017-32632590;X:32503227-32519862;X:32509375-32509655;X:32509375-32536268;X:32509385-32536267;X:32519853-32536268;X:32519853-32632590;X:32519863-32519969;X:32536116-32632580;X:32536250-32583818;X:32563257-32563471;X:32563257-32591983;X:32563257-32614013;X:32563257-32663289;X:32563267-32591973;X:32563277-32563451;X:32578320-32620638;X:32583800-32632590;X:32583820-32632570;X:32591965-32662248;X:32600729-32632590;X:32632401-32632590;X:32632411-32632580;X:32644703-32681484;X:32662230-32663289;X:32662230-32669194;X:32662240-32663279			CLN:794086;dbVar:nssv15149455;dbVar:nssv15149829;dbVar:nssv15151956;dbVar:nssv15153103;dbVar:nssv15154126;dbVar:nssv15770076;dbVar:nssv15770136;dbVar:nssv15770291;dbVar:nssv15770447;dbVar:nssv15770482;dbVar:nssv15770552;dbVar:nssv15770811;dbVar:nssv15770863;dbVar:nssv16208629;dbVar:nssv16211894;dbVar:nssv16212146;dbVar:nssv16212164;dbVar:nssv16212368;dbVar:nssv16212444;dbVar:nssv16212537;dbVar:nssv16212712;dbVar:nssv16212762;dbVar:nssv16212875;dbVar:nssv16212910;dbVar:nssv16213295;dbVar:nssv16213852;dbVar:nssv16213930;dbVar:nssv16213962;dbVar:nssv16214348;dbVar:nssv16254696;dbVar:nssv16254716;dbVar:nssv17059347;dbVar:nssv17171755;dbVar:nssv17171756;dbVar:nssv17172541;dbVar:nssv17172543;dbVar:nssv17172751;dbVar:nssv17172752;dbVar:nssv17172938;dbVar:nssv17173257;dbVar:nssv17968768;dbVar:nssv17971412;dbVar:nssv17971413;dbVar:nssv17971700;dbVar:nssv17971825;dbVar:nssv17972006;dbVar:nssv17972194;dbVar:nssv17972391;dbVar:nssv17972633;dbVar:nssv17974983;dbVar:nssv17976518;dbVar:nssv17976528;dbVar:nssv18326569;dbVar:nssv18329061;dbVar:nssv18786325;dbVar:nssv18788364;dbVar:nssv18788365;dbVar:nssv18788367;dbVar:nssv18788368;dbVar:nssv18788371;dbVar:nssv18788372;dbVar:nssv18788442;dbVar:nssv18788443;dbVar:nssv18788444;dbVar:nssv18789719;dbVar:nssv18789720;dbVar:nssv18792263;dbVar:nssv18792266;dbVar:nssv18792273;dbVar:nssv18792274;dbVar:nssv18792275;dbVar:nssv18792279;dbVar:nssv18792280;dbVar:nssv18792281;dbVar:nssv18792284;dbVar:nssv18792287;dbVar:nssv18792288;dbVar:nssv18792771	X:32430032-32536124;X:32430032-32583818;X:32430041-32715977;X:32456339-32490446;X:32456339-32509655;X:32456339-32536268;X:32456339-32632590;X:32456349-32563461;X:32456349-32591973;X:32456349-32614003;X:32456349-32632580;X:32456349-32663279;X:32456349-32669194;X:32456357-32490428;X:32456359-32509635;X:32456432-32487970;X:32458017-32593856;X:32459433-32509393;X:32466554-32472969;X:32466554-32632590;X:32472760-32663289;X:32479317-32486837;X:32479317-32490436;X:32479317-32591973;X:32481537-32536268;X:32481537-32563471;X:32482694-32563461;X:32486596-32663289;X:32486606-32519969;X:32490262-32490446;X:32490262-32669194;X:32490272-32669194;X:32490428-32509393;X:32503017-32503236;X:32503017-32536268;X:32503017-32563471;X:32503027-32519969;X:32509375-32663289;X:32509385-32519969;X:32509385-32563461;X:32509637-32613873;X:32519853-32519979;X:32519853-32536268;X:32519853-32563471;X:32519853-32663289;X:32519863-32519969;X:32519875-32519925;X:32536106-32536268;X:32536106-32614013;X:32536106-32632590;X:32536116-32614003;X:32536116-32669194;X:32536126-32717410;X:32563257-32563471;X:32563257-32591983;X:32563257-32663289;X:32582351-32591723;X:32582853-32583839;X:32583800-32591983;X:32583800-32663289;X:32583810-32644479;X:32591638-32591973;X:32591648-32717410;X:32613855-32614013;X:32613855-32669194;X:32613865-32614003;X:32613865-32632580;X:32613865-32663279;X:32613865-32669194;X:32632401-32663289;X:32632411-32669194;X:32632572-32715986;X:32640127-32662273;X:32662230-32663289;X:32662230-32669194;X:32662240-32662440;X:32662240-32669194;X:32663271-32717228;X:32715978-32716130															579	Abnormality_of_the_musculature;Becker_muscular_dystrophy;Calf_muscle_hypertrophy;Cardiomyopathy;Cardiovascular_phenotype;DMD-related_disorder;Dilated_cardiomyopathy_3B;Duchenne_muscular_dystrophy;Dystrophin_deficiency;EMG:_myopathic_abnormalities;EMG_abnormality;Elevated_circulating_creatine_kinase_concentration;Intermediate_muscular_dystrophy;Motor_delay;Muscle_spasm;Muscle_weakness;Qualitative_or_quantitative_defects_of_dystrophin;See_cases;not_specified										IMH	X:11608892-40416734	0.1667			X:32430688-32430688 1000g	X:32430688-32430688 1000g			X:32430305-32431577 1000g;X:32468502-32468932 1000g;X:32470399-32470616 CLN:1796190;X:32470415-32470615 CLN:1796192;X:32470416-32470605 CLN:1796198;X:32470416-32470615 CLN:1796191;chrX:32550298-32553844 dbVar;chrX:32554273-32554383 dbVar;chrX:32587367-32588348 dbVar;chrX:32627359-32627422 dbVar;chrX:32644436-32645660 dbVar;X:32644437-32645660 DDD:57480;X:32644437-32645660 esv2669550;X:32682319-32684596 1000g;X:32683901-32690938 dgv2264e212;chrX:32701649-32702687 dbVar;X:32701680-32702581 DDD:57483;chrX:32711891-32716958 dbVar;X:32430305-32431577 1000g;X:32468502-32468932 1000g...	chrX:32430304-32431577 dbVar;chrX:32430378-32431636 dbVar;chrX:32468502-32468932 dbVar;X:32470409-32470615 CLN:1796193;X:32470416-32470600 CLN:1796199;X:32470416-32470610 CLN:1796196;chrX:32539239-32539314 dbVar;chrX:32550325-32553819 dbVar;chrX:32585801-32586545 dbVar;chrX:32623500-32628500 dbVar;X:32644434-32645657 CLN:1829260;X:32644436-32645660 gnomAD-SV_v2.1_DEL_X_185503;X:32644437-32645660 IMH;chrX:32682318-32684596 dbVar;chrX:32682444-32684545 dbVar;chrX:32691315-32691888 dbVar;X:32701650-32702687 1000g;chrX:32701681-32702581 dbVar;chrX:32430304-32431577 dbVar;chrX:32430378-32431636 dbVar...	0.395	0.350														3		0.27				-2.65362022636097	-4.19962757493385							300377			yes		0	1.0000e+00	1.0000e+00	1.0	1A (cf Gene_count, RE_gene, +0.00);2A (cf P_loss_source, +1.00);3A (3 genes, +0.00);5F (+0.00)	5
X_32429868_32717410_DEL_1	X	32429868	32717410	-287543	CNV028	DEL	NA	split	p21.1	DMD				NM_004006	3	31137338	33229666	287543	3584	32	yes	79	intron7-intron30	CDS	0	3'	32429867	32717410				dbVar:nssv15120358;dbVar:nssv15142399;dbVar:nssv15149452;dbVar:nssv15149462;dbVar:nssv15149825;dbVar:nssv15150873;dbVar:nssv15150880;dbVar:nssv15154180;dbVar:nssv15770250;dbVar:nssv15770303;dbVar:nssv15770315;dbVar:nssv16211997;dbVar:nssv16212524;dbVar:nssv16212716;dbVar:nssv16213477;dbVar:nssv16213508;dbVar:nssv16214116;dbVar:nssv17171366;dbVar:nssv17171665;dbVar:nssv17171666;dbVar:nssv17171924;dbVar:nssv17649953;dbVar:nssv17970884;dbVar:nssv17971544;dbVar:nssv17971769;dbVar:nssv17973356;dbVar:nssv17973365;dbVar:nssv17973813;dbVar:nssv17973814;dbVar:nssv17976796;dbVar:nssv18329040;dbVar:nssv18788484;dbVar:nssv18788491;dbVar:nssv18788492;dbVar:nssv18788496;dbVar:nssv18789679;dbVar:nssv18792845	X:32456349-32490436;X:32470879-32663191;X:32472770-32536267;X:32481537-32509655;X:32481557-32509635;X:32486596-32490446;X:32486596-32509655;X:32490272-32490436;X:32503017-32503236;X:32503017-32536268;X:32503017-32632590;X:32503227-32519862;X:32509375-32509655;X:32509375-32536268;X:32509385-32536267;X:32519853-32536268;X:32519853-32632590;X:32519863-32519969;X:32536116-32632580;X:32536250-32583818;X:32563257-32563471;X:32563257-32591983;X:32563257-32614013;X:32563257-32663289;X:32563267-32591973;X:32563277-32563451;X:32578320-32620638;X:32583800-32632590;X:32583820-32632570;X:32591965-32662248;X:32600729-32632590;X:32632401-32632590;X:32632411-32632580;X:32644703-32681484;X:32662230-32663289;X:32662230-32669194;X:32662240-32663279			CLN:794086;dbVar:nssv15149455;dbVar:nssv15149829;dbVar:nssv15151956;dbVar:nssv15153103;dbVar:nssv15154126;dbVar:nssv15770076;dbVar:nssv15770136;dbVar:nssv15770291;dbVar:nssv15770447;dbVar:nssv15770482;dbVar:nssv15770552;dbVar:nssv15770811;dbVar:nssv15770863;dbVar:nssv16208629;dbVar:nssv16211894;dbVar:nssv16212146;dbVar:nssv16212164;dbVar:nssv16212368;dbVar:nssv16212444;dbVar:nssv16212537;dbVar:nssv16212712;dbVar:nssv16212762;dbVar:nssv16212875;dbVar:nssv16212910;dbVar:nssv16213295;dbVar:nssv16213852;dbVar:nssv16213930;dbVar:nssv16213962;dbVar:nssv16214348;dbVar:nssv16254696;dbVar:nssv16254716;dbVar:nssv17059347;dbVar:nssv17171755;dbVar:nssv17171756;dbVar:nssv17172541;dbVar:nssv17172543;dbVar:nssv17172751;dbVar:nssv17172752;dbVar:nssv17172938;dbVar:nssv17173257;dbVar:nssv17968768;dbVar:nssv17971412;dbVar:nssv17971413;dbVar:nssv17971700;dbVar:nssv17971825;dbVar:nssv17972006;dbVar:nssv17972194;dbVar:nssv17972391;dbVar:nssv17972633;dbVar:nssv17974983;dbVar:nssv17976518;dbVar:nssv17976528;dbVar:nssv18326569;dbVar:nssv18329061;dbVar:nssv18786325;dbVar:nssv18788364;dbVar:nssv18788365;dbVar:nssv18788367;dbVar:nssv18788368;dbVar:nssv18788371;dbVar:nssv18788372;dbVar:nssv18788442;dbVar:nssv18788443;dbVar:nssv18788444;dbVar:nssv18789719;dbVar:nssv18789720;dbVar:nssv18792263;dbVar:nssv18792266;dbVar:nssv18792273;dbVar:nssv18792274;dbVar:nssv18792275;dbVar:nssv18792279;dbVar:nssv18792280;dbVar:nssv18792281;dbVar:nssv18792284;dbVar:nssv18792287;dbVar:nssv18792288;dbVar:nssv18792771	X:32430032-32536124;X:32430032-32583818;X:32430041-32715977;X:32456339-32490446;X:32456339-32509655;X:32456339-32536268;X:32456339-32632590;X:32456349-32563461;X:32456349-32591973;X:32456349-32614003;X:32456349-32632580;X:32456349-32663279;X:32456349-32669194;X:32456357-32490428;X:32456359-32509635;X:32456432-32487970;X:32458017-32593856;X:32459433-32509393;X:32466554-32472969;X:32466554-32632590;X:32472760-32663289;X:32479317-32486837;X:32479317-32490436;X:32479317-32591973;X:32481537-32536268;X:32481537-32563471;X:32482694-32563461;X:32486596-32663289;X:32486606-32519969;X:32490262-32490446;X:32490262-32669194;X:32490272-32669194;X:32490428-32509393;X:32503017-32503236;X:32503017-32536268;X:32503017-32563471;X:32503027-32519969;X:32509375-32663289;X:32509385-32519969;X:32509385-32563461;X:32509637-32613873;X:32519853-32519979;X:32519853-32536268;X:32519853-32563471;X:32519853-32663289;X:32519863-32519969;X:32519875-32519925;X:32536106-32536268;X:32536106-32614013;X:32536106-32632590;X:32536116-32614003;X:32536116-32669194;X:32536126-32717410;X:32563257-32563471;X:32563257-32591983;X:32563257-32663289;X:32582351-32591723;X:32582853-32583839;X:32583800-32591983;X:32583800-32663289;X:32583810-32644479;X:32591638-32591973;X:32591648-32717410;X:32613855-32614013;X:32613855-32669194;X:32613865-32614003;X:32613865-32632580;X:32613865-32663279;X:32613865-32669194;X:32632401-32663289;X:32632411-32669194;X:32632572-32715986;X:32640127-32662273;X:32662230-32663289;X:32662230-32669194;X:32662240-32662440;X:32662240-32669194;X:32663271-32717228;X:32715978-32716130															579	Abnormality_of_the_musculature;Becker_muscular_dystrophy;Calf_muscle_hypertrophy;Cardiomyopathy;Cardiovascular_phenotype;DMD-related_disorder;Dilated_cardiomyopathy_3B;Duchenne_muscular_dystrophy;Dystrophin_deficiency;EMG:_myopathic_abnormalities;EMG_abnormality;Elevated_circulating_creatine_kinase_concentration;Intermediate_muscular_dystrophy;Motor_delay;Muscle_spasm;Muscle_weakness;Qualitative_or_quantitative_defects_of_dystrophin;See_cases;not_specified										IMH	X:11608892-40416734	0.1667																								3	0	0.27				-2.65362022636097	-4.19962757493385	Becker muscular dystrophy;Duchenne and Becker muscular dystrophy;Duchenne muscular dystrophy;dilated cardiomyopathy 3B;familial isolated dilated cardiomyopathy;non-syndromic X-linked intellectual disability;progressive muscular dystrophy;symptomatic form of muscular dystrophy of Duchenne and Becker in female carriers	AD;XL	Definitive;Strong;Supportive	14567970[PMID]_20301486[PMID];16770791;19367636;23900271[PMID];25007885;NULL	1756	HGNC:2928	300377	Becker muscular dystrophy, 300376 (3) XLR;Cardiomyopathy, dilated, 3B, 302045 (3) XL;Duchenne muscular dystrophy, 310200 (3) XLR	XL;XLR	yes		0	1.0000e+00	1.0000e+00			full=5
X_32429868_32717410_DEL_1	X	32429868	32717410	-287543	CNV028	DEL	NA	split	p21.1	MIR3915				NR_037478	1	32601772	32601869	97	0	0	no	1	txStart-txEnd	UTR			32601772	32601869																																			IMH	X:11608892-40416734	0.1667																																				100500915	HGNC:38955											full=5
X_32429868_32717410_DEL_1	X	32429868	32717410	-287543	CNV028	DEL	NA	split	p21.1	MIR548F5				NR_031646	1	32659590	32659676	86	0	0	no	1	txStart-txEnd	UTR			32659590	32659676																																			IMH	X:11608892-40416734	0.1667																																				100302239	HGNC:35309											full=5
X_32429868_32717410_DEL_1	X	32429868	32717410	-287543	CNV115	DEL	NA	full	p21.1	DMD;MIR3915;MIR548F5	FTHL17	FAM47A	3																ABCB7 (morbid/RE=mTL_miRNA);ACVR2B (morbid/RE=mTL_miRNA);ALDH1A3 (morbid/RE=mTL_miRNA);ALDH4A1 (morbid/RE=mTL_miRNA);ANKS6 (morbid/RE=mTL_miRNA);APP (morbid/RE=mTL_miRNA);ATP2A2 (morbid/RE=mTL_miRNA);CACNA1B (morbid/RE=mTL_miRNA);CALM1 (morbid/RE=mTL_miRNA);CLDN1 (morbid/RE=mTL_miRNA);CRLS1 (morbid/RE=mTL_miRNA);CRTAP (morbid/RE=mTL_miRNA);DDR2 (morbid/RE=mTL_miRNA);DDX3X (HI=3/morbid/RE=mTL_miRNA);DDX6 (morbid/RE=mTL_miRNA);DGKE (morbid/RE=mTL_miRNA);ELP2 (morbid/RE=mTL_miRNA);FAM83H (morbid/RE=mTL_miRNA);FLCN (HI=3/morbid/RE=mTL_miRNA);FOXL2 (HI=3/morbid/RE=mTL_miRNA);GATAD2B (HI=3/morbid/RE=mTL_miRNA);GBA2 (morbid/RE=mTL_miRNA);GOT1 (morbid/RE=mTL_miRNA);GPC4 (morbid/RE=mTL_miRNA);GPR156 (morbid/RE=mTL_miRNA);GRIN2A (HI=3/morbid/RE=mTL_miRNA);GTPBP2 (morbid/RE=mTL_miRNA);IHH (morbid/RE=mTL_miRNA);ILDR1 (morbid/RE=mTL_miRNA);KANSL1 (HI=3/morbid/RE=mTL_miRNA);KDM6A (HI=3/morbid/RE=mTL_miRNA);KLHL15 (morbid/RE=mTL_miRNA);KMT2D (HI=3/morbid/RE=mTL_miRNA);KREMEN1 (morbid/RE=mTL_miRNA);LDHD (morbid/RE=mTL_miRNA);LMNB1 (TS=3/morbid/RE=mTL_miRNA);LNPK (morbid/RE=mTL_miRNA);MAPKAPK5 (morbid/RE=mTL_miRNA);MCFD2 (morbid/RE=mTL_miRNA);NDRG1 (morbid/RE=mTL_miRNA);NDUFS1 (morbid/RE=mTL_miRNA);OXR1 (morbid/RE=mTL_miRNA);PAFAH1B1 (HI=3/morbid/RE=mTL_miRNA);PCK1 (morbid/RE=mTL_miRNA);PDE3A (morbid/RE=mTL_miRNA);PERP (morbid/RE=mTL_miRNA);PHF12 (HI=3/RE=mTL_miRNA);PIK3CG (morbid/RE=mTL_miRNA);POFUT1 (morbid/RE=mTL_miRNA);PRLR (morbid/RE=mTL_miRNA)...			dbVar:nssv15120358;dbVar:nssv15142399;dbVar:nssv15149452;dbVar:nssv15149462;dbVar:nssv15149825;dbVar:nssv15150873;dbVar:nssv15150880;dbVar:nssv15154180;dbVar:nssv15770250;dbVar:nssv15770303;dbVar:nssv15770315;dbVar:nssv16211997;dbVar:nssv16212524;dbVar:nssv16212716;dbVar:nssv16213477;dbVar:nssv16213508;dbVar:nssv16214116;dbVar:nssv17171366;dbVar:nssv17171665;dbVar:nssv17171666;dbVar:nssv17171924;dbVar:nssv17649953;dbVar:nssv17970884;dbVar:nssv17971544;dbVar:nssv17971769;dbVar:nssv17973356;dbVar:nssv17973365;dbVar:nssv17973813;dbVar:nssv17973814;dbVar:nssv17976796;dbVar:nssv18329040;dbVar:nssv18788484;dbVar:nssv18788491;dbVar:nssv18788492;dbVar:nssv18788496;dbVar:nssv18789679;dbVar:nssv18792845	X:32456349-32490436;X:32470879-32663191;X:32472770-32536267;X:32481537-32509655;X:32481557-32509635;X:32486596-32490446;X:32486596-32509655;X:32490272-32490436;X:32503017-32503236;X:32503017-32536268;X:32503017-32632590;X:32503227-32519862;X:32509375-32509655;X:32509375-32536268;X:32509385-32536267;X:32519853-32536268;X:32519853-32632590;X:32519863-32519969;X:32536116-32632580;X:32536250-32583818;X:32563257-32563471;X:32563257-32591983;X:32563257-32614013;X:32563257-32663289;X:32563267-32591973;X:32563277-32563451;X:32578320-32620638;X:32583800-32632590;X:32583820-32632570;X:32591965-32662248;X:32600729-32632590;X:32632401-32632590;X:32632411-32632580;X:32644703-32681484;X:32662230-32663289;X:32662230-32669194;X:32662240-32663279			CLN:794086;dbVar:nssv15149455;dbVar:nssv15149829;dbVar:nssv15151956;dbVar:nssv15153103;dbVar:nssv15154126;dbVar:nssv15770076;dbVar:nssv15770136;dbVar:nssv15770291;dbVar:nssv15770447;dbVar:nssv15770482;dbVar:nssv15770552;dbVar:nssv15770811;dbVar:nssv15770863;dbVar:nssv16208629;dbVar:nssv16211894;dbVar:nssv16212146;dbVar:nssv16212164;dbVar:nssv16212368;dbVar:nssv16212444;dbVar:nssv16212537;dbVar:nssv16212712;dbVar:nssv16212762;dbVar:nssv16212875;dbVar:nssv16212910;dbVar:nssv16213295;dbVar:nssv16213852;dbVar:nssv16213930;dbVar:nssv16213962;dbVar:nssv16214348;dbVar:nssv16254696;dbVar:nssv16254716;dbVar:nssv17059347;dbVar:nssv17171755;dbVar:nssv17171756;dbVar:nssv17172541;dbVar:nssv17172543;dbVar:nssv17172751;dbVar:nssv17172752;dbVar:nssv17172938;dbVar:nssv17173257;dbVar:nssv17968768;dbVar:nssv17971412;dbVar:nssv17971413;dbVar:nssv17971700;dbVar:nssv17971825;dbVar:nssv17972006;dbVar:nssv17972194;dbVar:nssv17972391;dbVar:nssv17972633;dbVar:nssv17974983;dbVar:nssv17976518;dbVar:nssv17976528;dbVar:nssv18326569;dbVar:nssv18329061;dbVar:nssv18786325;dbVar:nssv18788364;dbVar:nssv18788365;dbVar:nssv18788367;dbVar:nssv18788368;dbVar:nssv18788371;dbVar:nssv18788372;dbVar:nssv18788442;dbVar:nssv18788443;dbVar:nssv18788444;dbVar:nssv18789719;dbVar:nssv18789720;dbVar:nssv18792263;dbVar:nssv18792266;dbVar:nssv18792273;dbVar:nssv18792274;dbVar:nssv18792275;dbVar:nssv18792279;dbVar:nssv18792280;dbVar:nssv18792281;dbVar:nssv18792284;dbVar:nssv18792287;dbVar:nssv18792288;dbVar:nssv18792771	X:32430032-32536124;X:32430032-32583818;X:32430041-32715977;X:32456339-32490446;X:32456339-32509655;X:32456339-32536268;X:32456339-32632590;X:32456349-32563461;X:32456349-32591973;X:32456349-32614003;X:32456349-32632580;X:32456349-32663279;X:32456349-32669194;X:32456357-32490428;X:32456359-32509635;X:32456432-32487970;X:32458017-32593856;X:32459433-32509393;X:32466554-32472969;X:32466554-32632590;X:32472760-32663289;X:32479317-32486837;X:32479317-32490436;X:32479317-32591973;X:32481537-32536268;X:32481537-32563471;X:32482694-32563461;X:32486596-32663289;X:32486606-32519969;X:32490262-32490446;X:32490262-32669194;X:32490272-32669194;X:32490428-32509393;X:32503017-32503236;X:32503017-32536268;X:32503017-32563471;X:32503027-32519969;X:32509375-32663289;X:32509385-32519969;X:32509385-32563461;X:32509637-32613873;X:32519853-32519979;X:32519853-32536268;X:32519853-32563471;X:32519853-32663289;X:32519863-32519969;X:32519875-32519925;X:32536106-32536268;X:32536106-32614013;X:32536106-32632590;X:32536116-32614003;X:32536116-32669194;X:32536126-32717410;X:32563257-32563471;X:32563257-32591983;X:32563257-32663289;X:32582351-32591723;X:32582853-32583839;X:32583800-32591983;X:32583800-32663289;X:32583810-32644479;X:32591638-32591973;X:32591648-32717410;X:32613855-32614013;X:32613855-32669194;X:32613865-32614003;X:32613865-32632580;X:32613865-32663279;X:32613865-32669194;X:32632401-32663289;X:32632411-32669194;X:32632572-32715986;X:32640127-32662273;X:32662230-32663289;X:32662230-32669194;X:32662240-32662440;X:32662240-32669194;X:32663271-32717228;X:32715978-32716130															579	Abnormality_of_the_musculature;Becker_muscular_dystrophy;Calf_muscle_hypertrophy;Cardiomyopathy;Cardiovascular_phenotype;DMD-related_disorder;Dilated_cardiomyopathy_3B;Duchenne_muscular_dystrophy;Dystrophin_deficiency;EMG:_myopathic_abnormalities;EMG_abnormality;Elevated_circulating_creatine_kinase_concentration;Intermediate_muscular_dystrophy;Motor_delay;Muscle_spasm;Muscle_weakness;Qualitative_or_quantitative_defects_of_dystrophin;See_cases;not_specified										IMH	X:11608892-40416734	0.1667			X:32430688-32430688 1000g	X:32430688-32430688 1000g			X:32430305-32431577 1000g;X:32468502-32468932 1000g;X:32470399-32470616 CLN:1796190;X:32470415-32470615 CLN:1796192;X:32470416-32470605 CLN:1796198;X:32470416-32470615 CLN:1796191;chrX:32550298-32553844 dbVar;chrX:32554273-32554383 dbVar;chrX:32587367-32588348 dbVar;chrX:32627359-32627422 dbVar;chrX:32644436-32645660 dbVar;X:32644437-32645660 DDD:57480;X:32644437-32645660 esv2669550;X:32682319-32684596 1000g;X:32683901-32690938 dgv2264e212;chrX:32701649-32702687 dbVar;X:32701680-32702581 DDD:57483;chrX:32711891-32716958 dbVar;X:32430305-32431577 1000g;X:32468502-32468932 1000g...	chrX:32430304-32431577 dbVar;chrX:32430378-32431636 dbVar;chrX:32468502-32468932 dbVar;X:32470409-32470615 CLN:1796193;X:32470416-32470600 CLN:1796199;X:32470416-32470610 CLN:1796196;chrX:32539239-32539314 dbVar;chrX:32550325-32553819 dbVar;chrX:32585801-32586545 dbVar;chrX:32623500-32628500 dbVar;X:32644434-32645657 CLN:1829260;X:32644436-32645660 gnomAD-SV_v2.1_DEL_X_185503;X:32644437-32645660 IMH;chrX:32682318-32684596 dbVar;chrX:32682444-32684545 dbVar;chrX:32691315-32691888 dbVar;X:32701650-32702687 1000g;chrX:32701681-32702581 dbVar;chrX:32430304-32431577 dbVar;chrX:32430378-32431636 dbVar...	0.395	0.350														3		0.27				-2.65362022636097	-4.19962757493385							300377			yes		0	1.0000e+00	1.0000e+00	1.0	1A (cf Gene_count, RE_gene, +0.00);2A (cf P_loss_source, +1.00);3A (3 genes, +0.00);5F (+0.00)	5
X_32429868_32717410_DEL_1	X	32429868	32717410	-287543	CNV115	DEL	NA	split	p21.1	DMD				NM_004006	3	31137338	33229666	287543	3584	32	yes	79	intron7-intron30	CDS	0	3'	32429867	32717410				dbVar:nssv15120358;dbVar:nssv15142399;dbVar:nssv15149452;dbVar:nssv15149462;dbVar:nssv15149825;dbVar:nssv15150873;dbVar:nssv15150880;dbVar:nssv15154180;dbVar:nssv15770250;dbVar:nssv15770303;dbVar:nssv15770315;dbVar:nssv16211997;dbVar:nssv16212524;dbVar:nssv16212716;dbVar:nssv16213477;dbVar:nssv16213508;dbVar:nssv16214116;dbVar:nssv17171366;dbVar:nssv17171665;dbVar:nssv17171666;dbVar:nssv17171924;dbVar:nssv17649953;dbVar:nssv17970884;dbVar:nssv17971544;dbVar:nssv17971769;dbVar:nssv17973356;dbVar:nssv17973365;dbVar:nssv17973813;dbVar:nssv17973814;dbVar:nssv17976796;dbVar:nssv18329040;dbVar:nssv18788484;dbVar:nssv18788491;dbVar:nssv18788492;dbVar:nssv18788496;dbVar:nssv18789679;dbVar:nssv18792845	X:32456349-32490436;X:32470879-32663191;X:32472770-32536267;X:32481537-32509655;X:32481557-32509635;X:32486596-32490446;X:32486596-32509655;X:32490272-32490436;X:32503017-32503236;X:32503017-32536268;X:32503017-32632590;X:32503227-32519862;X:32509375-32509655;X:32509375-32536268;X:32509385-32536267;X:32519853-32536268;X:32519853-32632590;X:32519863-32519969;X:32536116-32632580;X:32536250-32583818;X:32563257-32563471;X:32563257-32591983;X:32563257-32614013;X:32563257-32663289;X:32563267-32591973;X:32563277-32563451;X:32578320-32620638;X:32583800-32632590;X:32583820-32632570;X:32591965-32662248;X:32600729-32632590;X:32632401-32632590;X:32632411-32632580;X:32644703-32681484;X:32662230-32663289;X:32662230-32669194;X:32662240-32663279			CLN:794086;dbVar:nssv15149455;dbVar:nssv15149829;dbVar:nssv15151956;dbVar:nssv15153103;dbVar:nssv15154126;dbVar:nssv15770076;dbVar:nssv15770136;dbVar:nssv15770291;dbVar:nssv15770447;dbVar:nssv15770482;dbVar:nssv15770552;dbVar:nssv15770811;dbVar:nssv15770863;dbVar:nssv16208629;dbVar:nssv16211894;dbVar:nssv16212146;dbVar:nssv16212164;dbVar:nssv16212368;dbVar:nssv16212444;dbVar:nssv16212537;dbVar:nssv16212712;dbVar:nssv16212762;dbVar:nssv16212875;dbVar:nssv16212910;dbVar:nssv16213295;dbVar:nssv16213852;dbVar:nssv16213930;dbVar:nssv16213962;dbVar:nssv16214348;dbVar:nssv16254696;dbVar:nssv16254716;dbVar:nssv17059347;dbVar:nssv17171755;dbVar:nssv17171756;dbVar:nssv17172541;dbVar:nssv17172543;dbVar:nssv17172751;dbVar:nssv17172752;dbVar:nssv17172938;dbVar:nssv17173257;dbVar:nssv17968768;dbVar:nssv17971412;dbVar:nssv17971413;dbVar:nssv17971700;dbVar:nssv17971825;dbVar:nssv17972006;dbVar:nssv17972194;dbVar:nssv17972391;dbVar:nssv17972633;dbVar:nssv17974983;dbVar:nssv17976518;dbVar:nssv17976528;dbVar:nssv18326569;dbVar:nssv18329061;dbVar:nssv18786325;dbVar:nssv18788364;dbVar:nssv18788365;dbVar:nssv18788367;dbVar:nssv18788368;dbVar:nssv18788371;dbVar:nssv18788372;dbVar:nssv18788442;dbVar:nssv18788443;dbVar:nssv18788444;dbVar:nssv18789719;dbVar:nssv18789720;dbVar:nssv18792263;dbVar:nssv18792266;dbVar:nssv18792273;dbVar:nssv18792274;dbVar:nssv18792275;dbVar:nssv18792279;dbVar:nssv18792280;dbVar:nssv18792281;dbVar:nssv18792284;dbVar:nssv18792287;dbVar:nssv18792288;dbVar:nssv18792771	X:32430032-32536124;X:32430032-32583818;X:32430041-32715977;X:32456339-32490446;X:32456339-32509655;X:32456339-32536268;X:32456339-32632590;X:32456349-32563461;X:32456349-32591973;X:32456349-32614003;X:32456349-32632580;X:32456349-32663279;X:32456349-32669194;X:32456357-32490428;X:32456359-32509635;X:32456432-32487970;X:32458017-32593856;X:32459433-32509393;X:32466554-32472969;X:32466554-32632590;X:32472760-32663289;X:32479317-32486837;X:32479317-32490436;X:32479317-32591973;X:32481537-32536268;X:32481537-32563471;X:32482694-32563461;X:32486596-32663289;X:32486606-32519969;X:32490262-32490446;X:32490262-32669194;X:32490272-32669194;X:32490428-32509393;X:32503017-32503236;X:32503017-32536268;X:32503017-32563471;X:32503027-32519969;X:32509375-32663289;X:32509385-32519969;X:32509385-32563461;X:32509637-32613873;X:32519853-32519979;X:32519853-32536268;X:32519853-32563471;X:32519853-32663289;X:32519863-32519969;X:32519875-32519925;X:32536106-32536268;X:32536106-32614013;X:32536106-32632590;X:32536116-32614003;X:32536116-32669194;X:32536126-32717410;X:32563257-32563471;X:32563257-32591983;X:32563257-32663289;X:32582351-32591723;X:32582853-32583839;X:32583800-32591983;X:32583800-32663289;X:32583810-32644479;X:32591638-32591973;X:32591648-32717410;X:32613855-32614013;X:32613855-32669194;X:32613865-32614003;X:32613865-32632580;X:32613865-32663279;X:32613865-32669194;X:32632401-32663289;X:32632411-32669194;X:32632572-32715986;X:32640127-32662273;X:32662230-32663289;X:32662230-32669194;X:32662240-32662440;X:32662240-32669194;X:32663271-32717228;X:32715978-32716130															579	Abnormality_of_the_musculature;Becker_muscular_dystrophy;Calf_muscle_hypertrophy;Cardiomyopathy;Cardiovascular_phenotype;DMD-related_disorder;Dilated_cardiomyopathy_3B;Duchenne_muscular_dystrophy;Dystrophin_deficiency;EMG:_myopathic_abnormalities;EMG_abnormality;Elevated_circulating_creatine_kinase_concentration;Intermediate_muscular_dystrophy;Motor_delay;Muscle_spasm;Muscle_weakness;Qualitative_or_quantitative_defects_of_dystrophin;See_cases;not_specified										IMH	X:11608892-40416734	0.1667																								3	0	0.27				-2.65362022636097	-4.19962757493385	Becker muscular dystrophy;Duchenne and Becker muscular dystrophy;Duchenne muscular dystrophy;dilated cardiomyopathy 3B;familial isolated dilated cardiomyopathy;non-syndromic X-linked intellectual disability;progressive muscular dystrophy;symptomatic form of muscular dystrophy of Duchenne and Becker in female carriers	AD;XL	Definitive;Strong;Supportive	14567970[PMID]_20301486[PMID];16770791;19367636;23900271[PMID];25007885;NULL	1756	HGNC:2928	300377	Becker muscular dystrophy, 300376 (3) XLR;Cardiomyopathy, dilated, 3B, 302045 (3) XL;Duchenne muscular dystrophy, 310200 (3) XLR	XL;XLR	yes		0	1.0000e+00	1.0000e+00			full=5
X_32429868_32717410_DEL_1	X	32429868	32717410	-287543	CNV115	DEL	NA	split	p21.1	MIR3915				NR_037478	1	32601772	32601869	97	0	0	no	1	txStart-txEnd	UTR			32601772	32601869																																			IMH	X:11608892-40416734	0.1667																																				100500915	HGNC:38955											full=5
X_32429868_32717410_DEL_1	X	32429868	32717410	-287543	CNV115	DEL	NA	split	p21.1	MIR548F5				NR_031646	1	32659590	32659676	86	0	0	no	1	txStart-txEnd	UTR			32659590	32659676																																			IMH	X:11608892-40416734	0.1667																																				100302239	HGNC:35309											full=5
X_32456358_32662430_DEL_1	X	32456358	32662430	-206073	CNV029	DEL	NA	full	p21.1	DMD;MIR3915;MIR548F5	FTHL17	FAM47A	3																ABCB7 (morbid/RE=mTL_miRNA);ACVR2B (morbid/RE=mTL_miRNA);ALDH1A3 (morbid/RE=mTL_miRNA);ALDH4A1 (morbid/RE=mTL_miRNA);ANKS6 (morbid/RE=mTL_miRNA);APP (morbid/RE=mTL_miRNA);ATP2A2 (morbid/RE=mTL_miRNA);CACNA1B (morbid/RE=mTL_miRNA);CALM1 (morbid/RE=mTL_miRNA);CLDN1 (morbid/RE=mTL_miRNA);CRLS1 (morbid/RE=mTL_miRNA);CRTAP (morbid/RE=mTL_miRNA);DDR2 (morbid/RE=mTL_miRNA);DDX3X (HI=3/morbid/RE=mTL_miRNA);DDX6 (morbid/RE=mTL_miRNA);DGKE (morbid/RE=mTL_miRNA);ELP2 (morbid/RE=mTL_miRNA);FAM83H (morbid/RE=mTL_miRNA);FLCN (HI=3/morbid/RE=mTL_miRNA);FOXL2 (HI=3/morbid/RE=mTL_miRNA);GATAD2B (HI=3/morbid/RE=mTL_miRNA);GBA2 (morbid/RE=mTL_miRNA);GOT1 (morbid/RE=mTL_miRNA);GPC4 (morbid/RE=mTL_miRNA);GPR156 (morbid/RE=mTL_miRNA);GRIN2A (HI=3/morbid/RE=mTL_miRNA);GTPBP2 (morbid/RE=mTL_miRNA);IHH (morbid/RE=mTL_miRNA);ILDR1 (morbid/RE=mTL_miRNA);KANSL1 (HI=3/morbid/RE=mTL_miRNA);KDM6A (HI=3/morbid/RE=mTL_miRNA);KLHL15 (morbid/RE=mTL_miRNA);KMT2D (HI=3/morbid/RE=mTL_miRNA);KREMEN1 (morbid/RE=mTL_miRNA);LDHD (morbid/RE=mTL_miRNA);LMNB1 (TS=3/morbid/RE=mTL_miRNA);LNPK (morbid/RE=mTL_miRNA);MAPKAPK5 (morbid/RE=mTL_miRNA);MCFD2 (morbid/RE=mTL_miRNA);NDRG1 (morbid/RE=mTL_miRNA);NDUFS1 (morbid/RE=mTL_miRNA);OXR1 (morbid/RE=mTL_miRNA);PAFAH1B1 (HI=3/morbid/RE=mTL_miRNA);PCK1 (morbid/RE=mTL_miRNA);PDE3A (morbid/RE=mTL_miRNA);PERP (morbid/RE=mTL_miRNA);PHF12 (HI=3/RE=mTL_miRNA);PIK3CG (morbid/RE=mTL_miRNA);POFUT1 (morbid/RE=mTL_miRNA);PRLR (morbid/RE=mTL_miRNA)...			dbVar:nssv15149452;dbVar:nssv15149462;dbVar:nssv15149825;dbVar:nssv15150873;dbVar:nssv15154180;dbVar:nssv15770250;dbVar:nssv15770303;dbVar:nssv15770315;dbVar:nssv16211997;dbVar:nssv16212524;dbVar:nssv16212716;dbVar:nssv16213477;dbVar:nssv16213508;dbVar:nssv17171366;dbVar:nssv17171665;dbVar:nssv17171924;dbVar:nssv17649953;dbVar:nssv17970884;dbVar:nssv17973356;dbVar:nssv17973365;dbVar:nssv17973813;dbVar:nssv17973814;dbVar:nssv17976796;dbVar:nssv18329040;dbVar:nssv18788484;dbVar:nssv18788491;dbVar:nssv18788492;dbVar:nssv18788496;dbVar:nssv18789679;dbVar:nssv18792845	X:32472770-32536267;X:32481537-32509655;X:32481557-32509635;X:32486596-32490446;X:32486596-32509655;X:32490272-32490436;X:32503017-32503236;X:32503017-32536268;X:32503017-32632590;X:32503227-32519862;X:32509375-32509655;X:32509375-32536268;X:32509385-32536267;X:32519853-32536268;X:32519853-32632590;X:32519863-32519969;X:32536116-32632580;X:32536250-32583818;X:32563257-32563471;X:32563257-32591983;X:32563257-32614013;X:32563267-32591973;X:32563277-32563451;X:32578320-32620638;X:32583800-32632590;X:32583820-32632570;X:32591965-32662248;X:32600729-32632590;X:32632401-32632590;X:32632411-32632580			CLN:794086;dbVar:nssv15149455;dbVar:nssv15151956;dbVar:nssv15770447;dbVar:nssv15770482;dbVar:nssv15770811;dbVar:nssv16208629;dbVar:nssv16212146;dbVar:nssv16212164;dbVar:nssv16212444;dbVar:nssv16212712;dbVar:nssv16212762;dbVar:nssv16213852;dbVar:nssv16213930;dbVar:nssv16254696;dbVar:nssv17171755;dbVar:nssv17172543;dbVar:nssv17172751;dbVar:nssv17968768;dbVar:nssv17971413;dbVar:nssv17971700;dbVar:nssv17971825;dbVar:nssv17972006;dbVar:nssv17972194;dbVar:nssv17976518;dbVar:nssv17976528;dbVar:nssv18786325;dbVar:nssv18788367;dbVar:nssv18788368;dbVar:nssv18788372;dbVar:nssv18788442;dbVar:nssv18788443;dbVar:nssv18788444;dbVar:nssv18789719;dbVar:nssv18789720;dbVar:nssv18792263;dbVar:nssv18792279;dbVar:nssv18792280;dbVar:nssv18792281;dbVar:nssv18792284;dbVar:nssv18792287;dbVar:nssv18792288	X:32456359-32509635;X:32456432-32487970;X:32458017-32593856;X:32459433-32509393;X:32466554-32472969;X:32466554-32632590;X:32479317-32486837;X:32479317-32490436;X:32479317-32591973;X:32481537-32536268;X:32481537-32563471;X:32482694-32563461;X:32486606-32519969;X:32490262-32490446;X:32490428-32509393;X:32503017-32503236;X:32503017-32536268;X:32503017-32563471;X:32503027-32519969;X:32509385-32519969;X:32509385-32563461;X:32509637-32613873;X:32519853-32519979;X:32519853-32536268;X:32519853-32563471;X:32519863-32519969;X:32519875-32519925;X:32536106-32536268;X:32536106-32614013;X:32536106-32632590;X:32536116-32614003;X:32563257-32563471;X:32563257-32591983;X:32582351-32591723;X:32582853-32583839;X:32583800-32591983;X:32583810-32644479;X:32591638-32591973;X:32613855-32614013;X:32613865-32614003;X:32613865-32632580;X:32640127-32662273															494	Abnormality_of_the_musculature;Becker_muscular_dystrophy;Calf_muscle_hypertrophy;Cardiomyopathy;Cardiovascular_phenotype;DMD-related_disorder;Dilated_cardiomyopathy_3B;Duchenne_muscular_dystrophy;Dystrophin_deficiency;EMG:_myopathic_abnormalities;EMG_abnormality;Elevated_circulating_creatine_kinase_concentration;Intermediate_muscular_dystrophy;Motor_delay;Muscle_spasm;Muscle_weakness;Qualitative_or_quantitative_defects_of_dystrophin;See_cases;not_specified										IMH	X:11608892-40416734	0.1667							chrX:32468502-32468932 dbVar;X:32470409-32470615 CLN:1796193;X:32470416-32470600 CLN:1796199;X:32470416-32470610 CLN:1796196;chrX:32539239-32539314 dbVar;chrX:32550325-32553819 dbVar;chrX:32585801-32586545 dbVar;chrX:32623500-32628500 dbVar;X:32644434-32645657 CLN:1829260;X:32644436-32645660 gnomAD-SV_v2.1_DEL_X_185503;X:32644437-32645660 IMH;X:32468502-32468932 1000g;X:32470399-32470616 CLN:1796190;X:32470415-32470615 CLN:1796192;X:32470416-32470605 CLN:1796198;X:32470416-32470615 CLN:1796191;chrX:32550298-32553844 dbVar;chrX:32554273-32554383 dbVar;chrX:32587367-32588348 dbVar;chrX:32627359-32627422 dbVar...	X:32468502-32468932 1000g;X:32470399-32470616 CLN:1796190;X:32470415-32470615 CLN:1796192;X:32470416-32470605 CLN:1796198;X:32470416-32470615 CLN:1796191;chrX:32550298-32553844 dbVar;chrX:32554273-32554383 dbVar;chrX:32587367-32588348 dbVar;chrX:32627359-32627422 dbVar;chrX:32644436-32645660 dbVar;X:32644437-32645660 DDD:57480;X:32644437-32645660 esv2669550;chrX:32468502-32468932 dbVar;X:32470409-32470615 CLN:1796193;X:32470416-32470600 CLN:1796199;X:32470416-32470610 CLN:1796196;chrX:32539239-32539314 dbVar;chrX:32550325-32553819 dbVar;chrX:32585801-32586545 dbVar;chrX:32623500-32628500 dbVar...	0.365	0.380														3		0.27				-2.65362022636097	-4.19962757493385							300377			yes		0	1.0000e+00	1.0000e+00	1.0	1A (cf Gene_count, RE_gene, +0.00);2A (cf P_loss_source, +1.00);3A (3 genes, +0.00);5F (+0.00)	5
X_32456358_32662430_DEL_1	X	32456358	32662430	-206073	CNV029	DEL	NA	split	p21.1	DMD				NM_004006	3	31137338	33229666	206073	2922	26	no	79	intron10-intron29	CDS	0	5'	32456357	32662430				dbVar:nssv15149452;dbVar:nssv15149462;dbVar:nssv15149825;dbVar:nssv15150873;dbVar:nssv15154180;dbVar:nssv15770250;dbVar:nssv15770303;dbVar:nssv15770315;dbVar:nssv16211997;dbVar:nssv16212524;dbVar:nssv16212716;dbVar:nssv16213477;dbVar:nssv16213508;dbVar:nssv17171366;dbVar:nssv17171665;dbVar:nssv17171924;dbVar:nssv17649953;dbVar:nssv17970884;dbVar:nssv17973356;dbVar:nssv17973365;dbVar:nssv17973813;dbVar:nssv17973814;dbVar:nssv17976796;dbVar:nssv18329040;dbVar:nssv18788484;dbVar:nssv18788491;dbVar:nssv18788492;dbVar:nssv18788496;dbVar:nssv18789679;dbVar:nssv18792845	X:32472770-32536267;X:32481537-32509655;X:32481557-32509635;X:32486596-32490446;X:32486596-32509655;X:32490272-32490436;X:32503017-32503236;X:32503017-32536268;X:32503017-32632590;X:32503227-32519862;X:32509375-32509655;X:32509375-32536268;X:32509385-32536267;X:32519853-32536268;X:32519853-32632590;X:32519863-32519969;X:32536116-32632580;X:32536250-32583818;X:32563257-32563471;X:32563257-32591983;X:32563257-32614013;X:32563267-32591973;X:32563277-32563451;X:32578320-32620638;X:32583800-32632590;X:32583820-32632570;X:32591965-32662248;X:32600729-32632590;X:32632401-32632590;X:32632411-32632580			CLN:794086;dbVar:nssv15149455;dbVar:nssv15151956;dbVar:nssv15770447;dbVar:nssv15770482;dbVar:nssv15770811;dbVar:nssv16208629;dbVar:nssv16212146;dbVar:nssv16212164;dbVar:nssv16212444;dbVar:nssv16212712;dbVar:nssv16212762;dbVar:nssv16213852;dbVar:nssv16213930;dbVar:nssv16254696;dbVar:nssv17171755;dbVar:nssv17172543;dbVar:nssv17172751;dbVar:nssv17968768;dbVar:nssv17971413;dbVar:nssv17971700;dbVar:nssv17971825;dbVar:nssv17972006;dbVar:nssv17972194;dbVar:nssv17976518;dbVar:nssv17976528;dbVar:nssv18786325;dbVar:nssv18788367;dbVar:nssv18788368;dbVar:nssv18788372;dbVar:nssv18788442;dbVar:nssv18788443;dbVar:nssv18788444;dbVar:nssv18789719;dbVar:nssv18789720;dbVar:nssv18792263;dbVar:nssv18792279;dbVar:nssv18792280;dbVar:nssv18792281;dbVar:nssv18792284;dbVar:nssv18792287;dbVar:nssv18792288	X:32456359-32509635;X:32456432-32487970;X:32458017-32593856;X:32459433-32509393;X:32466554-32472969;X:32466554-32632590;X:32479317-32486837;X:32479317-32490436;X:32479317-32591973;X:32481537-32536268;X:32481537-32563471;X:32482694-32563461;X:32486606-32519969;X:32490262-32490446;X:32490428-32509393;X:32503017-32503236;X:32503017-32536268;X:32503017-32563471;X:32503027-32519969;X:32509385-32519969;X:32509385-32563461;X:32509637-32613873;X:32519853-32519979;X:32519853-32536268;X:32519853-32563471;X:32519863-32519969;X:32519875-32519925;X:32536106-32536268;X:32536106-32614013;X:32536106-32632590;X:32536116-32614003;X:32563257-32563471;X:32563257-32591983;X:32582351-32591723;X:32582853-32583839;X:32583800-32591983;X:32583810-32644479;X:32591638-32591973;X:32613855-32614013;X:32613865-32614003;X:32613865-32632580;X:32640127-32662273															494	Abnormality_of_the_musculature;Becker_muscular_dystrophy;Calf_muscle_hypertrophy;Cardiomyopathy;Cardiovascular_phenotype;DMD-related_disorder;Dilated_cardiomyopathy_3B;Duchenne_muscular_dystrophy;Dystrophin_deficiency;EMG:_myopathic_abnormalities;EMG_abnormality;Elevated_circulating_creatine_kinase_concentration;Intermediate_muscular_dystrophy;Motor_delay;Muscle_spasm;Muscle_weakness;Qualitative_or_quantitative_defects_of_dystrophin;See_cases;not_specified										IMH	X:11608892-40416734	0.1667																								3	0	0.27				-2.65362022636097	-4.19962757493385	Becker muscular dystrophy;Duchenne and Becker muscular dystrophy;Duchenne muscular dystrophy;dilated cardiomyopathy 3B;familial isolated dilated cardiomyopathy;non-syndromic X-linked intellectual disability;progressive muscular dystrophy;symptomatic form of muscular dystrophy of Duchenne and Becker in female carriers	AD;XL	Definitive;Strong;Supportive	14567970[PMID]_20301486[PMID];16770791;19367636;23900271[PMID];25007885;NULL	1756	HGNC:2928	300377	Becker muscular dystrophy, 300376 (3) XLR;Cardiomyopathy, dilated, 3B, 302045 (3) XL;Duchenne muscular dystrophy, 310200 (3) XLR	XL;XLR	yes		0	1.0000e+00	1.0000e+00			full=5
X_32456358_32662430_DEL_1	X	32456358	32662430	-206073	CNV029	DEL	NA	split	p21.1	MIR3915				NR_037478	1	32601772	32601869	97	0	0	no	1	txStart-txEnd	UTR			32601772	32601869																																			IMH	X:11608892-40416734	0.1667																																				100500915	HGNC:38955											full=5
X_32456358_32662430_DEL_1	X	32456358	32662430	-206073	CNV029	DEL	NA	split	p21.1	MIR548F5				NR_031646	1	32659590	32659676	86	0	0	no	1	txStart-txEnd	UTR			32659590	32659676																																			IMH	X:11608892-40416734	0.1667																																				100302239	HGNC:35309											full=5
X_32456358_32662430_DEL_1	X	32456358	32662430	-206073	CNV116	DEL	NA	full	p21.1	DMD;MIR3915;MIR548F5	FTHL17	FAM47A	3																ABCB7 (morbid/RE=mTL_miRNA);ACVR2B (morbid/RE=mTL_miRNA);ALDH1A3 (morbid/RE=mTL_miRNA);ALDH4A1 (morbid/RE=mTL_miRNA);ANKS6 (morbid/RE=mTL_miRNA);APP (morbid/RE=mTL_miRNA);ATP2A2 (morbid/RE=mTL_miRNA);CACNA1B (morbid/RE=mTL_miRNA);CALM1 (morbid/RE=mTL_miRNA);CLDN1 (morbid/RE=mTL_miRNA);CRLS1 (morbid/RE=mTL_miRNA);CRTAP (morbid/RE=mTL_miRNA);DDR2 (morbid/RE=mTL_miRNA);DDX3X (HI=3/morbid/RE=mTL_miRNA);DDX6 (morbid/RE=mTL_miRNA);DGKE (morbid/RE=mTL_miRNA);ELP2 (morbid/RE=mTL_miRNA);FAM83H (morbid/RE=mTL_miRNA);FLCN (HI=3/morbid/RE=mTL_miRNA);FOXL2 (HI=3/morbid/RE=mTL_miRNA);GATAD2B (HI=3/morbid/RE=mTL_miRNA);GBA2 (morbid/RE=mTL_miRNA);GOT1 (morbid/RE=mTL_miRNA);GPC4 (morbid/RE=mTL_miRNA);GPR156 (morbid/RE=mTL_miRNA);GRIN2A (HI=3/morbid/RE=mTL_miRNA);GTPBP2 (morbid/RE=mTL_miRNA);IHH (morbid/RE=mTL_miRNA);ILDR1 (morbid/RE=mTL_miRNA);KANSL1 (HI=3/morbid/RE=mTL_miRNA);KDM6A (HI=3/morbid/RE=mTL_miRNA);KLHL15 (morbid/RE=mTL_miRNA);KMT2D (HI=3/morbid/RE=mTL_miRNA);KREMEN1 (morbid/RE=mTL_miRNA);LDHD (morbid/RE=mTL_miRNA);LMNB1 (TS=3/morbid/RE=mTL_miRNA);LNPK (morbid/RE=mTL_miRNA);MAPKAPK5 (morbid/RE=mTL_miRNA);MCFD2 (morbid/RE=mTL_miRNA);NDRG1 (morbid/RE=mTL_miRNA);NDUFS1 (morbid/RE=mTL_miRNA);OXR1 (morbid/RE=mTL_miRNA);PAFAH1B1 (HI=3/morbid/RE=mTL_miRNA);PCK1 (morbid/RE=mTL_miRNA);PDE3A (morbid/RE=mTL_miRNA);PERP (morbid/RE=mTL_miRNA);PHF12 (HI=3/RE=mTL_miRNA);PIK3CG (morbid/RE=mTL_miRNA);POFUT1 (morbid/RE=mTL_miRNA);PRLR (morbid/RE=mTL_miRNA)...			dbVar:nssv15149452;dbVar:nssv15149462;dbVar:nssv15149825;dbVar:nssv15150873;dbVar:nssv15154180;dbVar:nssv15770250;dbVar:nssv15770303;dbVar:nssv15770315;dbVar:nssv16211997;dbVar:nssv16212524;dbVar:nssv16212716;dbVar:nssv16213477;dbVar:nssv16213508;dbVar:nssv17171366;dbVar:nssv17171665;dbVar:nssv17171924;dbVar:nssv17649953;dbVar:nssv17970884;dbVar:nssv17973356;dbVar:nssv17973365;dbVar:nssv17973813;dbVar:nssv17973814;dbVar:nssv17976796;dbVar:nssv18329040;dbVar:nssv18788484;dbVar:nssv18788491;dbVar:nssv18788492;dbVar:nssv18788496;dbVar:nssv18789679;dbVar:nssv18792845	X:32472770-32536267;X:32481537-32509655;X:32481557-32509635;X:32486596-32490446;X:32486596-32509655;X:32490272-32490436;X:32503017-32503236;X:32503017-32536268;X:32503017-32632590;X:32503227-32519862;X:32509375-32509655;X:32509375-32536268;X:32509385-32536267;X:32519853-32536268;X:32519853-32632590;X:32519863-32519969;X:32536116-32632580;X:32536250-32583818;X:32563257-32563471;X:32563257-32591983;X:32563257-32614013;X:32563267-32591973;X:32563277-32563451;X:32578320-32620638;X:32583800-32632590;X:32583820-32632570;X:32591965-32662248;X:32600729-32632590;X:32632401-32632590;X:32632411-32632580			CLN:794086;dbVar:nssv15149455;dbVar:nssv15151956;dbVar:nssv15770447;dbVar:nssv15770482;dbVar:nssv15770811;dbVar:nssv16208629;dbVar:nssv16212146;dbVar:nssv16212164;dbVar:nssv16212444;dbVar:nssv16212712;dbVar:nssv16212762;dbVar:nssv16213852;dbVar:nssv16213930;dbVar:nssv16254696;dbVar:nssv17171755;dbVar:nssv17172543;dbVar:nssv17172751;dbVar:nssv17968768;dbVar:nssv17971413;dbVar:nssv17971700;dbVar:nssv17971825;dbVar:nssv17972006;dbVar:nssv17972194;dbVar:nssv17976518;dbVar:nssv17976528;dbVar:nssv18786325;dbVar:nssv18788367;dbVar:nssv18788368;dbVar:nssv18788372;dbVar:nssv18788442;dbVar:nssv18788443;dbVar:nssv18788444;dbVar:nssv18789719;dbVar:nssv18789720;dbVar:nssv18792263;dbVar:nssv18792279;dbVar:nssv18792280;dbVar:nssv18792281;dbVar:nssv18792284;dbVar:nssv18792287;dbVar:nssv18792288	X:32456359-32509635;X:32456432-32487970;X:32458017-32593856;X:32459433-32509393;X:32466554-32472969;X:32466554-32632590;X:32479317-32486837;X:32479317-32490436;X:32479317-32591973;X:32481537-32536268;X:32481537-32563471;X:32482694-32563461;X:32486606-32519969;X:32490262-32490446;X:32490428-32509393;X:32503017-32503236;X:32503017-32536268;X:32503017-32563471;X:32503027-32519969;X:32509385-32519969;X:32509385-32563461;X:32509637-32613873;X:32519853-32519979;X:32519853-32536268;X:32519853-32563471;X:32519863-32519969;X:32519875-32519925;X:32536106-32536268;X:32536106-32614013;X:32536106-32632590;X:32536116-32614003;X:32563257-32563471;X:32563257-32591983;X:32582351-32591723;X:32582853-32583839;X:32583800-32591983;X:32583810-32644479;X:32591638-32591973;X:32613855-32614013;X:32613865-32614003;X:32613865-32632580;X:32640127-32662273															494	Abnormality_of_the_musculature;Becker_muscular_dystrophy;Calf_muscle_hypertrophy;Cardiomyopathy;Cardiovascular_phenotype;DMD-related_disorder;Dilated_cardiomyopathy_3B;Duchenne_muscular_dystrophy;Dystrophin_deficiency;EMG:_myopathic_abnormalities;EMG_abnormality;Elevated_circulating_creatine_kinase_concentration;Intermediate_muscular_dystrophy;Motor_delay;Muscle_spasm;Muscle_weakness;Qualitative_or_quantitative_defects_of_dystrophin;See_cases;not_specified										IMH	X:11608892-40416734	0.1667							chrX:32468502-32468932 dbVar;X:32470409-32470615 CLN:1796193;X:32470416-32470600 CLN:1796199;X:32470416-32470610 CLN:1796196;chrX:32539239-32539314 dbVar;chrX:32550325-32553819 dbVar;chrX:32585801-32586545 dbVar;chrX:32623500-32628500 dbVar;X:32644434-32645657 CLN:1829260;X:32644436-32645660 gnomAD-SV_v2.1_DEL_X_185503;X:32644437-32645660 IMH;X:32468502-32468932 1000g;X:32470399-32470616 CLN:1796190;X:32470415-32470615 CLN:1796192;X:32470416-32470605 CLN:1796198;X:32470416-32470615 CLN:1796191;chrX:32550298-32553844 dbVar;chrX:32554273-32554383 dbVar;chrX:32587367-32588348 dbVar;chrX:32627359-32627422 dbVar...	X:32468502-32468932 1000g;X:32470399-32470616 CLN:1796190;X:32470415-32470615 CLN:1796192;X:32470416-32470605 CLN:1796198;X:32470416-32470615 CLN:1796191;chrX:32550298-32553844 dbVar;chrX:32554273-32554383 dbVar;chrX:32587367-32588348 dbVar;chrX:32627359-32627422 dbVar;chrX:32644436-32645660 dbVar;X:32644437-32645660 DDD:57480;X:32644437-32645660 esv2669550;chrX:32468502-32468932 dbVar;X:32470409-32470615 CLN:1796193;X:32470416-32470600 CLN:1796199;X:32470416-32470610 CLN:1796196;chrX:32539239-32539314 dbVar;chrX:32550325-32553819 dbVar;chrX:32585801-32586545 dbVar;chrX:32623500-32628500 dbVar...	0.365	0.380														3		0.27				-2.65362022636097	-4.19962757493385							300377			yes		0	1.0000e+00	1.0000e+00	1.0	1A (cf Gene_count, RE_gene, +0.00);2A (cf P_loss_source, +1.00);3A (3 genes, +0.00);5F (+0.00)	5
X_32456358_32662430_DEL_1	X	32456358	32662430	-206073	CNV116	DEL	NA	split	p21.1	DMD				NM_004006	3	31137338	33229666	206073	2922	26	no	79	intron10-intron29	CDS	0	5'	32456357	32662430				dbVar:nssv15149452;dbVar:nssv15149462;dbVar:nssv15149825;dbVar:nssv15150873;dbVar:nssv15154180;dbVar:nssv15770250;dbVar:nssv15770303;dbVar:nssv15770315;dbVar:nssv16211997;dbVar:nssv16212524;dbVar:nssv16212716;dbVar:nssv16213477;dbVar:nssv16213508;dbVar:nssv17171366;dbVar:nssv17171665;dbVar:nssv17171924;dbVar:nssv17649953;dbVar:nssv17970884;dbVar:nssv17973356;dbVar:nssv17973365;dbVar:nssv17973813;dbVar:nssv17973814;dbVar:nssv17976796;dbVar:nssv18329040;dbVar:nssv18788484;dbVar:nssv18788491;dbVar:nssv18788492;dbVar:nssv18788496;dbVar:nssv18789679;dbVar:nssv18792845	X:32472770-32536267;X:32481537-32509655;X:32481557-32509635;X:32486596-32490446;X:32486596-32509655;X:32490272-32490436;X:32503017-32503236;X:32503017-32536268;X:32503017-32632590;X:32503227-32519862;X:32509375-32509655;X:32509375-32536268;X:32509385-32536267;X:32519853-32536268;X:32519853-32632590;X:32519863-32519969;X:32536116-32632580;X:32536250-32583818;X:32563257-32563471;X:32563257-32591983;X:32563257-32614013;X:32563267-32591973;X:32563277-32563451;X:32578320-32620638;X:32583800-32632590;X:32583820-32632570;X:32591965-32662248;X:32600729-32632590;X:32632401-32632590;X:32632411-32632580			CLN:794086;dbVar:nssv15149455;dbVar:nssv15151956;dbVar:nssv15770447;dbVar:nssv15770482;dbVar:nssv15770811;dbVar:nssv16208629;dbVar:nssv16212146;dbVar:nssv16212164;dbVar:nssv16212444;dbVar:nssv16212712;dbVar:nssv16212762;dbVar:nssv16213852;dbVar:nssv16213930;dbVar:nssv16254696;dbVar:nssv17171755;dbVar:nssv17172543;dbVar:nssv17172751;dbVar:nssv17968768;dbVar:nssv17971413;dbVar:nssv17971700;dbVar:nssv17971825;dbVar:nssv17972006;dbVar:nssv17972194;dbVar:nssv17976518;dbVar:nssv17976528;dbVar:nssv18786325;dbVar:nssv18788367;dbVar:nssv18788368;dbVar:nssv18788372;dbVar:nssv18788442;dbVar:nssv18788443;dbVar:nssv18788444;dbVar:nssv18789719;dbVar:nssv18789720;dbVar:nssv18792263;dbVar:nssv18792279;dbVar:nssv18792280;dbVar:nssv18792281;dbVar:nssv18792284;dbVar:nssv18792287;dbVar:nssv18792288	X:32456359-32509635;X:32456432-32487970;X:32458017-32593856;X:32459433-32509393;X:32466554-32472969;X:32466554-32632590;X:32479317-32486837;X:32479317-32490436;X:32479317-32591973;X:32481537-32536268;X:32481537-32563471;X:32482694-32563461;X:32486606-32519969;X:32490262-32490446;X:32490428-32509393;X:32503017-32503236;X:32503017-32536268;X:32503017-32563471;X:32503027-32519969;X:32509385-32519969;X:32509385-32563461;X:32509637-32613873;X:32519853-32519979;X:32519853-32536268;X:32519853-32563471;X:32519863-32519969;X:32519875-32519925;X:32536106-32536268;X:32536106-32614013;X:32536106-32632590;X:32536116-32614003;X:32563257-32563471;X:32563257-32591983;X:32582351-32591723;X:32582853-32583839;X:32583800-32591983;X:32583810-32644479;X:32591638-32591973;X:32613855-32614013;X:32613865-32614003;X:32613865-32632580;X:32640127-32662273															494	Abnormality_of_the_musculature;Becker_muscular_dystrophy;Calf_muscle_hypertrophy;Cardiomyopathy;Cardiovascular_phenotype;DMD-related_disorder;Dilated_cardiomyopathy_3B;Duchenne_muscular_dystrophy;Dystrophin_deficiency;EMG:_myopathic_abnormalities;EMG_abnormality;Elevated_circulating_creatine_kinase_concentration;Intermediate_muscular_dystrophy;Motor_delay;Muscle_spasm;Muscle_weakness;Qualitative_or_quantitative_defects_of_dystrophin;See_cases;not_specified										IMH	X:11608892-40416734	0.1667																								3	0	0.27				-2.65362022636097	-4.19962757493385	Becker muscular dystrophy;Duchenne and Becker muscular dystrophy;Duchenne muscular dystrophy;dilated cardiomyopathy 3B;familial isolated dilated cardiomyopathy;non-syndromic X-linked intellectual disability;progressive muscular dystrophy;symptomatic form of muscular dystrophy of Duchenne and Becker in female carriers	AD;XL	Definitive;Strong;Supportive	14567970[PMID]_20301486[PMID];16770791;19367636;23900271[PMID];25007885;NULL	1756	HGNC:2928	300377	Becker muscular dystrophy, 300376 (3) XLR;Cardiomyopathy, dilated, 3B, 302045 (3) XL;Duchenne muscular dystrophy, 310200 (3) XLR	XL;XLR	yes		0	1.0000e+00	1.0000e+00			full=5
X_32456358_32662430_DEL_1	X	32456358	32662430	-206073	CNV116	DEL	NA	split	p21.1	MIR3915				NR_037478	1	32601772	32601869	97	0	0	no	1	txStart-txEnd	UTR			32601772	32601869																																			IMH	X:11608892-40416734	0.1667																																				100500915	HGNC:38955											full=5
X_32456358_32662430_DEL_1	X	32456358	32662430	-206073	CNV116	DEL	NA	split	p21.1	MIR548F5				NR_031646	1	32659590	32659676	86	0	0	no	1	txStart-txEnd	UTR			32659590	32659676																																			IMH	X:11608892-40416734	0.1667																																				100302239	HGNC:35309											full=5
1_155638416_155640257_DEL_1	1	155638416	155640257	-1842	CNV093	DEL	NA	full	q22	YY1AP1	MSTO1	SCARNA26A	1																															dbVar:nssv15156967;dbVar:nssv15156970;dbVar:nssv15149867;nssv15151118;dbVar:nssv18842007;dbVar:nssv15132352;dbVar:nssv15127572;dbVar:nssv15148250;dbVar:nssv15150899;dbVar:nssv15126845;dbVar:nssv15148897	1:47852-249228449;1:82155-249218992;1:849468-249224684;1:142535936-157648813;1:145451330-156102366;1:145764500-249233096;1:149825832-180236332;1:153751466-156660462;1:153954152-157073717;1:154538978-157593874	0.00;0.00;0.00;0.01;0.02;0.00;0.01;0.06;0.06;0.06	Grange syndrome, 602531 (3) AR		dbVar:nssv15129680;dbVar:nssv18790699;dbVar:nssv17972731;morbid:YY1AP1;dbVar:nssv15153316	1:146053395-249233096;1:155581954-155880552;1:155581954-156851434;1:155629245-155658787;1:155636338-158024499	0.00;0.62;0.15;6.23;0.08						dbVar	chr1:155581999-155717000;chr1:155589492-155665271	0.01				IMH	1:4599855-170869838;1:17124869-234920285;1:69129973-188838391;1:76428346-179322403;1:108097960-232960701	0.3095							chr1:155589492-155665271 dbVar	chr1:155581999-155717000 dbVar	0.410	0.400	1:155638237-155638377	L2														79.15	-0.246127171688463	-1.20745772416751	-0.912490855663295	-0.106120196085495	0.383848748049394							607860			yes		7	1.9461e-18	1.4522e-04	0.9	1A (cf Gene_count, RE_gene, +0.00);2E-1 (YY1AP1, +0.90);3A (1 gene, +0.00);5F (+0.00)	4
1_155638416_155640257_DEL_1	1	155638416	155640257	-1842	CNV093	DEL	NA	split	q22	YY1AP1				NM_001198903	1	155629232	155658447	1842	296	11	yes	10	intron6-intron8	CDS	2	5'	155638415	155640257																													dbVar	chr1:155581999-155717000;chr1:155589492-155665271	0.01				IMH	1:4599855-170869838;1:17124869-234920285;1:69129973-188838391;1:76428346-179322403;1:108097960-232960701	0.3095																										79.15	-0.246127171688463	-1.20745772416751	-0.912490855663295	-0.106120196085495	0.383848748049394	grange syndrome	AD;AR	Moderate;Strong;Supportive	27939641;27939641[PMID];30556293;31270375;37698238	55249	HGNC:30935	607860	Grange syndrome, 602531 (3) AR	AR	yes		7	1.9461e-18	1.4522e-04			full=4
11_34978950_34982107_DEL_1	11	34978950	34982107	-3158	CNV009	DEL	NA	full	p13	PDHX	MIR1343	CD44-DT	1																															dbVar:nssv15171978;dbVar:nssv15158476;dbVar:nssv15149913;dbVar:nssv15150306;nssv15150623;dbVar:nssv17976763;dbVar:nssv15121961	11:70865-134938470;11:198511-134934063;11:230616-37698540;11:230617-134938470;11:32799482-134938470;11:34183242-36820677	0.00;0.00;0.01;0.00;0.00;0.12	Lacticacidemia due to PDX1 deficiency, 245349 (3) AR		dbVar:nssv16867095;dbVar:nssv15773423;dbVar:nssv15147120;dbVar:nssv15157129;dbVar:nssv15151204;dbVar:nssv15148034;dbVar:nssv15150227;dbVar:nssv15147690;dbVar:nssv15150020;dbVar:nssv18329568;morbid:PDHX;dbVar:nssv18326645;dbVar:nssv18789622	11:11835570-118373112;11:22079155-35597645;11:22571662-38220709;11:24469452-37524085;11:25771209-35614978;11:26390510-35274523;11:27588561-41770792;11:30615128-40606139;11:31210843-35436121;11:31372722-38259316;11:34938165-35017675;11:34953033-35006116;11:34978912-34979150	0.00;0.02;0.02;0.02;0.03;0.04;0.02;0.03;0.07;0.05;3.97;5.95;84.10	3	Pyruvate_dehydrogenase_E3-binding_protein_deficiency										IMH	11:1642920-71249653	0.0492									0.360	0.345																6.33	-0.615450631422364	-0.405054395298354	-0.493792786300616	0.61132934271194	-0.940437724823535							608769			yes		3	9.7242e-05	1.3703e-03	0.9	1A (cf Gene_count, RE_gene, +0.00);2E-1 (PDHX, +0.90);3A (1 gene, +0.00);5F (+0.00)	4
11_34978950_34982107_DEL_1	11	34978950	34982107	-3158	CNV009	DEL	NA	split	p13	PDHX				NM_001135024	2	34937984	35017675	3158	280	21	yes	11	exon4-intron5	CDS	19	3'	34978949	34982107																								3	Pyruvate_dehydrogenase_E3-binding_protein_deficiency										IMH	11:1642920-71249653	0.0492																								30		6.33	-0.615450631422364	-0.405054395298354	-0.493792786300616	0.61132934271194	-0.940437724823535	Leigh syndrome;pyruvate dehydrogenase E3-binding protein deficiency	AR	Definitive;Strong;Supportive	16904023;21914562;9399911[PMID]	8050	HGNC:21350	608769	Lacticacidemia due to PDX1 deficiency, 245349 (3) AR	AR	yes		3	9.7242e-05	1.3703e-03			full=4
11_34978950_34982107_DEL_1	11	34978950	34982107	-3158	CNV095	DEL	NA	full	p13	PDHX	MIR1343	CD44-DT	1																															dbVar:nssv15171978;dbVar:nssv15158476;dbVar:nssv15149913;dbVar:nssv15150306;nssv15150623;dbVar:nssv17976763;dbVar:nssv15121961	11:70865-134938470;11:198511-134934063;11:230616-37698540;11:230617-134938470;11:32799482-134938470;11:34183242-36820677	0.00;0.00;0.01;0.00;0.00;0.12	Lacticacidemia due to PDX1 deficiency, 245349 (3) AR		dbVar:nssv16867095;dbVar:nssv15773423;dbVar:nssv15147120;dbVar:nssv15157129;dbVar:nssv15151204;dbVar:nssv15148034;dbVar:nssv15150227;dbVar:nssv15147690;dbVar:nssv15150020;dbVar:nssv18329568;morbid:PDHX;dbVar:nssv18326645;dbVar:nssv18789622	11:11835570-118373112;11:22079155-35597645;11:22571662-38220709;11:24469452-37524085;11:25771209-35614978;11:26390510-35274523;11:27588561-41770792;11:30615128-40606139;11:31210843-35436121;11:31372722-38259316;11:34938165-35017675;11:34953033-35006116;11:34978912-34979150	0.00;0.02;0.02;0.02;0.03;0.04;0.02;0.03;0.07;0.05;3.97;5.95;84.10	3	Pyruvate_dehydrogenase_E3-binding_protein_deficiency										IMH	11:1642920-71249653	0.0492									0.360	0.345																6.33	-0.615450631422364	-0.405054395298354	-0.493792786300616	0.61132934271194	-0.940437724823535							608769			yes		3	9.7242e-05	1.3703e-03	0.9	1A (cf Gene_count, RE_gene, +0.00);2E-1 (PDHX, +0.90);3A (1 gene, +0.00);5F (+0.00)	4
11_34978950_34982107_DEL_1	11	34978950	34982107	-3158	CNV095	DEL	NA	split	p13	PDHX				NM_001135024	2	34937984	35017675	3158	280	21	yes	11	exon4-intron5	CDS	19	3'	34978949	34982107																								3	Pyruvate_dehydrogenase_E3-binding_protein_deficiency										IMH	11:1642920-71249653	0.0492																								30		6.33	-0.615450631422364	-0.405054395298354	-0.493792786300616	0.61132934271194	-0.940437724823535	Leigh syndrome;pyruvate dehydrogenase E3-binding protein deficiency	AR	Definitive;Strong;Supportive	16904023;21914562;9399911[PMID]	8050	HGNC:21350	608769	Lacticacidemia due to PDX1 deficiency, 245349 (3) AR	AR	yes		3	9.7242e-05	1.3703e-03			full=4
13_23894775_23894899_DEL_1	13	23894775	23894899	-125	CNV027	DEL	NA	full	q12.12	SGCG	BASP1P1	SACS	1																											dbVar:nssv17172817	13:23894871-23894870			dbVar:nssv17955548;nssv17976992;dbVar:nssv15161090;dbVar:nssv15172692;dbVar:nssv17059476;dbVar:nssv15162474;dbVar:nssv15161751;dbVar:nssv15146483;dbVar:nssv18326470;dbVar:nssv15161513;dbVar:nssv17969571;dbVar:nssv15161108;nssv15776345;nssv17957159;nssv17969572;dbVar:nssv15147543;dbVar:nssv15154678;dbVar:nssv15161661;nssv15161681;dbVar:nssv15161295;dbVar:nssv15146484;dbVar:nssv15161646;dbVar:nssv15161837;dbVar:nssv15775628;dbVar:nssv15161365;dbVar:nssv15148832;dbVar:nssv15161763;dbVar:nssv15161793;dbVar:nssv15161296;nssv15161378;dbVar:nssv16254873	13:2-115169878;13:19030181-115105760;13:19031238-115107157;13:19053606-115108528;13:19058718-115103529;13:19139189-115085141;13:19250583-38230176;13:19253849-115108937;13:19296528-115085141;13:19436287-114981726;13:19436287-115107733;13:19436287-34151488;13:19436287-74045459;13:19436288-115107733;13:19520323-115070103;13:19532232-31664597;13:19571504-115092510;13:19571504-115092569;13:20069229-27474401;13:20246075-115085141;13:20246075-41488903;13:20407271-115064089;13:20407271-115085141;13:20411536-115085141;13:23775340-30534624	0.00;0.00;0.00;0.00;0.00;0.00;0.00;0.00;0.00;0.00;0.00;0.00;0.00;0.00;0.00;0.00;0.00;0.00;0.00;0.00;0.00;0.00;0.00;0.00;0.00	Autosomal_recessive_limb-girdle_muscular_dystrophy_type_2C;Muscular dystrophy, limb-girdle, AR 5, 253700 (3) AR		dbVar:nssv15161772;dbVar:nssv16208358;dbVar:nssv15154674;dbVar:nssv15138746;dbVar:nssv15153071;dbVar:nssv15145200;dbVar:nssv15150258;dbVar:nssv15770189;dbVar:nssv15770473;nssv17171421;dbVar:nssv15143910;dbVar:nssv15139613;dbVar:nssv15133273;morbid:SGCG;dbVar:nssv17976615;CLN:1705862;dbVar:nssv17976693;dbVar:nssv18841976;dbVar:nssv18841979;dbVar:nssv16213006	13:19020002-115085141;13:19436287-24970361;13:20008481-25534121;13:20246075-25560010;13:23519917-24941516;13:23542478-24897346;13:23552967-27027909;13:23667336-23942636;13:23667336-23985388;13:23667336-23985398;13:23671135-24896556;13:23681102-24430171;13:23755118-23899301;13:23869628-23898506;13:23889047-23896620;13:23889048-23896619;13:23890047-23896619;13:23894680-23894997;13:23894767-23894909	0.00;0.00;0.00;0.00;0.01;0.01;0.00;0.05;0.04;0.04;0.01;0.02;0.09;0.43;1.65;1.65;1.90;39.31;87.41	8	Autosomal_recessive_limb-girdle_muscular_dystrophy;Autosomal_recessive_limb-girdle_muscular_dystrophy_type_2C;SGCG-related_disorder										IMH	13:19918164-25117358;13:19922103-25112172;13:19930111-25061458;13:19944844-25048990;13:19958958-25019139;13:19961133-25016591;13:20100291-25152069;13:21790170-25563861	0.4642									0.400	0.405	13:23894725-23894753	AT_rich														55.59	-0.86757506513693	-1.73052117284161	-1.41506465363925	-0.578090050844775	-0.664226039949423							608896			yes		5	4.8210e-05	6.3704e-03	0.9	1A (cf Gene_count, RE_gene, +0.00);2E-1 (SGCG, +0.90);3A (1 gene, +0.00);5F (+0.00)	4
13_23894775_23894899_DEL_1	13	23894775	23894899	-125	CNV027	DEL	NA	split	q12.12	SGCG				NM_001378244	1	23734646	23899301	125	124	13	yes	8	intron6-intron7	CDS	0	5'	23894774	23894899												dbVar:nssv17172817	13:23894871-23894870											8	Autosomal_recessive_limb-girdle_muscular_dystrophy;Autosomal_recessive_limb-girdle_muscular_dystrophy_type_2C;SGCG-related_disorder										IMH	13:19918164-25117358;13:19922103-25112172;13:19930111-25061458;13:19944844-25048990;13:19958958-25019139;13:19961133-25016591;13:20100291-25152069;13:21790170-25563861	0.4642																								30	0	55.59	-0.86757506513693	-1.73052117284161	-1.41506465363925	-0.578090050844775	-0.664226039949423	autosomal recessive limb-girdle muscular dystrophy;autosomal recessive limb-girdle muscular dystrophy type 2C	AR	Definitive;Strong;Supportive	18285821;20301582[PMID];9032047	6445	HGNC:10809	608896	Muscular dystrophy, limb-girdle, AR 5, 253700 (3) AR	AR	yes		5	4.8210e-05	6.3704e-03			full=4
13_23894775_23894899_DEL_1	13	23894775	23894899	-125	CNV114	DEL	NA	full	q12.12	SGCG	BASP1P1	SACS	1																											dbVar:nssv17172817	13:23894871-23894870			dbVar:nssv17955548;nssv17976992;dbVar:nssv15161090;dbVar:nssv15172692;dbVar:nssv17059476;dbVar:nssv15162474;dbVar:nssv15161751;dbVar:nssv15146483;dbVar:nssv18326470;dbVar:nssv15161513;dbVar:nssv17969571;dbVar:nssv15161108;nssv15776345;nssv17957159;nssv17969572;dbVar:nssv15147543;dbVar:nssv15154678;dbVar:nssv15161661;nssv15161681;dbVar:nssv15161295;dbVar:nssv15146484;dbVar:nssv15161646;dbVar:nssv15161837;dbVar:nssv15775628;dbVar:nssv15161365;dbVar:nssv15148832;dbVar:nssv15161763;dbVar:nssv15161793;dbVar:nssv15161296;nssv15161378;dbVar:nssv16254873	13:2-115169878;13:19030181-115105760;13:19031238-115107157;13:19053606-115108528;13:19058718-115103529;13:19139189-115085141;13:19250583-38230176;13:19253849-115108937;13:19296528-115085141;13:19436287-114981726;13:19436287-115107733;13:19436287-34151488;13:19436287-74045459;13:19436288-115107733;13:19520323-115070103;13:19532232-31664597;13:19571504-115092510;13:19571504-115092569;13:20069229-27474401;13:20246075-115085141;13:20246075-41488903;13:20407271-115064089;13:20407271-115085141;13:20411536-115085141;13:23775340-30534624	0.00;0.00;0.00;0.00;0.00;0.00;0.00;0.00;0.00;0.00;0.00;0.00;0.00;0.00;0.00;0.00;0.00;0.00;0.00;0.00;0.00;0.00;0.00;0.00;0.00	Autosomal_recessive_limb-girdle_muscular_dystrophy_type_2C;Muscular dystrophy, limb-girdle, AR 5, 253700 (3) AR		dbVar:nssv15161772;dbVar:nssv16208358;dbVar:nssv15154674;dbVar:nssv15138746;dbVar:nssv15153071;dbVar:nssv15145200;dbVar:nssv15150258;dbVar:nssv15770189;dbVar:nssv15770473;nssv17171421;dbVar:nssv15143910;dbVar:nssv15139613;dbVar:nssv15133273;morbid:SGCG;dbVar:nssv17976615;CLN:1705862;dbVar:nssv17976693;dbVar:nssv18841976;dbVar:nssv18841979;dbVar:nssv16213006	13:19020002-115085141;13:19436287-24970361;13:20008481-25534121;13:20246075-25560010;13:23519917-24941516;13:23542478-24897346;13:23552967-27027909;13:23667336-23942636;13:23667336-23985388;13:23667336-23985398;13:23671135-24896556;13:23681102-24430171;13:23755118-23899301;13:23869628-23898506;13:23889047-23896620;13:23889048-23896619;13:23890047-23896619;13:23894680-23894997;13:23894767-23894909	0.00;0.00;0.00;0.00;0.01;0.01;0.00;0.05;0.04;0.04;0.01;0.02;0.09;0.43;1.65;1.65;1.90;39.31;87.41	8	Autosomal_recessive_limb-girdle_muscular_dystrophy;Autosomal_recessive_limb-girdle_muscular_dystrophy_type_2C;SGCG-related_disorder										IMH	13:19918164-25117358;13:19922103-25112172;13:19930111-25061458;13:19944844-25048990;13:19958958-25019139;13:19961133-25016591;13:20100291-25152069;13:21790170-25563861	0.4642									0.400	0.405	13:23894725-23894753	AT_rich														55.59	-0.86757506513693	-1.73052117284161	-1.41506465363925	-0.578090050844775	-0.664226039949423							608896			yes		5	4.8210e-05	6.3704e-03	0.9	1A (cf Gene_count, RE_gene, +0.00);2E-1 (SGCG, +0.90);3A (1 gene, +0.00);5F (+0.00)	4
13_23894775_23894899_DEL_1	13	23894775	23894899	-125	CNV114	DEL	NA	split	q12.12	SGCG				NM_001378244	1	23734646	23899301	125	124	13	yes	8	intron6-intron7	CDS	0	5'	23894774	23894899												dbVar:nssv17172817	13:23894871-23894870											8	Autosomal_recessive_limb-girdle_muscular_dystrophy;Autosomal_recessive_limb-girdle_muscular_dystrophy_type_2C;SGCG-related_disorder										IMH	13:19918164-25117358;13:19922103-25112172;13:19930111-25061458;13:19944844-25048990;13:19958958-25019139;13:19961133-25016591;13:20100291-25152069;13:21790170-25563861	0.4642																								30	0	55.59	-0.86757506513693	-1.73052117284161	-1.41506465363925	-0.578090050844775	-0.664226039949423	autosomal recessive limb-girdle muscular dystrophy;autosomal recessive limb-girdle muscular dystrophy type 2C	AR	Definitive;Strong;Supportive	18285821;20301582[PMID];9032047	6445	HGNC:10809	608896	Muscular dystrophy, limb-girdle, AR 5, 253700 (3) AR	AR	yes		5	4.8210e-05	6.3704e-03			full=4
17_7576639_7577344_DEL_1	17	7576639	7577344	-706	CNV123	DEL	NA	full	p13.1	TP53	ATP1B2	WRAP53	1																ACADVL (morbid/RE=EA_enhancer);ALOX12B (morbid/RE=EA_enhancer);CHD3 (morbid/RE=EA_enhancer);CHRNB1 (morbid/RE=EA_enhancer);DLG4 (HI=3/morbid/RE=EA_enhancer);DNAH2 (morbid/RE=EA_enhancer);EIF5A (morbid/RE=EA_enhancer);GUCY2D (morbid/RE=EA_enhancer);KDM6B (HI=3/morbid/RE=EA_enhancer);MPDU1 (morbid/RE=EA_enhancer);POLR2A (morbid/RE=EA_enhancer);SNORD118 (morbid/RE=EA_enhancer);VAMP2 (morbid/RE=EA_enhancer);WRAP53 (morbid/RE=EA_enhancer)			dbVar:nssv17172067	17:7576854-7576854					Li-Fraumeni_syndrome		CLN:2968360	17:7577052-7577182			dbVar:nssv15154821;dbVar:nssv15148946;dbVar:nssv15150353;dbVar:nssv15149908;nssv15152170;dbVar:nssv15159024;dbVar:nssv15160732;dbVar:nssv15159027;dbVar:nssv15145907;dbVar:nssv18841908;dbVar:nssv15146650;dbVar:nssv15135789;dbVar:nssv16254274;dbVar:nssv8639473	17:526-11186432;17:526-14667519;17:526-15027737;17:527-81041938;17:7215-81058310;17:8548-81060040;17:12345-81057996;17:45836-12247218;17:396628-11307413;17:5636274-11998666;17:6264714-7654181;17:6650650-8040151;17:6912942-8166669	0.01;0.00;0.00;0.00;0.00;0.00;0.00;0.01;0.01;0.01;0.05;0.05;0.06	Bone marrow failure syndrome 5, 618165 (3) AD;Breast cancer, somatic, 114480 (3);Hepatocellular carcinoma, somatic, 114550 (3);Li-Fraumeni syndrome, 151623 (3) AD;Nasopharyngeal carcinoma, somatic, 607107 (3);Pancreatic cancer, somatic, 260350 (3);Adrenocortical carcinoma, pediatric, 202300 (3) AD;Basal cell carcinoma 7, 614740 (3) AD;Choroid plexus papilloma, 260500 (3) AD;Colorectal cancer, 114500 (3) AD,Somatic mutation;Glioma susceptibility 1, 137800 (3) AD,Somatic mutation;Osteosarcoma, 259500 (3) Somatic mutation		dbVar:nssv15134732;dbVar:nssv15132659;dbVar:nssv8639318;dbVar:nssv18792738;dbVar:nssv17969121;dbVar:nssv8639561;dbVar:nssv18789377;dbVar:nssv18790980;dbVar:nssv17969122;dbVar:nssv15121241;dbVar:nssv15123360;morbid:TP53;HI3:TP53;dbVar:nssv17172474;dbVar:nssv17968781;dbVar:nssv18789376;dbVar:nssv16214465;dbVar:nssv17173156;dbVar:nssv18788392;dbVar:nssv18789379;dbVar:nssv15143957;dbVar:nssv15770749;dbVar:nssv15771643;dbVar:nssv15130216;dbVar:nssv18789378;dbVar:nssv17171706;dbVar:nssv15129238;nssv17172644;nssv18791861;dbVar:nssv17971338;dbVar:nssv18792579;dbVar:nssv17971787;dbVar:nssv17173155	17:45836-7600330;17:5636298-7942140;17:6897572-8050639;17:7004895-7766789;17:7020055-8086290;17:7092912-8036953;17:7120456-8151423;17:7123305-8193254;17:7241917-8692213;17:7381515-8338842;17:7571721-7590868;17:7571739-7590808;17:7571740-7590808;17:7571753-7579912;17:7571753-7591611;17:7571753-7593029;17:7571753-7606455;17:7571753-7606804;17:7571753-8135555;17:7571753-8285628;17:7572918-7579922;17:7572918-7591611;17:7572918-8285638;17:7572922-7579918;17:7572922-7591611;17:7572922-7591661;17:7572922-8285634;17:7573918-7579912;17:7574127-7586609;17:7576844-7593029;17:7577010-7579922	0.01;0.03;0.06;0.09;0.07;0.07;0.07;0.07;0.05;0.07;3.69;3.70;3.70;8.65;3.56;3.32;2.03;2.01;0.13;0.10;10.08;3.78;0.10;10.09;3.78;3.77;0.10;11.78;5.66;3.10;11.50	186	ADRENOCORTICAL_CARCINOMA,_PEDIATRIC;Acute_myeloid_leukemia;Adrenal_cortex_carcinoma;Adrenocortical_carcinoma,_hereditary;Astrocytoma,_anaplastic;Basal_cell_carcinoma,_susceptibility_to,_7;Bone_marrow_failure_syndrome_5;Bone_osteosarcoma;Breast_and/or_ovarian_cancer;Breast_carcinoma;Carcinoma_of_colon;Carcinoma_of_pancreas;Choroid_plexus_carcinoma;Choroid_plexus_papilloma;Colorectal_cancer;Diffuse_pediatric-type_high-grade_glioma,_H3-wildtype_and_IDH-wildtype;Familial_cancer_of_breast;Familial_pancreatic_carcinoma;Gallbladder_cancer;Gastric_cancer;Glioma_susceptibility_1;Hepatocellular_carcinoma;Hereditary_breast_ovarian_cancer_syndrome;Hereditary_cancer-predisposing_syndrome;Li-Fraumeni_syndrome;Li-Fraumeni_syndrome_1;Li-fraumeni-like_syndrome;Lip_and_oral_cavity_carcinoma;Lung_adenocarcinoma;Malignant_tumor_of_breast;Malignant_tumor_of_urinary_bladder;Multiple_myeloma;Nasopharyngeal_carcinoma;Ovarian_neoplasm;Pleomorphic_xanthoastrocytoma;Poly_(ADP-Ribose)_polymerase_inhibitor_response;Prostate_cancer;Rhabdomyosarcoma;Squamous_cell_carcinoma_of_the_head_and_neck;TP53-related_disorder;Thyroid_gland_undifferentiated_(anaplastic)_carcinoma;not_specified				dbVar	chr17:7573899-7580656	0.01														chr17:7573899-7580656 dbVar	0.370	0.545	17:7576463-7576587	Tigger5												3		0.2	0.222886025110909	-0.406454992014386	-0.196655082882549	-0.167759599341506	1.26734334786058							191170			yes	yes	2	5.3235e-01	9.1222e-01	0.9	1A (cf Gene_count, RE_gene, +0.00);2E-1 (TP53, +0.90);3A (1 gene, +0.00);5F (+0.00)	4
17_7576639_7577344_DEL_1	17	7576639	7577344	-706	CNV123	DEL	NA	split	p13.1	TP53				NM_001126116	2	7571738	7578562	706	230	36	yes	8	intron3-exon6	CDS	19	3'	7576638	7577344				dbVar:nssv17172067	17:7576854-7576854					Li-Fraumeni_syndrome		CLN:2968360	17:7577052-7577182											186	ADRENOCORTICAL_CARCINOMA,_PEDIATRIC;Acute_myeloid_leukemia;Adrenal_cortex_carcinoma;Adrenocortical_carcinoma,_hereditary;Astrocytoma,_anaplastic;Basal_cell_carcinoma,_susceptibility_to,_7;Bone_marrow_failure_syndrome_5;Bone_osteosarcoma;Breast_and/or_ovarian_cancer;Breast_carcinoma;Carcinoma_of_colon;Carcinoma_of_pancreas;Choroid_plexus_carcinoma;Choroid_plexus_papilloma;Colorectal_cancer;Diffuse_pediatric-type_high-grade_glioma,_H3-wildtype_and_IDH-wildtype;Familial_cancer_of_breast;Familial_pancreatic_carcinoma;Gallbladder_cancer;Gastric_cancer;Glioma_susceptibility_1;Hepatocellular_carcinoma;Hereditary_breast_ovarian_cancer_syndrome;Hereditary_cancer-predisposing_syndrome;Li-Fraumeni_syndrome;Li-Fraumeni_syndrome_1;Li-fraumeni-like_syndrome;Lip_and_oral_cavity_carcinoma;Lung_adenocarcinoma;Malignant_tumor_of_breast;Malignant_tumor_of_urinary_bladder;Multiple_myeloma;Nasopharyngeal_carcinoma;Ovarian_neoplasm;Pleomorphic_xanthoastrocytoma;Poly_(ADP-Ribose)_polymerase_inhibitor_response;Prostate_cancer;Rhabdomyosarcoma;Squamous_cell_carcinoma_of_the_head_and_neck;TP53-related_disorder;Thyroid_gland_undifferentiated_(anaplastic)_carcinoma;not_specified				dbVar	chr17:7573899-7580656	0.01																													ACMG	3	0	0.2	0.222886025110909	-0.406454992014386	-0.196655082882549	-0.167759599341506	1.26734334786058	Li-Fraumeni syndrome;Li-Fraumeni syndrome 1;adrenocortical carcinoma, hereditary;bone marrow failure syndrome 5;breast cancer;choroid plexus carcinoma;colorectal cancer;sarcoma	AD	Definitive;Moderate;Strong;Supportive	10864200;12826609;1642235;191170;20301488[PMID];20522432;21343334;21445348[PMID];21941372;22275381;26086041;27050224;27496084;28135145;28338660;28649662;29146522;29478780;29522266;30287823;30730459;31105275;32998877;3480372;9006316;9039259;9242456;9554443	7157	HGNC:11998	191170	Bone marrow failure syndrome 5, 618165 (3) AD;Breast cancer, somatic, 114480 (3);Hepatocellular carcinoma, somatic, 114550 (3);Li-Fraumeni syndrome, 151623 (3) AD;Nasopharyngeal carcinoma, somatic, 607107 (3);Pancreatic cancer, somatic, 260350 (3);(Adrenocortical carcinoma, pediatric), 202300 (3) AD;(Basal cell carcinoma 7), 614740 (3) AD;(Choroid plexus papilloma), 260500 (3) AD;(Colorectal cancer), 114500 (3) AD,Somatic mutation;(Glioma susceptibility 1), 137800 (3) AD,Somatic mutation;(Osteosarcoma), 259500 (3) Somatic mutation	AD;AD,Somatic mutation;Somatic mutation	yes	yes	2	5.3235e-01	9.1222e-01			full=4
5_14246149_14342189_DEL_1	5	14246149	14342189	-96041	CNV135	DEL	NA	full	p15.2	TRIO	DNAH5	SNORD170	1																ANKH (morbid/RE=ABC_enhancer+EA_enhancer);DNAH5 (morbid/RE=ABC_enhancer+EA_enhancer);OTULIN (morbid/RE=ABC_enhancer)															dbVar:nssv15164761;dbVar:nssv15146713;dbVar:nssv15145871;dbVar:nssv15147378;dbVar:nssv15147960;dbVar:nssv15146962;dbVar:nssv15147414;dbVar:nssv15164765;dbVar:nssv15164764;dbVar:nssv15149091;dbVar:nssv15147291;dbVar:nssv15146993;dbVar:nssv15146992;dbVar:nssv15150844;dbVar:nssv17976838;dbVar:nssv15153658;dbVar:nssv15151111;nssv15151221;dbVar:nssv15150518;dbVar:nssv15148913;dbVar:nssv18792744;dbVar:nssv15135100;dbVar:nssv15149106	5:13649-180905029;5:22150-15851485;5:22150-23607162;5:22150-28075213;5:22150-33418294;5:22150-34041255;5:22150-73708550;5:25329-180693344;5:25329-18698028;5:25329-19661628;5:50094-46115086;5:54955-35680947;5:54955-45649963;5:113577-20240392;5:113577-29310520;5:113577-35739404;5:113578-180719789;5:3159499-30585683;5:4849612-36818821;5:10149256-18180300;5:10212993-16770583;5:13461665-46098927	0.05;0.61;0.41;0.34;0.29;0.28;0.13;0.05;0.51;0.49;0.21;0.27;0.21;0.48;0.33;0.27;0.05;0.35;0.30;1.20;1.46;0.29	Intellectual developmental disorder, AD 44, with microcephaly, 617061 (3) AD;Intellectual developmental disorder, AD 63, with macrocephaly, 618825 (3) AD		dbVar:nssv18330851;dbVar:nssv18841914;dbVar:nssv15146696;dbVar:nssv15145969;dbVar:nssv15151220;dbVar:nssv15148862;dbVar:nssv15148231;dbVar:nssv15147402;dbVar:nssv15146458;dbVar:nssv15149597;dbVar:nssv15147956;dbVar:nssv15148968;dbVar:nssv15148844;dbVar:nssv15146717;dbVar:nssv15148985;dbVar:nssv15148016;dbVar:nssv15148112;dbVar:nssv15145972;dbVar:nssv16866488;dbVar:nssv15148058;dbVar:nssv15148554;dbVar:nssv15147416;dbVar:nssv15146522;dbVar:nssv15164763;dbVar:nssv15150859;dbVar:nssv15166282;dbVar:nssv15146165;nssv15146815;dbVar:nssv15148064;dbVar:nssv16216549;dbVar:nssv15149121;dbVar:nssv15150161;dbVar:nssv15148942;dbVar:nssv16208008;dbVar:nssv15149911;dbVar:nssv15151402;dbVar:nssv15151403;dbVar:nssv15149508;dbVar:nssv16208007;dbVar:nssv15151241;dbVar:nssv15150601;dbVar:nssv15150625;dbVar:nssv17977082;dbVar:nssv15145995;dbVar:nssv17956677;dbVar:nssv18330187;dbVar:nssv18329119;dbVar:nssv18329189;dbVar:nssv15606071;dbVar:nssv15146462;dbVar:nssv15148174;dbVar:nssv15153660;dbVar:nssv18330785;dbVar:nssv15136349;dbVar:nssv15153663;dbVar:nssv15127304;dbVar:nssv15133819;dbVar:nssv15152889;dbVar:nssv15121244;morbid:TRIO;HI3:TRIO	5:2-32091038;5:10002-14320109;5:22150-16584684;5:22150-16930125;5:22150-17788806;5:22150-21217229;5:22150-21726469;5:22150-22775404;5:22150-23132155;5:22150-24835567;5:22150-25699714;5:22150-26594000;5:22150-27188057;5:22150-27485726;5:22150-27611270;5:22150-27788723;5:22150-28429348;5:22150-28589299;5:22150-29048823;5:22150-32248116;5:22150-34041196;5:22150-35831640;5:22420-19281001;5:25329-18662625;5:25329-30672798;5:25329-31343671;5:50094-15678560;5:50094-30112642;5:71905-22078969;5:79147-15509107;5:79147-22152284;5:113577-14684471;5:113577-14738180;5:113577-15291661;5:113577-15822225;5:113577-19167699;5:113577-23047959;5:113577-23364376;5:113577-25091472;5:113577-26234903;5:113577-26948599;5:113577-30712376;5:113577-33998394;5:113578-16952167;5:113578-17654787;5:113578-26164852;5:113578-31448527;5:140475-26906925;5:2180876-17602542;5:4932821-18465470;5:5830054-19490899;5:8081006-22210970;5:8824419-14246208;5:10515036-17607385;5:11815206-21494542;5:12572676-17966097;5:13167441-14733954;5:13609882-21930389;5:14143451-14510313;5:14143452-14510313	0.30;0.52;0.58;0.57;0.54;0.45;0.44;0.42;0.42;0.39;0.37;0.36;0.35;0.35;0.35;0.35;0.34;0.34;0.33;0.30;0.28;0.27;0.50;0.52;0.31;0.31;0.61;0.32;0.44;0.62;0.44;0.66;0.66;0.63;0.61;0.50;0.42;0.41;0.38;0.37;0.36;0.31;0.28;0.57;0.55;0.37;0.31;0.36;0.62;0.71;0.70;0.68;0.00;1.35;0.99;1.78;6.13;1.15;26.18;26.18	9	Micrognathia-recurrent_infections-behavioral_abnormalities-mild_intellectual_disability_syndrome;Syndromic_intellectual_disability																			chr5:14263472-14263521 dbVar;5:14308447-14309113 gnomAD-SV_v2.1_DEL_5_55033;chr5:14308784-14308956 dbVar;5:14312803-14316381 esv2421652;chr5:14334272-14334598 dbVar;	chr5:14255067-14255169 dbVar;chr5:14308447-14309113 dbVar;chr5:14308759-14308850 dbVar;5:14308784-14308956 gnomAD-SV_v2.1_DEL_5_55034;chr5:14321018-14321279 dbVar;chr5:14338275-14345701 dbVar	0.365	0.555														3		25.7	0.822860208268566	0.549303982532724	0.699529654111208	0.16004353517724	6.77869221045886							601893			yes		0	1.0000e+00	1.0000e+00	0.9	1A (cf Gene_count, RE_gene, +0.00);2E-1 (TRIO, +0.90);2G (cf po_B_loss_someG_source, +0.00);3A (1 gene, +0.00);5F (+0.00)	4
5_14246149_14342189_DEL_1	5	14246149	14342189	-96041	CNV135	DEL	NA	split	p15.2	TRIO				NM_007118	4	14143450	14510313	96041	1889	20	yes	57	intron1-intron11	CDS	5353	5'	14246148	14342189																								9	Micrognathia-recurrent_infections-behavioral_abnormalities-mild_intellectual_disability_syndrome;Syndromic_intellectual_disability																																				3	0	25.7	0.822860208268566	0.549303982532724	0.699529654111208	0.16004353517724	6.77869221045886	intellectual developmental disorder, autosomal dominant 63, with macrocephaly;micrognathia-recurrent infections-behavioral abnormalities-mild intellectual disability syndrome;syndromic intellectual disability	AD	Definitive;Moderate;Strong;Supportive	1.55138E+15;26721934;26721934[PMID];27418539;32109419	7204	HGNC:12303	601893	Intellectual developmental disorder, AD 44, with microcephaly, 617061 (3) AD;Intellectual developmental disorder, AD 63, with macrocephaly, 618825 (3) AD	AD	yes		0	1.0000e+00	1.0000e+00			full=4
6_152685922_152690810_DEL_1	6	152685922	152690810	-4889	CNV040	DEL	NA	full	q25.2	SYNE1	ESR1	SYNE1-AS1	1																															dbVar:nssv15166690;dbVar:nssv15166692;dbVar:nssv15161859;nssv15161868;dbVar:nssv15168255;dbVar:nssv15142088;dbVar:nssv15149005;dbVar:nssv15147348;dbVar:nssv15145653;dbVar:nssv15774860;dbVar:nssv15166017;dbVar:nssv15149389;dbVar:nssv16254001	6:60108-171054786;6:108667-170980171;6:156976-170919482;6:165633-170919470;6:124280384-156115172;6:133858410-166289033;6:135679289-155776251;6:141454128-169739666;6:148195087-160127254;6:150284436-170919470;6:151214793-170892243;6:151472861-154839846	0.00;0.00;0.00;0.00;0.02;0.02;0.02;0.02;0.04;0.02;0.02;0.15	Arthrogryposis multiplex congenita 3, myogenic type, 618484 (3) AR;Emery-Dreifuss muscular dystrophy 4, AD, 612998 (3) AD;Spinocerebellar ataxia, AR 8, 610743 (3) AR		dbVar:nssv15147046;dbVar:nssv16208093;dbVar:nssv15148130;dbVar:nssv18841917;morbid:SYNE1;dbVar:nssv15131027	6:145253698-153306499;6:149431323-154120064;6:150702376-159974984;6:151226690-158932958;6:152442822-152958497;6:152443552-153748051	0.06;0.10;0.05;0.06;0.95;0.37	4	Autosomal_recessive_ataxia,_Beauce_type;Cerebellar_ataxia;Emery-Dreifuss_muscular_dystrophy_4,_autosomal_dominant																					0.480	0.470	6:152685768-152685874	(GGAA)n	6:152690836-152691143	AluSz												27.77	0.196195457702567	-1.05870482685299	-0.973576267363664	-0.601508802438768	-0.507682913023541							608441			yes		2	3.1899e-52	3.7507e-27	0.9	1A (cf Gene_count, RE_gene, +0.00);2E-1 (SYNE1, +0.90);3A (1 gene, +0.00);5F (+0.00)	4
6_152685922_152690810_DEL_1	6	152685922	152690810	-4889	CNV040	DEL	NA	split	q25.2	SYNE1				NM_033071	5	152442821	152958025	4889	638	2	yes	146	intron59-intron63	CDS	60	5'	152685921	152690810																								4	Autosomal_recessive_ataxia,_Beauce_type;Cerebellar_ataxia;Emery-Dreifuss_muscular_dystrophy_4,_autosomal_dominant																																						27.77	0.196195457702567	-1.05870482685299	-0.973576267363664	-0.601508802438768	-0.507682913023541	Emery-Dreifuss muscular dystrophy 4, autosomal dominant;arthrogryposis multiplex congenita 3, myogenic type;autosomal dominant Emery-Dreifuss muscular dystrophy;autosomal recessive ataxia, Beauce type;autosomal recessive myogenic arthrogryposis multiplex congenita	AD;AR	Definitive;Limited;Moderate;Strong;Supportive	17159980;17159980[PMID];17761684;19542096;19542096[PMID];23325900;24319099;25091525;27066551;27086870;27234031;27782104;28818390;30626539;31110749;31840275;NULL	23345	HGNC:17089	608441	Arthrogryposis multiplex congenita 3, myogenic type, 618484 (3) AR;Emery-Dreifuss muscular dystrophy 4, AD, 612998 (3) AD;Spinocerebellar ataxia, AR 8, 610743 (3) AR	AD;AR	yes		2	3.1899e-52	3.7507e-27			full=4
6_152685922_152690810_DEL_1	6	152685922	152690810	-4889	CNV142	DEL	NA	full	q25.2	SYNE1	ESR1	SYNE1-AS1	1																															dbVar:nssv15166690;dbVar:nssv15166692;dbVar:nssv15161859;nssv15161868;dbVar:nssv15168255;dbVar:nssv15142088;dbVar:nssv15149005;dbVar:nssv15147348;dbVar:nssv15145653;dbVar:nssv15774860;dbVar:nssv15166017;dbVar:nssv15149389;dbVar:nssv16254001	6:60108-171054786;6:108667-170980171;6:156976-170919482;6:165633-170919470;6:124280384-156115172;6:133858410-166289033;6:135679289-155776251;6:141454128-169739666;6:148195087-160127254;6:150284436-170919470;6:151214793-170892243;6:151472861-154839846	0.00;0.00;0.00;0.00;0.02;0.02;0.02;0.02;0.04;0.02;0.02;0.15	Arthrogryposis multiplex congenita 3, myogenic type, 618484 (3) AR;Emery-Dreifuss muscular dystrophy 4, AD, 612998 (3) AD;Spinocerebellar ataxia, AR 8, 610743 (3) AR		dbVar:nssv15147046;dbVar:nssv16208093;dbVar:nssv15148130;dbVar:nssv18841917;morbid:SYNE1;dbVar:nssv15131027	6:145253698-153306499;6:149431323-154120064;6:150702376-159974984;6:151226690-158932958;6:152442822-152958497;6:152443552-153748051	0.06;0.10;0.05;0.06;0.95;0.37	4	Autosomal_recessive_ataxia,_Beauce_type;Cerebellar_ataxia;Emery-Dreifuss_muscular_dystrophy_4,_autosomal_dominant																					0.480	0.470	6:152685768-152685874	(GGAA)n	6:152690836-152691143	AluSz												27.77	0.196195457702567	-1.05870482685299	-0.973576267363664	-0.601508802438768	-0.507682913023541							608441			yes		2	3.1899e-52	3.7507e-27	0.9	1A (cf Gene_count, RE_gene, +0.00);2E-1 (SYNE1, +0.90);3A (1 gene, +0.00);5F (+0.00)	4
6_152685922_152690810_DEL_1	6	152685922	152690810	-4889	CNV142	DEL	NA	split	q25.2	SYNE1				NM_033071	5	152442821	152958025	4889	638	2	yes	146	intron59-intron63	CDS	60	5'	152685921	152690810																								4	Autosomal_recessive_ataxia,_Beauce_type;Cerebellar_ataxia;Emery-Dreifuss_muscular_dystrophy_4,_autosomal_dominant																																						27.77	0.196195457702567	-1.05870482685299	-0.973576267363664	-0.601508802438768	-0.507682913023541	Emery-Dreifuss muscular dystrophy 4, autosomal dominant;arthrogryposis multiplex congenita 3, myogenic type;autosomal dominant Emery-Dreifuss muscular dystrophy;autosomal recessive ataxia, Beauce type;autosomal recessive myogenic arthrogryposis multiplex congenita	AD;AR	Definitive;Limited;Moderate;Strong;Supportive	17159980;17159980[PMID];17761684;19542096;19542096[PMID];23325900;24319099;25091525;27066551;27086870;27234031;27782104;28818390;30626539;31110749;31840275;NULL	23345	HGNC:17089	608441	Arthrogryposis multiplex congenita 3, myogenic type, 618484 (3) AR;Emery-Dreifuss muscular dystrophy 4, AD, 612998 (3) AD;Spinocerebellar ataxia, AR 8, 610743 (3) AR	AD;AR	yes		2	3.1899e-52	3.7507e-27			full=4
6_162683461_162683770_DEL_1	6	162683461	162683770	-310	CNV020	DEL	NA	full	q26	PRKN	LOC105378098	PACRG	1																															dbVar:nssv15166690;dbVar:nssv15166692;dbVar:nssv15161859;nssv15161868;dbVar:nssv15168255;dbVar:nssv15149005;dbVar:nssv15145653;dbVar:nssv15166017;dbVar:nssv15149389;dbVar:nssv15146031;dbVar:nssv15166039;dbVar:nssv15151460;dbVar:nssv17970180;dbVar:nssv17973564;dbVar:nssv17173298;dbVar:nssv17971070;dbVar:nssv17173251;dbVar:nssv15144258;nssv17970396;dbVar:nssv15770153;dbVar:nssv16091955;dbVar:nssv16213282	6:60108-171054786;6:108667-170980171;6:156976-170919482;6:165633-170919470;6:133858410-166289033;6:141454128-169739666;6:150284436-170919470;6:151214793-170892243;6:152697474-170921089;6:159155999-171054786;6:159844763-170919482;6:162212865-170919482;6:162394315-162683817;6:162475158-162864400;6:162622144-162864525;6:162622257-162864400;6:162683538-162683817;6:162683548-162683807;6:162683558-162683797;6:162683558-162696441	0.00;0.00;0.00;0.00;0.00;0.00;0.00;0.00;0.00;0.00;0.00;0.00;0.11;0.08;0.13;0.13;83.21;85.77;88.75;1.65	Adenocarcinoma of lung, somatic, 211980 (3);Ovarian cancer, somatic, 167000 (3);Parkinson disease, juvenile, type 2, 600116 (3) AR		dbVar:nssv15148932;dbVar:nssv17970168;dbVar:nssv15146401;dbVar:nssv15148121;dbVar:nssv15147384;dbVar:nssv18326414;dbVar:nssv18787894;nssv18787895;dbVar:nssv17976864;dbVar:nssv15132184;dbVar:nssv8639306;dbVar:nssv15133564;dbVar:nssv15137582;dbVar:nssv15132185;dbVar:nssv15133344;dbVar:nssv17970179;dbVar:nssv8639428;dbVar:nssv15138918;morbid:PRKN;dbVar:nssv18841923;dbVar:nssv15120154;dbVar:nssv17970181;dbVar:nssv15145491;dbVar:nssv17971224;dbVar:nssv18789873;dbVar:nssv15145492;dbVar:nssv16208100;dbVar:nssv15132186;dbVar:nssv17172943;dbVar:nssv17173252;dbVar:nssv15145051;dbVar:nssv15145245;dbVar:nssv15145496;dbVar:nssv15145497;dbVar:nssv15145498;dbVar:nssv15145499;dbVar:nssv15129463;dbVar:nssv15129271;nssv17970393;dbVar:nssv17971238;dbVar:nssv15770396;dbVar:nssv16212554;dbVar:nssv18830693;nssv15128328;dbVar:nssv15141671;dbVar:nssv15145500;dbVar:nssv15145247;dbVar:nssv16208103;dbVar:nssv15130072;nssv17970397;dbVar:nssv15130838;nssv17970398;dbVar:nssv17971222;dbVar:nssv15770563;dbVar:nssv15770617;dbVar:nssv16215050	6:153114538-170919482;6:153207931-164322346;6:154439194-170911240;6:154860790-171023595;6:155699184-163554531;6:157318402-165233548;6:158532399-162868359;6:159121460-170919482;6:159875672-170921089;6:159910480-170831088;6:160246946-170921089;6:160336423-171023595;6:160780719-170917906;6:160905843-170921099;6:161047874-170919482;6:161071094-171055067;6:161320931-170919482;6:161768449-163148798;6:161770315-170893878;6:162206805-162683797;6:162381976-170919482;6:162387383-162713525;6:162394315-162683817;6:162394315-162864525;6:162403233-162744352;6:162452036-170919482;6:162463879-170917906;6:162475114-162864519;6:162475158-162683576;6:162509393-162948890;6:162572616-162691639;6:162583326-162732891;6:162587156-162709265;6:162615776-162745282;6:162621906-162965586;6:162621944-162941426;6:162622144-162683817;6:162622144-162864525;6:162622154-162683807;6:162622154-162864519;6:162622164-162864505;6:162638346-162754162;6:162643708-162718649;6:162650492-162917014;6:162661109-170919482;6:162683538-162683817;6:162683538-162864525;6:162683538-163148700;6:162683548-162683807;6:162683548-162864519;6:162683558-162683797	0.00;0.00;0.00;0.00;0.00;0.00;0.01;0.00;0.00;0.00;0.00;0.00;0.00;0.00;0.00;0.00;0.00;0.02;0.00;0.06;0.00;0.10;0.11;0.07;0.09;0.00;0.00;0.08;0.06;0.07;0.26;0.21;0.25;0.24;0.09;0.10;0.50;0.13;0.50;0.13;0.13;0.27;0.41;0.12;0.00;83.21;0.13;0.05;85.77;0.12;88.75	2	Autosomal_recessive_juvenile_Parkinson_disease_2;Lung_cancer;Ovarian_cancer				dbVar;nsv517562	chr6:162433057-162758123;6:162481461-163249645;chr6:162561559-162715302;chr6:162561824-162707658;chr6:162591359-162748567;chr6:162614833-162699534;chr6:162615116-162758804;chr6:162626053-162721990;chr6:162649725-162725691;chr6:162658361-162734001;chr6:162665614-163002170;chr6:162665627-163002185;chr6:162667542-162835019;chr6:162668114-162711975;chr6:162669285-163003073;chr6:162670084-162728065;chr6:162677462-162845189;chr6:162678900-162791137;chr6:162679606-162782413;chr6:162681309-162696378;chr6:162683230-162832671	0.01													6:162481461-163249645 nsv517562;chr6:162561824-162707658 dbVar;chr6:162614833-162699534 dbVar;chr6:162626053-162721990 dbVar;chr6:162658361-162734001 dbVar;chr6:162665627-163002185 dbVar;chr6:162668114-162711975 dbVar;chr6:162670084-162728065 dbVar;chr6:162678900-162791137 dbVar;chr6:162681309-162696378 dbVar;chr6:162433057-162758123 dbVar;chr6:162561559-162715302 dbVar;chr6:162591359-162748567 dbVar;chr6:162615116-162758804 dbVar;chr6:162649725-162725691 dbVar;chr6:162665614-163002170 dbVar;chr6:162667542-162835019 dbVar;chr6:162669285-163003073 dbVar;chr6:162677462-162845189 dbVar;chr6:162679606-162782413 dbVar...	chr6:162433057-162758123 dbVar;chr6:162561559-162715302 dbVar;chr6:162591359-162748567 dbVar;chr6:162615116-162758804 dbVar;chr6:162649725-162725691 dbVar;chr6:162665614-163002170 dbVar;chr6:162667542-162835019 dbVar;chr6:162669285-163003073 dbVar;chr6:162677462-162845189 dbVar;chr6:162679606-162782413 dbVar;chr6:162683230-162832671 dbVar;6:162481461-163249645 nsv517562;chr6:162561824-162707658 dbVar;chr6:162614833-162699534 dbVar;chr6:162626053-162721990 dbVar;chr6:162658361-162734001 dbVar;chr6:162665627-163002185 dbVar;chr6:162668114-162711975 dbVar;chr6:162670084-162728065 dbVar;chr6:162678900-162791137 dbVar...	0.375	0.460			6:162683815-162683840	(A)n																								602544			yes					0.9	1A (cf Gene_count, RE_gene, +0.00);2E-1 (PRKN, +0.90);3A (1 gene, +0.00);5F (+0.00)	4
6_162683461_162683770_DEL_1	6	162683461	162683770	-310	CNV020	DEL	NA	split	q26	PRKN				NM_004562	3	161768448	163148798	310	214	15	yes	12	exon3-intron3	CDS	27	3'	162683460	162683770																								2	Autosomal_recessive_juvenile_Parkinson_disease_2;Lung_cancer;Ovarian_cancer				dbVar;nsv517562	chr6:162433057-162758123;6:162481461-163249645;chr6:162561559-162715302;chr6:162561824-162707658;chr6:162591359-162748567;chr6:162614833-162699534;chr6:162615116-162758804;chr6:162626053-162721990;chr6:162649725-162725691;chr6:162658361-162734001;chr6:162665614-163002170;chr6:162665627-163002185;chr6:162667542-162835019;chr6:162668114-162711975;chr6:162669285-163003073;chr6:162670084-162728065;chr6:162677462-162845189;chr6:162678900-162791137;chr6:162679606-162782413;chr6:162681309-162696378;chr6:162683230-162832671	0.01																														30	0							Parkinson disease;autosomal recessive juvenile Parkinson disease 2;young-onset Parkinson disease	AR	Definitive;Strong;Supportive	22166458[PMID]	5071	HGNC:8607	602544	Adenocarcinoma of lung, somatic, 211980 (3);Ovarian cancer, somatic, 167000 (3);Parkinson disease, juvenile, type 2, 600116 (3) AR	AR	yes							full=4
6_162683461_162683770_DEL_1	6	162683461	162683770	-310	CNV107	DEL	NA	full	q26	PRKN	LOC105378098	PACRG	1																															dbVar:nssv15166690;dbVar:nssv15166692;dbVar:nssv15161859;nssv15161868;dbVar:nssv15168255;dbVar:nssv15149005;dbVar:nssv15145653;dbVar:nssv15166017;dbVar:nssv15149389;dbVar:nssv15146031;dbVar:nssv15166039;dbVar:nssv15151460;dbVar:nssv17970180;dbVar:nssv17973564;dbVar:nssv17173298;dbVar:nssv17971070;dbVar:nssv17173251;dbVar:nssv15144258;nssv17970396;dbVar:nssv15770153;dbVar:nssv16091955;dbVar:nssv16213282	6:60108-171054786;6:108667-170980171;6:156976-170919482;6:165633-170919470;6:133858410-166289033;6:141454128-169739666;6:150284436-170919470;6:151214793-170892243;6:152697474-170921089;6:159155999-171054786;6:159844763-170919482;6:162212865-170919482;6:162394315-162683817;6:162475158-162864400;6:162622144-162864525;6:162622257-162864400;6:162683538-162683817;6:162683548-162683807;6:162683558-162683797;6:162683558-162696441	0.00;0.00;0.00;0.00;0.00;0.00;0.00;0.00;0.00;0.00;0.00;0.00;0.11;0.08;0.13;0.13;83.21;85.77;88.75;1.65	Adenocarcinoma of lung, somatic, 211980 (3);Ovarian cancer, somatic, 167000 (3);Parkinson disease, juvenile, type 2, 600116 (3) AR		dbVar:nssv15148932;dbVar:nssv17970168;dbVar:nssv15146401;dbVar:nssv15148121;dbVar:nssv15147384;dbVar:nssv18326414;dbVar:nssv18787894;nssv18787895;dbVar:nssv17976864;dbVar:nssv15132184;dbVar:nssv8639306;dbVar:nssv15133564;dbVar:nssv15137582;dbVar:nssv15132185;dbVar:nssv15133344;dbVar:nssv17970179;dbVar:nssv8639428;dbVar:nssv15138918;morbid:PRKN;dbVar:nssv18841923;dbVar:nssv15120154;dbVar:nssv17970181;dbVar:nssv15145491;dbVar:nssv17971224;dbVar:nssv18789873;dbVar:nssv15145492;dbVar:nssv16208100;dbVar:nssv15132186;dbVar:nssv17172943;dbVar:nssv17173252;dbVar:nssv15145051;dbVar:nssv15145245;dbVar:nssv15145496;dbVar:nssv15145497;dbVar:nssv15145498;dbVar:nssv15145499;dbVar:nssv15129463;dbVar:nssv15129271;nssv17970393;dbVar:nssv17971238;dbVar:nssv15770396;dbVar:nssv16212554;dbVar:nssv18830693;nssv15128328;dbVar:nssv15141671;dbVar:nssv15145500;dbVar:nssv15145247;dbVar:nssv16208103;dbVar:nssv15130072;nssv17970397;dbVar:nssv15130838;nssv17970398;dbVar:nssv17971222;dbVar:nssv15770563;dbVar:nssv15770617;dbVar:nssv16215050	6:153114538-170919482;6:153207931-164322346;6:154439194-170911240;6:154860790-171023595;6:155699184-163554531;6:157318402-165233548;6:158532399-162868359;6:159121460-170919482;6:159875672-170921089;6:159910480-170831088;6:160246946-170921089;6:160336423-171023595;6:160780719-170917906;6:160905843-170921099;6:161047874-170919482;6:161071094-171055067;6:161320931-170919482;6:161768449-163148798;6:161770315-170893878;6:162206805-162683797;6:162381976-170919482;6:162387383-162713525;6:162394315-162683817;6:162394315-162864525;6:162403233-162744352;6:162452036-170919482;6:162463879-170917906;6:162475114-162864519;6:162475158-162683576;6:162509393-162948890;6:162572616-162691639;6:162583326-162732891;6:162587156-162709265;6:162615776-162745282;6:162621906-162965586;6:162621944-162941426;6:162622144-162683817;6:162622144-162864525;6:162622154-162683807;6:162622154-162864519;6:162622164-162864505;6:162638346-162754162;6:162643708-162718649;6:162650492-162917014;6:162661109-170919482;6:162683538-162683817;6:162683538-162864525;6:162683538-163148700;6:162683548-162683807;6:162683548-162864519;6:162683558-162683797	0.00;0.00;0.00;0.00;0.00;0.00;0.01;0.00;0.00;0.00;0.00;0.00;0.00;0.00;0.00;0.00;0.00;0.02;0.00;0.06;0.00;0.10;0.11;0.07;0.09;0.00;0.00;0.08;0.06;0.07;0.26;0.21;0.25;0.24;0.09;0.10;0.50;0.13;0.50;0.13;0.13;0.27;0.41;0.12;0.00;83.21;0.13;0.05;85.77;0.12;88.75	2	Autosomal_recessive_juvenile_Parkinson_disease_2;Lung_cancer;Ovarian_cancer				dbVar;nsv517562	chr6:162433057-162758123;6:162481461-163249645;chr6:162561559-162715302;chr6:162561824-162707658;chr6:162591359-162748567;chr6:162614833-162699534;chr6:162615116-162758804;chr6:162626053-162721990;chr6:162649725-162725691;chr6:162658361-162734001;chr6:162665614-163002170;chr6:162665627-163002185;chr6:162667542-162835019;chr6:162668114-162711975;chr6:162669285-163003073;chr6:162670084-162728065;chr6:162677462-162845189;chr6:162678900-162791137;chr6:162679606-162782413;chr6:162681309-162696378;chr6:162683230-162832671	0.01													6:162481461-163249645 nsv517562;chr6:162561824-162707658 dbVar;chr6:162614833-162699534 dbVar;chr6:162626053-162721990 dbVar;chr6:162658361-162734001 dbVar;chr6:162665627-163002185 dbVar;chr6:162668114-162711975 dbVar;chr6:162670084-162728065 dbVar;chr6:162678900-162791137 dbVar;chr6:162681309-162696378 dbVar;chr6:162433057-162758123 dbVar;chr6:162561559-162715302 dbVar;chr6:162591359-162748567 dbVar;chr6:162615116-162758804 dbVar;chr6:162649725-162725691 dbVar;chr6:162665614-163002170 dbVar;chr6:162667542-162835019 dbVar;chr6:162669285-163003073 dbVar;chr6:162677462-162845189 dbVar;chr6:162679606-162782413 dbVar...	chr6:162433057-162758123 dbVar;chr6:162561559-162715302 dbVar;chr6:162591359-162748567 dbVar;chr6:162615116-162758804 dbVar;chr6:162649725-162725691 dbVar;chr6:162665614-163002170 dbVar;chr6:162667542-162835019 dbVar;chr6:162669285-163003073 dbVar;chr6:162677462-162845189 dbVar;chr6:162679606-162782413 dbVar;chr6:162683230-162832671 dbVar;6:162481461-163249645 nsv517562;chr6:162561824-162707658 dbVar;chr6:162614833-162699534 dbVar;chr6:162626053-162721990 dbVar;chr6:162658361-162734001 dbVar;chr6:162665627-163002185 dbVar;chr6:162668114-162711975 dbVar;chr6:162670084-162728065 dbVar;chr6:162678900-162791137 dbVar...	0.375	0.460			6:162683815-162683840	(A)n																								602544			yes					0.9	1A (cf Gene_count, RE_gene, +0.00);2E-1 (PRKN, +0.90);3A (1 gene, +0.00);5F (+0.00)	4
6_162683461_162683770_DEL_1	6	162683461	162683770	-310	CNV107	DEL	NA	split	q26	PRKN				NM_004562	3	161768448	163148798	310	214	15	yes	12	exon3-intron3	CDS	27	3'	162683460	162683770																								2	Autosomal_recessive_juvenile_Parkinson_disease_2;Lung_cancer;Ovarian_cancer				dbVar;nsv517562	chr6:162433057-162758123;6:162481461-163249645;chr6:162561559-162715302;chr6:162561824-162707658;chr6:162591359-162748567;chr6:162614833-162699534;chr6:162615116-162758804;chr6:162626053-162721990;chr6:162649725-162725691;chr6:162658361-162734001;chr6:162665614-163002170;chr6:162665627-163002185;chr6:162667542-162835019;chr6:162668114-162711975;chr6:162669285-163003073;chr6:162670084-162728065;chr6:162677462-162845189;chr6:162678900-162791137;chr6:162679606-162782413;chr6:162681309-162696378;chr6:162683230-162832671	0.01																														30	0							Parkinson disease;autosomal recessive juvenile Parkinson disease 2;young-onset Parkinson disease	AR	Definitive;Strong;Supportive	22166458[PMID]	5071	HGNC:8607	602544	Adenocarcinoma of lung, somatic, 211980 (3);Ovarian cancer, somatic, 167000 (3);Parkinson disease, juvenile, type 2, 600116 (3) AR	AR	yes							full=4
7_66103239_66108216_DEL_1	7	66103239	66108216	-4978	CNV008	DEL	NA	full	q11.21	KCTD7	RABGEF1P1	LOC100996437	1																															dbVar:nssv15777247;dbVar:nssv15168013;dbVar:nssv15161666;nssv15161679;dbVar:nssv15168014;dbVar:nssv15146532;dbVar:nssv15146184;dbVar:nssv15139290;dbVar:nssv15146013;dbVar:nssv17973251;dbVar:nssv15124075	7:10366-159119707;7:10705-159122532;7:43362-159119707;7:44936-159126310;7:53341753-68041200;7:62030666-67288943;7:62437391-66313662;7:62437464-75044630;7:65556984-66460414;7:66103209-66105624	0.00;0.00;0.00;0.00;0.03;0.09;0.13;0.04;0.55;98.76	Epilepsy, progressive myoclonic 3, with or without intracellular inclusions, 611726 (3) AR		dbVar:nssv15161318;dbVar:nssv15148211;dbVar:nssv15150234;dbVar:nssv15145654;morbid:KCTD7;dbVar:nssv16213882;dbVar:nssv17171773;dbVar:nssv17973747;dbVar:nssv15144277	7:54186-159075079;7:62196743-75061986;7:63583564-71047246;7:64117429-71708048;7:66093868-66108216;7:66094033-66105401;7:66094053-66104219;7:66103221-66104219;7:66103221-66104239	0.00;0.04;0.07;0.07;34.69;19.03;9.65;98.20;98.23	10	Epilepsy,_progressive_myoclonic,_3,_with_intracellular_inclusions;Inborn_genetic_diseases;KCTD7-related_disorder;Neuronal_ceroid_lipofuscinosis;Progressive_myoclonic_epilepsy_type_3	1000g;gnomAD-SV_v2.1_DUP_7_21372;gnomAD-SV_v2.1_DUP_7_21373	7:66096743-66117703;7:66100354-66122458;7:66101000-66137550;7:66101970-66138761	0.0287												7:66100354-66122458 1000g;7:66101970-66138761 1000g;7:66100354-66122458 1000g;7:66101970-66138761 1000g	7:66096743-66117703 gnomAD-SV_v2.1_DUP_7_21372;7:66101000-66137550 gnomAD-SV_v2.1_DUP_7_21373;7:66096743-66117703 gnomAD-SV_v2.1_DUP_7_21372;7:66101000-66137550 gnomAD-SV_v2.1_DUP_7_21373					0.555	0.510	7:66102982-66103148	MIR					7:66098513-66103157									35.12				0.459217484384507	1.50242000945848							611725			yes		3	6.3083e-04	4.9653e-01	0.9	1A (cf Gene_count, RE_gene, +0.00);2D-4 (KCTD7, +0.90);3A (1 gene, +0.00);5F (+0.00)	4
7_66103239_66108216_DEL_1	7	66103239	66108216	-4978	CNV008	DEL	NA	split	q11.21	KCTD7				NM_153033	5	66093867	66108034	4796	556	63	yes	4	intron2-txEnd	CDS-3'UTR	1	3'	66103238	66108034																								10	Epilepsy,_progressive_myoclonic,_3,_with_intracellular_inclusions;Inborn_genetic_diseases;KCTD7-related_disorder;Neuronal_ceroid_lipofuscinosis;Progressive_myoclonic_epilepsy_type_3	1000g;gnomAD-SV_v2.1_DUP_7_21372;gnomAD-SV_v2.1_DUP_7_21373	7:66096743-66117703;7:66100354-66122458;7:66101000-66137550;7:66101970-66138761	0.0287																																	30		35.12				0.459217484384507	1.50242000945848	progressive myoclonic epilepsy type 3;progressive myoclonus epilepsy	AR	Definitive;Moderate;Strong;Supportive	17455289;22693283;22693283[PMID]_22748208[PMID];30500434	154881	HGNC:21957	611725	Epilepsy, progressive myoclonic 3, with or without intracellular inclusions, 611726 (3) AR	AR	yes		3	6.3083e-04	4.9653e-01			full=4
7_66103239_66108216_DEL_1	7	66103239	66108216	-4978	CNV094	DEL	NA	full	q11.21	KCTD7	RABGEF1P1	LOC100996437	1																															dbVar:nssv15777247;dbVar:nssv15168013;dbVar:nssv15161666;nssv15161679;dbVar:nssv15168014;dbVar:nssv15146532;dbVar:nssv15146184;dbVar:nssv15139290;dbVar:nssv15146013;dbVar:nssv17973251;dbVar:nssv15124075	7:10366-159119707;7:10705-159122532;7:43362-159119707;7:44936-159126310;7:53341753-68041200;7:62030666-67288943;7:62437391-66313662;7:62437464-75044630;7:65556984-66460414;7:66103209-66105624	0.00;0.00;0.00;0.00;0.03;0.09;0.13;0.04;0.55;98.76	Epilepsy, progressive myoclonic 3, with or without intracellular inclusions, 611726 (3) AR		dbVar:nssv15161318;dbVar:nssv15148211;dbVar:nssv15150234;dbVar:nssv15145654;morbid:KCTD7;dbVar:nssv16213882;dbVar:nssv17171773;dbVar:nssv17973747;dbVar:nssv15144277	7:54186-159075079;7:62196743-75061986;7:63583564-71047246;7:64117429-71708048;7:66093868-66108216;7:66094033-66105401;7:66094053-66104219;7:66103221-66104219;7:66103221-66104239	0.00;0.04;0.07;0.07;34.69;19.03;9.65;98.20;98.23	10	Epilepsy,_progressive_myoclonic,_3,_with_intracellular_inclusions;Inborn_genetic_diseases;KCTD7-related_disorder;Neuronal_ceroid_lipofuscinosis;Progressive_myoclonic_epilepsy_type_3	1000g;gnomAD-SV_v2.1_DUP_7_21372;gnomAD-SV_v2.1_DUP_7_21373	7:66096743-66117703;7:66100354-66122458;7:66101000-66137550;7:66101970-66138761	0.0287												7:66100354-66122458 1000g;7:66101970-66138761 1000g;7:66100354-66122458 1000g;7:66101970-66138761 1000g	7:66096743-66117703 gnomAD-SV_v2.1_DUP_7_21372;7:66101000-66137550 gnomAD-SV_v2.1_DUP_7_21373;7:66096743-66117703 gnomAD-SV_v2.1_DUP_7_21372;7:66101000-66137550 gnomAD-SV_v2.1_DUP_7_21373					0.555	0.510	7:66102982-66103148	MIR					7:66098513-66103157									35.12				0.459217484384507	1.50242000945848							611725			yes		3	6.3083e-04	4.9653e-01	0.9	1A (cf Gene_count, RE_gene, +0.00);2D-4 (KCTD7, +0.90);3A (1 gene, +0.00);5F (+0.00)	4
7_66103239_66108216_DEL_1	7	66103239	66108216	-4978	CNV094	DEL	NA	split	q11.21	KCTD7				NM_153033	5	66093867	66108034	4796	556	63	yes	4	intron2-txEnd	CDS-3'UTR	1	3'	66103238	66108034																								10	Epilepsy,_progressive_myoclonic,_3,_with_intracellular_inclusions;Inborn_genetic_diseases;KCTD7-related_disorder;Neuronal_ceroid_lipofuscinosis;Progressive_myoclonic_epilepsy_type_3	1000g;gnomAD-SV_v2.1_DUP_7_21372;gnomAD-SV_v2.1_DUP_7_21373	7:66096743-66117703;7:66100354-66122458;7:66101000-66137550;7:66101970-66138761	0.0287																																	30		35.12				0.459217484384507	1.50242000945848	progressive myoclonic epilepsy type 3;progressive myoclonus epilepsy	AR	Definitive;Moderate;Strong;Supportive	17455289;22693283;22693283[PMID]_22748208[PMID];30500434	154881	HGNC:21957	611725	Epilepsy, progressive myoclonic 3, with or without intracellular inclusions, 611726 (3) AR	AR	yes		3	6.3083e-04	4.9653e-01			full=4
7_94228057_94230141_DEL_1	7	94228057	94230141	-2085	CNV004	DEL	NA	full	q21.3	SGCE	CASD1	PEG10	1																															dbVar:nssv15777247;dbVar:nssv15168013;dbVar:nssv15161666;nssv15161679;dbVar:nssv15168014;dbVar:nssv16867381	7:10366-159119707;7:10705-159122532;7:43362-159119707;7:44936-159126310;7:87477186-100333327	0.00;0.00;0.00;0.00;0.02	Dystonia-11, myoclonic, 159900 (3) AD		dbVar:nssv15161318;dbVar:nssv15139860;dbVar:nssv15138208;dbVar:nssv15143221;dbVar:nssv18330238;dbVar:nssv15128924;dbVar:nssv15151513;dbVar:nssv16216888;dbVar:nssv15167795;dbVar:nssv15131649;dbVar:nssv15149467;morbid:SGCE;HI3:SGCE;dbVar:nssv17172890;dbVar:nssv15129306	7:54186-159075079;7:83631951-94858195;7:92388459-97197958;7:92445453-99686985;7:92721628-98311537;7:92916553-94959433;7:93285238-96280817;7:93516133-95668733;7:93700163-96950914;7:94024325-94285430;7:94129827-94844077;7:94214292-94285445;7:94214293-94285445;7:94228082-94232770;7:94228088-94232764	0.00;0.02;0.04;0.03;0.04;0.10;0.07;0.10;0.06;0.80;0.29;2.93;2.93;43.93;43.92	23	Inborn_genetic_diseases;Myoclonic_dystonia_11										IMH	7:66631329-143298938;7:67635774-98083201;7:76724496-102417118;7:94121577-144414055	0.5000									0.340	0.370														3		13.27	-0.600395797653513	1.06674128351518	0.420327268868681	-0.0882142836655458	0.320949964336317							604149			yes		2	2.3761e-02	1.3863e-03	0.9	1A (cf Gene_count, RE_gene, +0.00);2E-1 (SGCE, +0.90);3A (1 gene, +0.00);5F (+0.00)	4
7_94228057_94230141_DEL_1	7	94228057	94230141	-2085	CNV004	DEL	NA	split	q21.3	SGCE				NM_001099401	2	94214291	94285445	2085	400	28	yes	12	exon7-intron9	CDS	28	3'	94228056	94230141																								23	Inborn_genetic_diseases;Myoclonic_dystonia_11										IMH	7:66631329-143298938;7:67635774-98083201;7:76724496-102417118;7:94121577-144414055	0.5000																								3	0	13.27	-0.600395797653513	1.06674128351518	0.420327268868681	-0.0882142836655458	0.320949964336317	myoclonic dystonia 11;myoclonus-dystonia syndrome	AD	Definitive;Strong;Supportive	11528394;15258227;15728306;16099459;16227522;17853490;18205193;19066193;NULL	8910	HGNC:10808	604149	Dystonia-11, myoclonic, 159900 (3) AD	AD	yes		2	2.3761e-02	1.3863e-03			full=4
7_94228057_94230141_DEL_1	7	94228057	94230141	-2085	CNV090	DEL	NA	full	q21.3	SGCE	CASD1	PEG10	1																															dbVar:nssv15777247;dbVar:nssv15168013;dbVar:nssv15161666;nssv15161679;dbVar:nssv15168014;dbVar:nssv16867381	7:10366-159119707;7:10705-159122532;7:43362-159119707;7:44936-159126310;7:87477186-100333327	0.00;0.00;0.00;0.00;0.02	Dystonia-11, myoclonic, 159900 (3) AD		dbVar:nssv15161318;dbVar:nssv15139860;dbVar:nssv15138208;dbVar:nssv15143221;dbVar:nssv18330238;dbVar:nssv15128924;dbVar:nssv15151513;dbVar:nssv16216888;dbVar:nssv15167795;dbVar:nssv15131649;dbVar:nssv15149467;morbid:SGCE;HI3:SGCE;dbVar:nssv17172890;dbVar:nssv15129306	7:54186-159075079;7:83631951-94858195;7:92388459-97197958;7:92445453-99686985;7:92721628-98311537;7:92916553-94959433;7:93285238-96280817;7:93516133-95668733;7:93700163-96950914;7:94024325-94285430;7:94129827-94844077;7:94214292-94285445;7:94214293-94285445;7:94228082-94232770;7:94228088-94232764	0.00;0.02;0.04;0.03;0.04;0.10;0.07;0.10;0.06;0.80;0.29;2.93;2.93;43.93;43.92	23	Inborn_genetic_diseases;Myoclonic_dystonia_11										IMH	7:66631329-143298938;7:67635774-98083201;7:76724496-102417118;7:94121577-144414055	0.5000									0.340	0.370														3		13.27	-0.600395797653513	1.06674128351518	0.420327268868681	-0.0882142836655458	0.320949964336317							604149			yes		2	2.3761e-02	1.3863e-03	0.9	1A (cf Gene_count, RE_gene, +0.00);2E-1 (SGCE, +0.90);3A (1 gene, +0.00);5F (+0.00)	4
7_94228057_94230141_DEL_1	7	94228057	94230141	-2085	CNV090	DEL	NA	split	q21.3	SGCE				NM_001099401	2	94214291	94285445	2085	400	28	yes	12	exon7-intron9	CDS	28	3'	94228056	94230141																								23	Inborn_genetic_diseases;Myoclonic_dystonia_11										IMH	7:66631329-143298938;7:67635774-98083201;7:76724496-102417118;7:94121577-144414055	0.5000																								3	0	13.27	-0.600395797653513	1.06674128351518	0.420327268868681	-0.0882142836655458	0.320949964336317	myoclonic dystonia 11;myoclonus-dystonia syndrome	AD	Definitive;Strong;Supportive	11528394;15258227;15728306;16099459;16227522;17853490;18205193;19066193;NULL	8910	HGNC:10808	604149	Dystonia-11, myoclonic, 159900 (3) AD	AD	yes		2	2.3761e-02	1.3863e-03			full=4
8_38107219_38112943_DEL_1	8	38107219	38112943	-5725	CNV005	DEL	NA	full	p11.23	DDHD2	BAG4	PLPP5	1																ADAM9 (morbid/RE=EA_enhancer);ERLIN2 (morbid/RE=EA_enhancer);FGFR1 (HI=3/morbid/RE=EA_enhancer);STAR (morbid/RE=EA_enhancer)															dbVar:nssv15169207;dbVar:nssv15128680;dbVar:nssv15161801;nssv15777239;nssv17976962;dbVar:nssv15161417;nssv15161657;dbVar:nssv15161846;dbVar:nssv15127651;dbVar:nssv15169210;dbVar:nssv15161105;dbVar:nssv16736635;dbVar:nssv15161269;dbVar:nssv15161748;dbVar:nssv15161087;dbVar:nssv15161089;dbVar:nssv15149889;dbVar:nssv15147361;dbVar:nssv15147299;dbVar:nssv15146164;nssv15148289;dbVar:nssv15146540;dbVar:nssv15147311;dbVar:nssv15161426;dbVar:nssv15148249;dbVar:nssv15145944;dbVar:nssv15149900;dbVar:nssv15129715;dbVar:nssv15149649;dbVar:nssv15148087;dbVar:nssv15146340;dbVar:nssv15145668;nssv15148288;dbVar:nssv15147498;dbVar:nssv15146476;dbVar:nssv15146477;dbVar:nssv15161357;dbVar:nssv15132076;dbVar:nssv15132643;dbVar:nssv15153727;dbVar:nssv15777249;dbVar:nssv15128918;dbVar:nssv15147495;dbVar:nssv18842077;dbVar:nssv15121963	8:10214-146293414;8:13939-146304022;8:158049-146295771;8:158050-146295771;8:158992-146280828;8:163683-46938942;8:164985-146293414;8:176453-146294098;8:176815-43396776;8:191531-146274835;8:191531-146280020;8:191606-146280167;8:6999220-38553064;8:11935024-43824035;8:12039931-43528350;8:12241094-43528350;8:12467485-41943221;8:12467485-43191315;8:12467485-43528350;8:12491000-146295771;8:12491000-40543052;8:12503633-43541986;8:12528483-39593802;8:12535866-41717221;8:12580133-43388233;8:12586414-40026713;8:12586414-41786259;8:12586414-43528350;8:12586533-39093453;8:12608306-43387587;8:14797620-48842485;8:21149034-146295771;8:25689647-49434409;8:29577414-49434409;8:31352499-41481295;8:31936552-146295771;8:33845066-46938942;8:36437622-60531557;8:36763177-50929707;8:37756949-42229252	0.00;0.00;0.00;0.00;0.00;0.01;0.00;0.00;0.01;0.00;0.00;0.00;0.02;0.02;0.02;0.02;0.02;0.02;0.02;0.00;0.02;0.02;0.02;0.02;0.02;0.02;0.02;0.02;0.02;0.02;0.02;0.00;0.02;0.03;0.06;0.01;0.04;0.02;0.04;0.13	Spastic paraplegia 54, AR, 615033 (3) AR		dbVar:nssv18330735;dbVar:nssv15135095;dbVar:nssv15132279;dbVar:nssv15125997;dbVar:nssv17970285;dbVar:nssv17971065;nssv17972200;dbVar:nssv18841851;dbVar:nssv15136571;dbVar:nssv15132841;morbid:DDHD2;dbVar:nssv17173277	8:26808970-38346383;8:29219615-40089227;8:34169769-43014044;8:37309454-46938942;8:37566389-38802788;8:37595442-38961219;8:37672163-38386407;8:37903881-39029772;8:37923446-40199169;8:38089471-38120354;8:38090514-38117639	0.05;0.05;0.06;0.06;0.46;0.42;0.80;0.51;0.25;18.54;21.11	6	Generalized_epilepsy;Global_developmental_delay;Hereditary_spastic_paraplegia;Hereditary_spastic_paraplegia_54;Inborn_genetic_diseases;Obesity																					0.385	0.315			8:38112837-38112914	L4												38.25	0.111057472253363	0.307046945852328	0.296075521474757	-0.0699472297252132	-0.135694149227482							615003			yes		4	1.4321e-10	3.0964e-08	0.9	1A (cf Gene_count, RE_gene, +0.00);2E-1 (DDHD2, +0.90);3A (1 gene, +0.00);5F (+0.00)	4
8_38107219_38112943_DEL_1	8	38107219	38112943	-5725	CNV005	DEL	NA	split	p11.23	DDHD2				NM_001362911	2	38089102	38120285	5725	806	37	yes	18	intron10-intron16	CDS	7	3'	38107218	38112943																								6	Generalized_epilepsy;Global_developmental_delay;Hereditary_spastic_paraplegia;Hereditary_spastic_paraplegia_54;Inborn_genetic_diseases;Obesity																																						38.25	0.111057472253363	0.307046945852328	0.296075521474757	-0.0699472297252132	-0.135694149227482	hereditary spastic paraplegia 54	AR	Strong;Supportive	23176823;23176823[PMID];23486545	23259	HGNC:29106	615003	Spastic paraplegia 54, AR, 615033 (3) AR	AR	yes		4	1.4321e-10	3.0964e-08			full=4
8_38107219_38112943_DEL_1	8	38107219	38112943	-5725	CNV091	DEL	NA	full	p11.23	DDHD2	BAG4	PLPP5	1																ADAM9 (morbid/RE=EA_enhancer);ERLIN2 (morbid/RE=EA_enhancer);FGFR1 (HI=3/morbid/RE=EA_enhancer);STAR (morbid/RE=EA_enhancer)															dbVar:nssv15169207;dbVar:nssv15128680;dbVar:nssv15161801;nssv15777239;nssv17976962;dbVar:nssv15161417;nssv15161657;dbVar:nssv15161846;dbVar:nssv15127651;dbVar:nssv15169210;dbVar:nssv15161105;dbVar:nssv16736635;dbVar:nssv15161269;dbVar:nssv15161748;dbVar:nssv15161087;dbVar:nssv15161089;dbVar:nssv15149889;dbVar:nssv15147361;dbVar:nssv15147299;dbVar:nssv15146164;nssv15148289;dbVar:nssv15146540;dbVar:nssv15147311;dbVar:nssv15161426;dbVar:nssv15148249;dbVar:nssv15145944;dbVar:nssv15149900;dbVar:nssv15129715;dbVar:nssv15149649;dbVar:nssv15148087;dbVar:nssv15146340;dbVar:nssv15145668;nssv15148288;dbVar:nssv15147498;dbVar:nssv15146476;dbVar:nssv15146477;dbVar:nssv15161357;dbVar:nssv15132076;dbVar:nssv15132643;dbVar:nssv15153727;dbVar:nssv15777249;dbVar:nssv15128918;dbVar:nssv15147495;dbVar:nssv18842077;dbVar:nssv15121963	8:10214-146293414;8:13939-146304022;8:158049-146295771;8:158050-146295771;8:158992-146280828;8:163683-46938942;8:164985-146293414;8:176453-146294098;8:176815-43396776;8:191531-146274835;8:191531-146280020;8:191606-146280167;8:6999220-38553064;8:11935024-43824035;8:12039931-43528350;8:12241094-43528350;8:12467485-41943221;8:12467485-43191315;8:12467485-43528350;8:12491000-146295771;8:12491000-40543052;8:12503633-43541986;8:12528483-39593802;8:12535866-41717221;8:12580133-43388233;8:12586414-40026713;8:12586414-41786259;8:12586414-43528350;8:12586533-39093453;8:12608306-43387587;8:14797620-48842485;8:21149034-146295771;8:25689647-49434409;8:29577414-49434409;8:31352499-41481295;8:31936552-146295771;8:33845066-46938942;8:36437622-60531557;8:36763177-50929707;8:37756949-42229252	0.00;0.00;0.00;0.00;0.00;0.01;0.00;0.00;0.01;0.00;0.00;0.00;0.02;0.02;0.02;0.02;0.02;0.02;0.02;0.00;0.02;0.02;0.02;0.02;0.02;0.02;0.02;0.02;0.02;0.02;0.02;0.00;0.02;0.03;0.06;0.01;0.04;0.02;0.04;0.13	Spastic paraplegia 54, AR, 615033 (3) AR		dbVar:nssv18330735;dbVar:nssv15135095;dbVar:nssv15132279;dbVar:nssv15125997;dbVar:nssv17970285;dbVar:nssv17971065;nssv17972200;dbVar:nssv18841851;dbVar:nssv15136571;dbVar:nssv15132841;morbid:DDHD2;dbVar:nssv17173277	8:26808970-38346383;8:29219615-40089227;8:34169769-43014044;8:37309454-46938942;8:37566389-38802788;8:37595442-38961219;8:37672163-38386407;8:37903881-39029772;8:37923446-40199169;8:38089471-38120354;8:38090514-38117639	0.05;0.05;0.06;0.06;0.46;0.42;0.80;0.51;0.25;18.54;21.11	6	Generalized_epilepsy;Global_developmental_delay;Hereditary_spastic_paraplegia;Hereditary_spastic_paraplegia_54;Inborn_genetic_diseases;Obesity																					0.385	0.315			8:38112837-38112914	L4												38.25	0.111057472253363	0.307046945852328	0.296075521474757	-0.0699472297252132	-0.135694149227482							615003			yes		4	1.4321e-10	3.0964e-08	0.9	1A (cf Gene_count, RE_gene, +0.00);2E-1 (DDHD2, +0.90);3A (1 gene, +0.00);5F (+0.00)	4
8_38107219_38112943_DEL_1	8	38107219	38112943	-5725	CNV091	DEL	NA	split	p11.23	DDHD2				NM_001362911	2	38089102	38120285	5725	806	37	yes	18	intron10-intron16	CDS	7	3'	38107218	38112943																								6	Generalized_epilepsy;Global_developmental_delay;Hereditary_spastic_paraplegia;Hereditary_spastic_paraplegia_54;Inborn_genetic_diseases;Obesity																																						38.25	0.111057472253363	0.307046945852328	0.296075521474757	-0.0699472297252132	-0.135694149227482	hereditary spastic paraplegia 54	AR	Strong;Supportive	23176823;23176823[PMID];23486545	23259	HGNC:29106	615003	Spastic paraplegia 54, AR, 615033 (3) AR	AR	yes		4	1.4321e-10	3.0964e-08			full=4
9_131590849_131591600_DEL_1	9	131590849	131591600	-752	CNV131	DEL	NA	full	q34.11	SPOUT1;KYAT1-SPOUT1	ENDOG	KYAT1	2																COQ4 (morbid/RE=EA_enhancer);DNM1 (morbid/RE=EA_enhancer);DOLK (morbid/RE=EA_enhancer);DPM2 (morbid/RE=EA_enhancer);ENG (HI=3/morbid/RE=EA_enhancer);GLE1 (morbid/RE=EA_enhancer);GOLGA2 (morbid/RE=EA_enhancer);NUP188 (morbid/RE=EA_enhancer);SET (HI=3/morbid/RE=EA_enhancer);SLC27A4 (morbid/RE=EA_enhancer);SPTAN1 (morbid/RE=EA_enhancer)															dbVar:nssv15169725;dbVar:nssv15168486;dbVar:nssv15168487;dbVar:nssv15128159;dbVar:nssv15168488;dbVar:nssv15150554;dbVar:nssv15146972;dbVar:nssv18326363;dbVar:nssv15777263;dbVar:nssv15148176;dbVar:nssv15146780;nssv15152141;dbVar:nssv15147470;dbVar:nssv15145918;dbVar:nssv15146171;nssv15147961;nssv15148277;dbVar:nssv15146549;dbVar:nssv17970351;dbVar:nssv15147428;dbVar:nssv15153083;dbVar:nssv15775708;dbVar:nssv17969367;dbVar:nssv15128892;dbVar:nssv15148019;dbVar:nssv15146330;dbVar:nssv15150481;dbVar:nssv15145674;dbVar:nssv17956933;dbVar:nssv15148776;dbVar:nssv15134456	9:10591-141107672;9:10591-141114095;9:10591-141122247;9:12935-141153431;9:46588-141066491;9:62526-141006407;9:163132-141122114;9:203862-131603223;9:203862-141020388;9:203862-141020389;9:203863-141020389;9:204091-141018976;9:204105-141053525;9:204194-141073897;9:214368-141008915;9:353350-141020389;9:68420642-141053525;9:71069744-140999928;9:71416476-141020389;9:116422276-131713233;9:122644899-141012393;9:123835381-141073897;9:123874674-140969676;9:124642755-141146461;9:125554938-141018984;9:128523764-132604808;9:128652786-141044751;9:130681756-132842253	0.00;0.00;0.00;0.00;0.00;0.00;0.00;0.00;0.00;0.00;0.00;0.00;0.00;0.00;0.00;0.00;0.00;0.00;0.00;0.00;0.00;0.00;0.00;0.00;0.00;0.02;0.01;0.03	Neurodevelopmental disorder with poor growth, seizures, and brain abnormalities, 621154 (3) AR		dbVar:nssv15134340;dbVar:nssv15169502;dbVar:nssv17969384;dbVar:nssv15132930;dbVar:nssv15129683;dbVar:nssv15126493;dbVar:nssv16208259;dbVar:nssv15136906;morbid:SPOUT1	9:128755863-132444654;9:129370441-133866894;9:130390140-132760275;9:130636861-133297198;9:130833677-131857181;9:130893685-132554593;9:130957345-132310210;9:130998627-131674346;9:131581930-131592073	0.02;0.02;0.03;0.03;0.07;0.05;0.06;0.11;7.41																							0.455	0.600	9:131590493-131590798;9:131590862-131590945	AluSx;MIR3	9:131591575-131591664	L2a																								617614			yes					0.9	1A (cf Gene_count, RE_gene, +0.00);2E-1 (SPOUT1, +0.90);3A (2 genes, +0.00);5F (+0.00)	4
9_131590849_131591600_DEL_1	9	131590849	131591600	-752	CNV131	DEL	NA	split	q34.11	SPOUT1				NM_016390	4	131581929	131592073	752	172	15	yes	12	intron1-intron3	CDS	165	5'	131590848	131591600																																																																					complex neurodevelopmental disorder	AR	Limited		51490	HGNC:26933	617614	Neurodevelopmental disorder with poor growth, seizures, and brain abnormalities, 621154 (3) AR	AR	yes							full=4
9_131590849_131591600_DEL_1	9	131590849	131591600	-752	CNV131	DEL	NA	split	q34.11	KYAT1-SPOUT1				NM_001414398	1	131581929	131644229	752	172	6	yes	23	intron12-intron14	CDS	165	5'	131590848	131591600																																																																																					full=4
16_8997247_9004925_DEL_1	16	8997247	9004925	-7679	CNV134	DEL	NA	full	p13.2	USP7	LITAFD	USP7-AS1	1																ABAT (morbid/RE=EA_enhancer);PMM2 (morbid/RE=EA_enhancer)															dbVar:nssv15158812;dbVar:nssv15148703;dbVar:nssv15147067;dbVar:nssv15148669;dbVar:nssv15152396;dbVar:nssv15150758;dbVar:nssv15149904;dbVar:nssv15149503;dbVar:nssv15150639;nssv15151292;dbVar:nssv15158813;dbVar:nssv15158224;dbVar:nssv15147425;dbVar:nssv15147959;dbVar:nssv8639650;dbVar:nssv15146792;dbVar:nssv16254749;dbVar:nssv18330738;dbVar:nssv15147962;dbVar:nssv17977037;dbVar:nssv16216874;dbVar:nssv18789619	16:61452-90294632;16:69194-90274381;16:73142-11390552;16:78802-9169448;16:85881-11209288;16:85881-19806921;16:85881-22442007;16:85881-9883129;16:85882-90155062;16:88166-90163275;16:88166-90274695;16:93733-13420663;16:96767-11619372;16:102840-28327676;16:716663-15836961;16:2959280-30190593;16:4380768-30445350;16:4694894-29182141;16:5381585-10067952;16:5805002-34230001;16:9002179-9024274	0.01;0.01;0.07;0.08;0.07;0.04;0.03;0.08;0.01;0.01;0.01;0.06;0.07;0.03;0.05;0.03;0.03;0.03;0.16;0.03;12.43	Hao-Fountain syndrome, 616863 (3) AD		dbVar:nssv18792887;dbVar:nssv15605789;morbid:USP7;HI3:USP7	16:8160555-9074348;16:8839797-9728670;16:8985954-9057763;16:8985955-9057763	0.84;0.86;10.69;10.69	2	Hao-Fountain_syndrome_due_to_USP7_mutation				dbVar	chr16:8971192-9029638	0.01														chr16:8971192-9029638 dbVar	0.390	0.390														3		6.46	1.07646698053856	-2.16344379599169	-1.31897268333609	-0.901410318954274	6.20422785851026							602519			yes		0	1.0000e+00	1.0000e+00	0.45	1A (cf Gene_count, RE_gene, +0.00);2E-2 (USP7, +0.45);3A (1 gene, +0.00);5F (+0.00)	3
16_8997247_9004925_DEL_1	16	8997247	9004925	-7679	CNV134	DEL	NA	split	p13.2	USP7				NM_001286457	2	8985953	9030496	7679	639	19	no	31	intron10-exon16	CDS	13	3'	8997246	9004925																								2	Hao-Fountain_syndrome_due_to_USP7_mutation				dbVar	chr16:8971192-9029638	0.01																														3	0	6.46	1.07646698053856	-2.16344379599169	-1.31897268333609	-0.901410318954274	6.20422785851026	Hao-Fountain syndrome	AD	Definitive;Strong	23452853;26365382;30679821	7874	HGNC:12630	602519	Hao-Fountain syndrome, 616863 (3) AD	AD	yes		0	1.0000e+00	1.0000e+00			full=3
2_238272947_238280992_DEL_1	2	238272947	238280992	-8046	CNV023	DEL	NA	full	q37.3	COL6A3	COPS8	MLPH	1																															dbVar:nssv17976961;dbVar:nssv15161685;nssv15161863;dbVar:nssv15174359;dbVar:nssv15174602;dbVar:nssv16254741;dbVar:nssv15147151;dbVar:nssv15148951;dbVar:nssv15145778;dbVar:nssv15755822;dbVar:nssv15147318;dbVar:nssv15151201;dbVar:nssv15146760;dbVar:nssv15152722;dbVar:nssv15150370;dbVar:nssv15121191;dbVar:nssv15133134;dbVar:nssv16208707;dbVar:nssv15152715;dbVar:nssv15134347;dbVar:nssv15120707;dbVar:nssv16206619	2:2-243199373;2:12772-242783384;2:14239-243048760;2:15673-243101834;2:178397960-243007457;2:189682922-243007359;2:190300876-242783384;2:191175463-242834921;2:210779658-239879183;2:211444401-243059659;2:213518432-242783384;2:218966483-243059659;2:219225873-242016876;2:222077225-239394441;2:228667865-243028452;2:229588296-242344282;2:230814691-242783384;2:234716426-242783384;2:236177413-243059659;2:236472309-243028452;2:237265272-242783384	0.00;0.00;0.00;0.00;0.01;0.02;0.02;0.02;0.03;0.03;0.03;0.03;0.04;0.05;0.06;0.06;0.07;0.10;0.12;0.12;0.15	Bethlem myopathy 1C, 620726 (3) AD,AR;Dystonia 27, 616411 (3) AR;Ullrich congenital muscular dystrophy 1C, 620728 (3) AD,AR		dbVar:nssv15124851;dbVar:nssv17969813;dbVar:nssv15132233;nssv15140017;dbVar:nssv16296940;dbVar:nssv17976876;dbVar:nssv15139807;dbVar:nssv15126959;dbVar:nssv15121136;dbVar:nssv16208708;dbVar:nssv15120661;dbVar:nssv15151248;dbVar:nssv16208710;dbVar:nssv15134958;dbVar:nssv15138347;dbVar:nssv15121139;dbVar:nssv15132363;dbVar:nssv15143579;dbVar:nssv15121140;dbVar:nssv15134903;dbVar:nssv15152714;dbVar:nssv15122404;dbVar:nssv18330764;dbVar:nssv16208713;dbVar:nssv15133611;dbVar:nssv18789800;dbVar:nssv17976877;dbVar:nssv15135044;dbVar:nssv15120667;dbVar:nssv15134586;dbVar:nssv15138190;dbVar:nssv18330207;dbVar:nssv15605954;dbVar:nssv16865882;dbVar:nssv15137653;dbVar:nssv15132686;dbVar:nssv15152819;dbVar:nssv17171490;dbVar:nssv17956673;dbVar:nssv15151353;dbVar:nssv17976287;dbVar:nssv15136836;dbVar:nssv15133934;dbVar:nssv15133750;dbVar:nssv15163370;dbVar:nssv15134792;dbVar:nssv17970645;nssv18787084;dbVar:nssv15153009;morbid:COL6A3	2:50886433-243102476;2:219606538-239217703;2:232634990-243059659;2:233110453-243028452;2:233227838-242783384;2:233784244-243040217;2:233891214-243068334;2:233995841-243028452;2:234090050-239494702;2:234362258-243041306;2:234495263-242783384;2:234791928-242783384;2:234967402-240365384;2:235068298-242783384;2:235081181-243028452;2:235254487-243059659;2:235539338-242783384;2:235576804-243059659;2:235744425-243007359;2:235790257-242783384;2:235937074-243008259;2:235942617-242783384;2:236172349-241611309;2:236177413-243007359;2:236403332-242801596;2:236472790-242783384;2:236512249-242710466;2:236649724-242974607;2:236665743-240365384;2:236755561-242783384;2:236878510-242783384;2:237028694-242708080;2:237201757-243048760;2:237322366-243059659;2:237463877-243059659;2:237480049-241611309;2:237481971-238305470;2:237499042-242783384;2:237545101-242783384;2:237619066-243048655;2:237684406-243059659;2:237875407-243007359;2:237943120-243007359;2:238037760-243101834;2:238140848-243007359;2:238233418-242801596;2:238271391-238280801;2:238280260-238322807	0.00;0.04;0.08;0.08;0.08;0.09;0.09;0.09;0.15;0.09;0.10;0.10;0.15;0.10;0.10;0.10;0.11;0.11;0.11;0.12;0.11;0.12;0.15;0.12;0.13;0.13;0.13;0.13;0.22;0.13;0.14;0.14;0.14;0.14;0.14;0.19;0.98;0.15;0.15;0.15;0.15;0.16;0.16;0.16;0.17;0.18;83.47;1.72	15	Bethlem_myopathy_1A;Bethlem_myopathy_1C																					0.550	0.525																57.76				0.266098854976142	-0.301353679893602							120250			yes		2	1.8131e-20	7.7933e-11	0.45	1A (cf Gene_count, RE_gene, +0.00);2E-2 (COL6A3, +0.45);3A (1 gene, +0.00);5F (+0.00)	3
2_238272947_238280992_DEL_1	2	238272947	238280992	-8046	CNV023	DEL	NA	split	q37.3	COL6A3				NM_004369	4	238232660	238322807	8046	2238	23	no	44	intron8-intron13	CDS	12	3'	238272946	238280992																								15	Bethlem_myopathy_1A;Bethlem_myopathy_1C																																						57.76				0.266098854976142	-0.301353679893602	Bethlem myopathy;Bethlem myopathy 1A;Ullrich congenital muscular dystrophy;Ullrich congenital muscular dystrophy 1A;collagen 6-related myopathy;dystonia 27	AD;AR;sD	Definitive;Disputed Evidence;Limited;Strong;Supportive	17886299;18366090[PMID]_20301676[PMID];20301676[PMID];21280092;24038877;26004199;26004199[PMID];26872670;32037012	1293	HGNC:2213	120250	Bethlem myopathy 1C, 620726 (3) AD,AR;Dystonia 27, 616411 (3) AR;Ullrich congenital muscular dystrophy 1C, 620728 (3) AD,AR	AD,AR;AR	yes		2	1.8131e-20	7.7933e-11			full=3
2_238272947_238280992_DEL_1	2	238272947	238280992	-8046	CNV110	DEL	NA	full	q37.3	COL6A3	COPS8	MLPH	1																															dbVar:nssv17976961;dbVar:nssv15161685;nssv15161863;dbVar:nssv15174359;dbVar:nssv15174602;dbVar:nssv16254741;dbVar:nssv15147151;dbVar:nssv15148951;dbVar:nssv15145778;dbVar:nssv15755822;dbVar:nssv15147318;dbVar:nssv15151201;dbVar:nssv15146760;dbVar:nssv15152722;dbVar:nssv15150370;dbVar:nssv15121191;dbVar:nssv15133134;dbVar:nssv16208707;dbVar:nssv15152715;dbVar:nssv15134347;dbVar:nssv15120707;dbVar:nssv16206619	2:2-243199373;2:12772-242783384;2:14239-243048760;2:15673-243101834;2:178397960-243007457;2:189682922-243007359;2:190300876-242783384;2:191175463-242834921;2:210779658-239879183;2:211444401-243059659;2:213518432-242783384;2:218966483-243059659;2:219225873-242016876;2:222077225-239394441;2:228667865-243028452;2:229588296-242344282;2:230814691-242783384;2:234716426-242783384;2:236177413-243059659;2:236472309-243028452;2:237265272-242783384	0.00;0.00;0.00;0.00;0.01;0.02;0.02;0.02;0.03;0.03;0.03;0.03;0.04;0.05;0.06;0.06;0.07;0.10;0.12;0.12;0.15	Bethlem myopathy 1C, 620726 (3) AD,AR;Dystonia 27, 616411 (3) AR;Ullrich congenital muscular dystrophy 1C, 620728 (3) AD,AR		dbVar:nssv15124851;dbVar:nssv17969813;dbVar:nssv15132233;nssv15140017;dbVar:nssv16296940;dbVar:nssv17976876;dbVar:nssv15139807;dbVar:nssv15126959;dbVar:nssv15121136;dbVar:nssv16208708;dbVar:nssv15120661;dbVar:nssv15151248;dbVar:nssv16208710;dbVar:nssv15134958;dbVar:nssv15138347;dbVar:nssv15121139;dbVar:nssv15132363;dbVar:nssv15143579;dbVar:nssv15121140;dbVar:nssv15134903;dbVar:nssv15152714;dbVar:nssv15122404;dbVar:nssv18330764;dbVar:nssv16208713;dbVar:nssv15133611;dbVar:nssv18789800;dbVar:nssv17976877;dbVar:nssv15135044;dbVar:nssv15120667;dbVar:nssv15134586;dbVar:nssv15138190;dbVar:nssv18330207;dbVar:nssv15605954;dbVar:nssv16865882;dbVar:nssv15137653;dbVar:nssv15132686;dbVar:nssv15152819;dbVar:nssv17171490;dbVar:nssv17956673;dbVar:nssv15151353;dbVar:nssv17976287;dbVar:nssv15136836;dbVar:nssv15133934;dbVar:nssv15133750;dbVar:nssv15163370;dbVar:nssv15134792;dbVar:nssv17970645;nssv18787084;dbVar:nssv15153009;morbid:COL6A3	2:50886433-243102476;2:219606538-239217703;2:232634990-243059659;2:233110453-243028452;2:233227838-242783384;2:233784244-243040217;2:233891214-243068334;2:233995841-243028452;2:234090050-239494702;2:234362258-243041306;2:234495263-242783384;2:234791928-242783384;2:234967402-240365384;2:235068298-242783384;2:235081181-243028452;2:235254487-243059659;2:235539338-242783384;2:235576804-243059659;2:235744425-243007359;2:235790257-242783384;2:235937074-243008259;2:235942617-242783384;2:236172349-241611309;2:236177413-243007359;2:236403332-242801596;2:236472790-242783384;2:236512249-242710466;2:236649724-242974607;2:236665743-240365384;2:236755561-242783384;2:236878510-242783384;2:237028694-242708080;2:237201757-243048760;2:237322366-243059659;2:237463877-243059659;2:237480049-241611309;2:237481971-238305470;2:237499042-242783384;2:237545101-242783384;2:237619066-243048655;2:237684406-243059659;2:237875407-243007359;2:237943120-243007359;2:238037760-243101834;2:238140848-243007359;2:238233418-242801596;2:238271391-238280801;2:238280260-238322807	0.00;0.04;0.08;0.08;0.08;0.09;0.09;0.09;0.15;0.09;0.10;0.10;0.15;0.10;0.10;0.10;0.11;0.11;0.11;0.12;0.11;0.12;0.15;0.12;0.13;0.13;0.13;0.13;0.22;0.13;0.14;0.14;0.14;0.14;0.14;0.19;0.98;0.15;0.15;0.15;0.15;0.16;0.16;0.16;0.17;0.18;83.47;1.72	15	Bethlem_myopathy_1A;Bethlem_myopathy_1C																					0.550	0.525																57.76				0.266098854976142	-0.301353679893602							120250			yes		2	1.8131e-20	7.7933e-11	0.45	1A (cf Gene_count, RE_gene, +0.00);2E-2 (COL6A3, +0.45);3A (1 gene, +0.00);5F (+0.00)	3
2_238272947_238280992_DEL_1	2	238272947	238280992	-8046	CNV110	DEL	NA	split	q37.3	COL6A3				NM_004369	4	238232660	238322807	8046	2238	23	no	44	intron8-intron13	CDS	12	3'	238272946	238280992																								15	Bethlem_myopathy_1A;Bethlem_myopathy_1C																																						57.76				0.266098854976142	-0.301353679893602	Bethlem myopathy;Bethlem myopathy 1A;Ullrich congenital muscular dystrophy;Ullrich congenital muscular dystrophy 1A;collagen 6-related myopathy;dystonia 27	AD;AR;sD	Definitive;Disputed Evidence;Limited;Strong;Supportive	17886299;18366090[PMID]_20301676[PMID];20301676[PMID];21280092;24038877;26004199;26004199[PMID];26872670;32037012	1293	HGNC:2213	120250	Bethlem myopathy 1C, 620726 (3) AD,AR;Dystonia 27, 616411 (3) AR;Ullrich congenital muscular dystrophy 1C, 620728 (3) AD,AR	AD,AR;AR	yes		2	1.8131e-20	7.7933e-11			full=3
7_70204489_70236787_DUP_1	7	70204489	70236787	32299	CNV133	DUP	NA	full	q11.22	AUTS2	CT66	GALNT17	1																							CLN:2874520	7:70231161-70232011							dbVar:nssv15777247;dbVar:nssv15168013;dbVar:nssv15161666;nssv15161679;dbVar:nssv15168014;dbVar:nssv15146013	7:10366-159119707;7:10705-159122532;7:43362-159119707;7:44936-159126310;7:62437464-75044630	0.02;0.02;0.02;0.02;0.26	Intellectual developmental disorder, AD 26, 615834 (3) AD		dbVar:nssv15161318;dbVar:nssv15148211;dbVar:nssv15150234;dbVar:nssv15145654;dbVar:nssv15153680;dbVar:nssv15147057;dbVar:nssv15147200;dbVar:nssv16255682;morbid:AUTS2;HI3:AUTS2;dbVar:nssv18786776;dbVar:nssv17970221;dbVar:nssv15141718;dbVar:nssv16216843;dbVar:nssv16865896;dbVar:nssv15120002;dbVar:nssv15122020;dbVar:nssv8639546;dbVar:nssv15122021;dbVar:nssv15125176;dbVar:nssv16255679;dbVar:nssv16255773;dbVar:nssv15142775;dbVar:nssv15154477;dbVar:nssv18786778;dbVar:nssv15154467;dbVar:nssv15136888;dbVar:nssv17683622;nssv17171535;dbVar:nssv8639881	7:54186-159075079;7:62196743-75061986;7:63583564-71047246;7:64117429-71708048;7:67638835-71764461;7:68133295-72806397;7:68847340-77453149;7:68977231-73939510;7:69063461-70258492;7:69063462-70258492;7:69064641-70255982;7:69250059-71604236;7:69351194-70257735;7:69404787-70206198;7:69900769-70227855;7:69900769-70233009;7:69939571-70245396;7:69955483-70217682;7:69969632-70204548;7:69985844-70228020;7:70033049-70217631;7:70138877-70223604;7:70145925-70236757;7:70147872-70249445;7:70163536-70255982;7:70188375-70236724;7:70189901-70220746;7:70227857-70242160;7:70236724-72383418	0.02;0.25;0.43;0.43;0.78;0.69;0.38;0.65;2.70;2.70;2.71;1.37;3.56;0.21;7.14;8.58;10.56;5.03;0.03;9.72;7.12;22.56;35.53;31.80;34.94;66.67;52.71;62.44;0.00	22	AUTS2-related_disorder;Autism_spectrum_disorder_due_to_AUTS2_deficiency;Developmental_disorder;Inborn_genetic_diseases;Intellectual_disability										IMH	7:66458839-72301811;7:66631329-143298938;7:66650816-72091235;7:66670098-72071808;7:66670254-72071830;7:66718609-72026447;7:66724420-72020381;7:67635774-98083201	0.5000							chr7:70215350-70216879 dbVar;	chr7:70207729-70207804 dbVar;chr7:70221230-70221528 dbVar	0.420	0.400	7:70204333-70204465	FLAM_C												3		0.51	0.76814238887802	-2.53125239294469	-1.94724743724749	0.397477283895388	3.37544108843043							607270			yes		0	9.9934e-01	9.9619e-01	0.45	1A (cf Gene_count, RE_gene, +0.00);2I-1 (AUTS2, +0.45);2B (cf po_P_gain_source, TS, OMIM_morbid, +0.00);3A (1 gene, +0.00);5F (+0.00)	3
7_70204489_70236787_DUP_1	7	70204489	70236787	32299	CNV133	DUP	NA	split	q11.22	AUTS2				NM_001127231	3	69063460	70258492	32299	1088	29	yes	18	intron6-intron11	CDS	157	5'	70204488	70236787								CLN:2874520	7:70231161-70232011															22	AUTS2-related_disorder;Autism_spectrum_disorder_due_to_AUTS2_deficiency;Developmental_disorder;Inborn_genetic_diseases;Intellectual_disability										IMH	7:66458839-72301811;7:66631329-143298938;7:66650816-72091235;7:66670098-72071808;7:66670254-72071830;7:66718609-72026447;7:66724420-72020381;7:67635774-98083201	0.5000																								3	0	0.51	0.76814238887802	-2.53125239294469	-1.94724743724749	0.397477283895388	3.37544108843043	autism spectrum disorder due to AUTS2 deficiency;syndromic intellectual disability	AD	Definitive;Strong;Supportive	23332918;23332918[PMID];24776741;25205402;27075013;34573342;35032046;35802027	26053	HGNC:14262	607270	Intellectual developmental disorder, AD 26, 615834 (3) AD	AD	yes		0	9.9934e-01	9.9619e-01			full=3
9_131587669_131589923_DUP_1	9	131587669	131589923	2255	CNV130	DUP	NA	full	q34.11	SPOUT1;KYAT1-SPOUT1	ENDOG	KYAT1	2																COQ4 (morbid/RE=EA_enhancer);DNM1 (morbid/RE=EA_enhancer);DOLK (morbid/RE=EA_enhancer);DPM2 (morbid/RE=EA_enhancer);ENG (HI=3/morbid/RE=EA_enhancer);GLE1 (morbid/RE=EA_enhancer);GOLGA2 (morbid/RE=EA_enhancer);NUP188 (morbid/RE=EA_enhancer);SET (HI=3/morbid/RE=EA_enhancer);SLC27A4 (morbid/RE=EA_enhancer);SPTAN1 (morbid/RE=EA_enhancer)															dbVar:nssv15169725;dbVar:nssv15168486;dbVar:nssv15168487;dbVar:nssv15128159;dbVar:nssv15168488;dbVar:nssv15150554;dbVar:nssv15146972;dbVar:nssv18326363;dbVar:nssv15777263;dbVar:nssv15148176;dbVar:nssv15146780;nssv15152141;dbVar:nssv15147470;dbVar:nssv15145918;dbVar:nssv15146171;nssv15147961;nssv15148277;dbVar:nssv15146549;dbVar:nssv17970351;dbVar:nssv15147428;dbVar:nssv15153083;dbVar:nssv15775708;dbVar:nssv17969367;dbVar:nssv15128892;dbVar:nssv15148019;dbVar:nssv15146330;dbVar:nssv15150481;dbVar:nssv15145674;dbVar:nssv17956933;dbVar:nssv15148776;dbVar:nssv15134456	9:10591-141107672;9:10591-141114095;9:10591-141122247;9:12935-141153431;9:46588-141066491;9:62526-141006407;9:163132-141122114;9:203862-131603223;9:203862-141020388;9:203862-141020389;9:203863-141020389;9:204091-141018976;9:204105-141053525;9:204194-141073897;9:214368-141008915;9:353350-141020389;9:68420642-141053525;9:71069744-140999928;9:71416476-141020389;9:116422276-131713233;9:122644899-141012393;9:123835381-141073897;9:123874674-140969676;9:124642755-141146461;9:125554938-141018984;9:128523764-132604808;9:128652786-141044751;9:130681756-132842253	0.00;0.00;0.00;0.00;0.00;0.00;0.00;0.00;0.00;0.00;0.00;0.00;0.00;0.00;0.00;0.00;0.00;0.00;0.00;0.01;0.01;0.01;0.01;0.01;0.01;0.06;0.02;0.10	Neurodevelopmental disorder with poor growth, seizures, and brain abnormalities, 621154 (3) AR		dbVar:nssv15134340;dbVar:nssv15169502;dbVar:nssv17969384;dbVar:nssv15132930;dbVar:nssv15129683;dbVar:nssv15126493;dbVar:nssv16208259;dbVar:nssv15136906;morbid:SPOUT1	9:128755863-132444654;9:129370441-133866894;9:130390140-132760275;9:130636861-133297198;9:130833677-131857181;9:130893685-132554593;9:130957345-132310210;9:130998627-131674346;9:131581930-131592073	0.06;0.05;0.10;0.08;0.22;0.14;0.17;0.33;22.23																							0.470	0.550	9:131587605-131587908	AluSz	9:131589835-131589921;9:131589925-131590215	MIR;AluSx																								617614			yes					0.45	1A (cf Gene_count, RE_gene, +0.00);2I-1 (SPOUT1, +0.45);2B (cf po_P_gain_source, TS, OMIM_morbid, +0.00);2L (KYAT1-SPOUT1, +0.00);3A (2 genes, +0.00);5F (+0.00)	3
9_131587669_131589923_DUP_1	9	131587669	131589923	2255	CNV130	DUP	NA	split	q34.11	SPOUT1				NM_016390	4	131581929	131592073	2255	431	38	yes	12	intron3-intron7	CDS	340	3'	131587668	131589923																																																																					complex neurodevelopmental disorder	AR	Limited		51490	HGNC:26933	617614	Neurodevelopmental disorder with poor growth, seizures, and brain abnormalities, 621154 (3) AR	AR	yes							full=3
9_131587669_131589923_DUP_1	9	131587669	131589923	2255	CNV130	DUP	NA	split	q34.11	KYAT1-SPOUT1				NM_001414398	1	131581929	131644229	2255	431	17	yes	23	intron14-intron18	CDS	340	3'	131587668	131589923																																																																																					full=3
15_44887491_44889123_DEL_1	15	44887491	44889123	-1633	CNV039	DEL	NA	full	q21.1	SPG11	EIF3J	PATL2	1																B2M (morbid/RE=ABC_enhancer+EA_enhancer);PATL2 (morbid/RE=ABC_enhancer)															dbVar:nssv15172447;dbVar:nssv15125410;dbVar:nssv15172190;dbVar:nssv15149616;dbVar:nssv15150618;nssv15150717;dbVar:nssv15151655;dbVar:nssv15148445;dbVar:nssv17173090;dbVar:nssv15149824;dbVar:nssv17973691	15:20016812-102493540;15:20063341-102521392;15:20071674-102461162;15:20733396-102511616;15:22770423-102429112;15:31115048-102354857;15:41745085-102354798;15:44881445-44925841;15:44881451-44925835;15:44887438-44891054	0.00;0.00;0.00;0.00;0.00;0.00;0.00;3.68;3.68;45.15	Amyotrophic lateral sclerosis 5, juvenile, 602099 (3) AR;Charcot-Marie-Tooth disease, axonal, type 2X, 616668 (3) AR;Spastic paraplegia 11, AR, 604360 (3) AR		dbVar:nssv15127755;dbVar:nssv15127602;dbVar:nssv15151002;dbVar:nssv17969002;dbVar:nssv15155452;morbid:SPG11;dbVar:nssv18787744;dbVar:nssv17970987;dbVar:nssv15153119;nssv17971155;dbVar:nssv16214629;dbVar:nssv16214615;dbVar:nssv17971178	15:23622527-102521392;15:29209621-102521392;15:41689328-52446981;15:42850435-49592633;15:43759774-53252240;15:44854894-44955860;15:44855320-44952834;15:44864990-44988554;15:44887438-44892850;15:44887448-44892840;15:44887448-44955855;15:44888262-44892850	0.00;0.00;0.02;0.02;0.02;1.62;1.67;1.32;30.17;30.28;2.39;18.78	29	Amyotrophic_lateral_sclerosis_type_5;Charcot-Marie-Tooth_disease_axonal_type_2X;Hereditary_spastic_paraplegia_11;Inborn_genetic_diseases;Juvenile_amyotrophic_lateral_sclerosis										IMH	15:41853704-76553742;15:41861792-76552734;15:41862487-76552776;15:41864025-76552620	0.1277									0.410	0.385																34.24	-0.54306276032742	0.0702498830574831	-0.107233728120229	-1.8432416904893	-2.79720437732755							610844			yes		4	1.6013e-39	2.9120e-22	0.3	1A (cf Gene_count, RE_gene, +0.00);2E-3 (SPG11, +0.30);3A (1 gene, +0.00);5F (+0.00)	3
15_44887491_44889123_DEL_1	15	44887491	44889123	-1633	CNV039	DEL	NA	split	q21.1	SPG11				NM_001160227	2	44854893	44955860	1633	582	8	no	38	exon24-exon26	CDS	18	3'	44887490	44889123																								29	Amyotrophic_lateral_sclerosis_type_5;Charcot-Marie-Tooth_disease_axonal_type_2X;Hereditary_spastic_paraplegia_11;Inborn_genetic_diseases;Juvenile_amyotrophic_lateral_sclerosis										IMH	15:41853704-76553742;15:41861792-76552734;15:41862487-76552776;15:41864025-76552620	0.1277																										34.24	-0.54306276032742	0.0702498830574831	-0.107233728120229	-1.8432416904893	-2.79720437732755	Charcot-Marie-Tooth disease axonal type 2X;amyotrophic lateral sclerosis type 5;hereditary spastic paraplegia 11;juvenile amyotrophic lateral sclerosis	AR	Definitive;Strong;Supportive	17322883;17322884;18079167;19105190;19105190[PMID]_17322883[PMID];20110243;20613862;22154821;22801083;23825025;24085347[PMID]_22154821[PMID]_20110243[PMID];26556829;26556829[PMID];28237315	80208	HGNC:11226	610844	Amyotrophic lateral sclerosis 5, juvenile, 602099 (3) AR;Charcot-Marie-Tooth disease, axonal, type 2X, 616668 (3) AR;Spastic paraplegia 11, AR, 604360 (3) AR	AR	yes		4	1.6013e-39	2.9120e-22			full=3
15_44887491_44889123_DEL_1	15	44887491	44889123	-1633	CNV141	DEL	NA	full	q21.1	SPG11	EIF3J	PATL2	1																B2M (morbid/RE=ABC_enhancer+EA_enhancer);PATL2 (morbid/RE=ABC_enhancer)															dbVar:nssv15172447;dbVar:nssv15125410;dbVar:nssv15172190;dbVar:nssv15149616;dbVar:nssv15150618;nssv15150717;dbVar:nssv15151655;dbVar:nssv15148445;dbVar:nssv17173090;dbVar:nssv15149824;dbVar:nssv17973691	15:20016812-102493540;15:20063341-102521392;15:20071674-102461162;15:20733396-102511616;15:22770423-102429112;15:31115048-102354857;15:41745085-102354798;15:44881445-44925841;15:44881451-44925835;15:44887438-44891054	0.00;0.00;0.00;0.00;0.00;0.00;0.00;3.68;3.68;45.15	Amyotrophic lateral sclerosis 5, juvenile, 602099 (3) AR;Charcot-Marie-Tooth disease, axonal, type 2X, 616668 (3) AR;Spastic paraplegia 11, AR, 604360 (3) AR		dbVar:nssv15127755;dbVar:nssv15127602;dbVar:nssv15151002;dbVar:nssv17969002;dbVar:nssv15155452;morbid:SPG11;dbVar:nssv18787744;dbVar:nssv17970987;dbVar:nssv15153119;nssv17971155;dbVar:nssv16214629;dbVar:nssv16214615;dbVar:nssv17971178	15:23622527-102521392;15:29209621-102521392;15:41689328-52446981;15:42850435-49592633;15:43759774-53252240;15:44854894-44955860;15:44855320-44952834;15:44864990-44988554;15:44887438-44892850;15:44887448-44892840;15:44887448-44955855;15:44888262-44892850	0.00;0.00;0.02;0.02;0.02;1.62;1.67;1.32;30.17;30.28;2.39;18.78	29	Amyotrophic_lateral_sclerosis_type_5;Charcot-Marie-Tooth_disease_axonal_type_2X;Hereditary_spastic_paraplegia_11;Inborn_genetic_diseases;Juvenile_amyotrophic_lateral_sclerosis										IMH	15:41853704-76553742;15:41861792-76552734;15:41862487-76552776;15:41864025-76552620	0.1277									0.410	0.385																34.24	-0.54306276032742	0.0702498830574831	-0.107233728120229	-1.8432416904893	-2.79720437732755							610844			yes		4	1.6013e-39	2.9120e-22	0.3	1A (cf Gene_count, RE_gene, +0.00);2E-3 (SPG11, +0.30);3A (1 gene, +0.00);5F (+0.00)	3
15_44887491_44889123_DEL_1	15	44887491	44889123	-1633	CNV141	DEL	NA	split	q21.1	SPG11				NM_001160227	2	44854893	44955860	1633	582	8	no	38	exon24-exon26	CDS	18	3'	44887490	44889123																								29	Amyotrophic_lateral_sclerosis_type_5;Charcot-Marie-Tooth_disease_axonal_type_2X;Hereditary_spastic_paraplegia_11;Inborn_genetic_diseases;Juvenile_amyotrophic_lateral_sclerosis										IMH	15:41853704-76553742;15:41861792-76552734;15:41862487-76552776;15:41864025-76552620	0.1277																										34.24	-0.54306276032742	0.0702498830574831	-0.107233728120229	-1.8432416904893	-2.79720437732755	Charcot-Marie-Tooth disease axonal type 2X;amyotrophic lateral sclerosis type 5;hereditary spastic paraplegia 11;juvenile amyotrophic lateral sclerosis	AR	Definitive;Strong;Supportive	17322883;17322884;18079167;19105190;19105190[PMID]_17322883[PMID];20110243;20613862;22154821;22801083;23825025;24085347[PMID]_22154821[PMID]_20110243[PMID];26556829;26556829[PMID];28237315	80208	HGNC:11226	610844	Amyotrophic lateral sclerosis 5, juvenile, 602099 (3) AR;Charcot-Marie-Tooth disease, axonal, type 2X, 616668 (3) AR;Spastic paraplegia 11, AR, 604360 (3) AR	AR	yes		4	1.6013e-39	2.9120e-22			full=3
16_89623235_89623441_DEL_1	16	89623235	89623441	-207	CNV015	DEL	NA	full	q24.3	SPG7	LOC101927863	RPL13	1																ANKRD11 (HI=3/morbid/RE=ABC_enhancer);CDK10 (morbid/RE=ABC_enhancer);CHMP1A (morbid/RE=ABC_enhancer);RPL13 (morbid/RE=ABC_enhancer)															dbVar:nssv15158812;dbVar:nssv15148703;dbVar:nssv15150639;nssv15151292;dbVar:nssv15158813;dbVar:nssv15158224;dbVar:nssv15126469;dbVar:nssv17976066;dbVar:nssv15149003;dbVar:nssv15152203;dbVar:nssv15146029;dbVar:nssv15146411;dbVar:nssv15147487;dbVar:nssv15146412;dbVar:nssv15146731;dbVar:nssv18326405;dbVar:nssv15155495;dbVar:nssv15147670;dbVar:nssv15147484;dbVar:nssv15148926;dbVar:nssv15146413;dbVar:nssv15146201;dbVar:nssv15154812;dbVar:nssv15148971;dbVar:nssv17955940;dbVar:nssv15148157;dbVar:nssv15148105;dbVar:nssv15147083;dbVar:nssv15606050;dbVar:nssv15151865;dbVar:nssv15147392;dbVar:nssv15147304;dbVar:nssv15150241;dbVar:nssv15145940;dbVar:nssv15151857;dbVar:nssv15145890;dbVar:nssv15145757	16:61452-90294632;16:69194-90274381;16:85882-90155062;16:88166-90163275;16:88166-90274695;16:31986099-90294753;16:46503969-90155062;16:52933096-90155062;16:57051474-89797669;16:64423282-90148393;16:65347299-90148393;16:65545387-90163403;16:70548535-90148393;16:70783302-90163403;16:71610277-90354753;16:72515939-90155062;16:74872515-90274440;16:75411880-90148400;16:76370101-90155062;16:76907467-90148393;16:78850189-90148393;16:79400437-90155062;16:80101213-90124279;16:80386596-90163348;16:80751189-90163070;16:80980557-90148393;16:82206756-90148393;16:82761334-90055381;16:83001541-90155062;16:83512059-89999318;16:84022176-90148393;16:84937274-89836905;16:85586583-90163403;16:85838575-90155062;16:87881823-90163403;16:87887008-90148393	0.00;0.00;0.00;0.00;0.00;0.00;0.00;0.00;0.00;0.00;0.00;0.00;0.00;0.00;0.00;0.00;0.00;0.00;0.00;0.00;0.00;0.00;0.00;0.00;0.00;0.00;0.00;0.00;0.00;0.00;0.00;0.00;0.00;0.00;0.01;0.01	Spastic paraplegia 7, AR, 607259 (3) AD,AR		dbVar:nssv15147723;dbVar:nssv15147724;morbid:SPG7;dbVar:nssv17650021	16:88635001-89628950;16:89475452-89652148;16:89574811-89624174;16:89620874-89881041	0.02;0.12;0.42;0.08	7	Hereditary_spastic_paraplegia;Hereditary_spastic_paraplegia_7;SPG7-related_disorder;Spastic_ataxia				dbVar	chr16:89599102-89663873	0.01													chr16:89599102-89663873 dbVar	chr16:89599102-89663873 dbVar	0.575	0.630																61.82	-2.62354415217069	-0.917610624604858	-1.84560641646288	-0.619924520476797	0.314255019407682							602783			yes		8	1.9683e-36	1.3847e-18	0.3	1A (cf Gene_count, RE_gene, +0.00);2E-3 (SPG7, +0.30);3A (1 gene, +0.00);5F (+0.00)	3
16_89623235_89623441_DEL_1	16	89623235	89623441	-207	CNV015	DEL	NA	split	q24.3	SPG7				NM_003119	4	89574810	89624174	207	147	6	no	17	intron16-exon17	CDS	60	3'	89623234	89623441																								7	Hereditary_spastic_paraplegia;Hereditary_spastic_paraplegia_7;SPG7-related_disorder;Spastic_ataxia				dbVar	chr16:89599102-89663873	0.01																														30		61.82	-2.62354415217069	-0.917610624604858	-1.84560641646288	-0.619924520476797	0.314255019407682	hereditary spastic paraplegia 7;lateral sclerosis	AD;AR	Definitive;Strong;Supportive	14722615;16357941;17101804;17646629[PMID]_20301286[PMID];20301286;21623769;22571692;22964162;27123479[PMID];602783;9634528;9635427	6687	HGNC:11237	602783	Spastic paraplegia 7, AR, 607259 (3) AD,AR	AD,AR	yes		8	1.9683e-36	1.3847e-18			full=3
16_89623235_89623441_DEL_1	16	89623235	89623441	-207	CNV101	DEL	NA	full	q24.3	SPG7	LOC101927863	RPL13	1																ANKRD11 (HI=3/morbid/RE=ABC_enhancer);CDK10 (morbid/RE=ABC_enhancer);CHMP1A (morbid/RE=ABC_enhancer);RPL13 (morbid/RE=ABC_enhancer)															dbVar:nssv15158812;dbVar:nssv15148703;dbVar:nssv15150639;nssv15151292;dbVar:nssv15158813;dbVar:nssv15158224;dbVar:nssv15126469;dbVar:nssv17976066;dbVar:nssv15149003;dbVar:nssv15152203;dbVar:nssv15146029;dbVar:nssv15146411;dbVar:nssv15147487;dbVar:nssv15146412;dbVar:nssv15146731;dbVar:nssv18326405;dbVar:nssv15155495;dbVar:nssv15147670;dbVar:nssv15147484;dbVar:nssv15148926;dbVar:nssv15146413;dbVar:nssv15146201;dbVar:nssv15154812;dbVar:nssv15148971;dbVar:nssv17955940;dbVar:nssv15148157;dbVar:nssv15148105;dbVar:nssv15147083;dbVar:nssv15606050;dbVar:nssv15151865;dbVar:nssv15147392;dbVar:nssv15147304;dbVar:nssv15150241;dbVar:nssv15145940;dbVar:nssv15151857;dbVar:nssv15145890;dbVar:nssv15145757	16:61452-90294632;16:69194-90274381;16:85882-90155062;16:88166-90163275;16:88166-90274695;16:31986099-90294753;16:46503969-90155062;16:52933096-90155062;16:57051474-89797669;16:64423282-90148393;16:65347299-90148393;16:65545387-90163403;16:70548535-90148393;16:70783302-90163403;16:71610277-90354753;16:72515939-90155062;16:74872515-90274440;16:75411880-90148400;16:76370101-90155062;16:76907467-90148393;16:78850189-90148393;16:79400437-90155062;16:80101213-90124279;16:80386596-90163348;16:80751189-90163070;16:80980557-90148393;16:82206756-90148393;16:82761334-90055381;16:83001541-90155062;16:83512059-89999318;16:84022176-90148393;16:84937274-89836905;16:85586583-90163403;16:85838575-90155062;16:87881823-90163403;16:87887008-90148393	0.00;0.00;0.00;0.00;0.00;0.00;0.00;0.00;0.00;0.00;0.00;0.00;0.00;0.00;0.00;0.00;0.00;0.00;0.00;0.00;0.00;0.00;0.00;0.00;0.00;0.00;0.00;0.00;0.00;0.00;0.00;0.00;0.00;0.00;0.01;0.01	Spastic paraplegia 7, AR, 607259 (3) AD,AR		dbVar:nssv15147723;dbVar:nssv15147724;morbid:SPG7;dbVar:nssv17650021	16:88635001-89628950;16:89475452-89652148;16:89574811-89624174;16:89620874-89881041	0.02;0.12;0.42;0.08	7	Hereditary_spastic_paraplegia;Hereditary_spastic_paraplegia_7;SPG7-related_disorder;Spastic_ataxia				dbVar	chr16:89599102-89663873	0.01													chr16:89599102-89663873 dbVar	chr16:89599102-89663873 dbVar	0.575	0.630																61.82	-2.62354415217069	-0.917610624604858	-1.84560641646288	-0.619924520476797	0.314255019407682							602783			yes		8	1.9683e-36	1.3847e-18	0.3	1A (cf Gene_count, RE_gene, +0.00);2E-3 (SPG7, +0.30);3A (1 gene, +0.00);5F (+0.00)	3
16_89623235_89623441_DEL_1	16	89623235	89623441	-207	CNV101	DEL	NA	split	q24.3	SPG7				NM_003119	4	89574810	89624174	207	147	6	no	17	intron16-exon17	CDS	60	3'	89623234	89623441																								7	Hereditary_spastic_paraplegia;Hereditary_spastic_paraplegia_7;SPG7-related_disorder;Spastic_ataxia				dbVar	chr16:89599102-89663873	0.01																														30		61.82	-2.62354415217069	-0.917610624604858	-1.84560641646288	-0.619924520476797	0.314255019407682	hereditary spastic paraplegia 7;lateral sclerosis	AD;AR	Definitive;Strong;Supportive	14722615;16357941;17101804;17646629[PMID]_20301286[PMID];20301286;21623769;22571692;22964162;27123479[PMID];602783;9634528;9635427	6687	HGNC:11237	602783	Spastic paraplegia 7, AR, 607259 (3) AD,AR	AD,AR	yes		8	1.9683e-36	1.3847e-18			full=3
X_32406606_32415215_DEL_1	X	32406606	32415215	-8610	CNV129	DEL	NA	full	p21.1	DMD	FTHL17	MIR3915	1																																							43	Becker_muscular_dystrophy;Cardiomyopathy;Dilated_cardiomyopathy_3B;Duchenne_muscular_dystrophy;Dystrophin_deficiency;Muscular_dystrophy;Qualitative_or_quantitative_defects_of_dystrophin;not_specified										IMH	X:11608892-40416734	0.1667								chrX:32408507-32408586 dbVar	0.240	0.305	X:32406666-32406714	AT_rich												3		0.27				-2.65362022636097	-4.19962757493385							300377			yes		0	1.0000e+00	1.0000e+00	0.3	1A (cf Gene_count, RE_gene, +0.00);2E-3 (DMD, +0.30);2G (cf po_B_loss_someG_source, +0.00);3A (1 gene, +0.00);5F (+0.00)	3
X_32406606_32415215_DEL_1	X	32406606	32415215	-8610	CNV129	DEL	NA	split	p21.1	DMD				NM_004011	4	31137338	32430345	8610	285	4	no	51	intron2-intron4	CDS	1012	5'	32406605	32415215																								43	Becker_muscular_dystrophy;Cardiomyopathy;Dilated_cardiomyopathy_3B;Duchenne_muscular_dystrophy;Dystrophin_deficiency;Muscular_dystrophy;Qualitative_or_quantitative_defects_of_dystrophin;not_specified										IMH	X:11608892-40416734	0.1667																								3	0	0.27				-2.65362022636097	-4.19962757493385	Becker muscular dystrophy;Duchenne and Becker muscular dystrophy;Duchenne muscular dystrophy;dilated cardiomyopathy 3B;familial isolated dilated cardiomyopathy;non-syndromic X-linked intellectual disability;progressive muscular dystrophy;symptomatic form of muscular dystrophy of Duchenne and Becker in female carriers	AD;XL	Definitive;Strong;Supportive	14567970[PMID]_20301486[PMID];16770791;19367636;23900271[PMID];25007885;NULL	1756	HGNC:2928	300377	Becker muscular dystrophy, 300376 (3) XLR;Cardiomyopathy, dilated, 3B, 302045 (3) XL;Duchenne muscular dystrophy, 310200 (3) XLR	XL;XLR	yes		0	1.0000e+00	1.0000e+00			full=3
2_238267054_238268923_DUP_1	2	238267054	238268923	1870	CNV024	DUP	NA	full	q37.3	COL6A3	COPS8	MLPH	1																					Bethlem_myopathy_1A		CLN:517975;dbVar:nssv17973485	2:238267977-238268802;2:238268019-238268357							dbVar:nssv17976961;dbVar:nssv15161685;nssv15161863;dbVar:nssv15174359;dbVar:nssv15174602;dbVar:nssv16254741;dbVar:nssv15147151;dbVar:nssv15148951;dbVar:nssv15145778;dbVar:nssv15755822;dbVar:nssv15147318;dbVar:nssv15151201;dbVar:nssv15146760;dbVar:nssv15152722;dbVar:nssv15150370;dbVar:nssv15121191;dbVar:nssv15133134;dbVar:nssv16208707;dbVar:nssv15152715;dbVar:nssv15134347;dbVar:nssv15120707;dbVar:nssv16206619	2:2-243199373;2:12772-242783384;2:14239-243048760;2:15673-243101834;2:178397960-243007457;2:189682922-243007359;2:190300876-242783384;2:191175463-242834921;2:210779658-239879183;2:211444401-243059659;2:213518432-242783384;2:218966483-243059659;2:219225873-242016876;2:222077225-239394441;2:228667865-243028452;2:229588296-242344282;2:230814691-242783384;2:234716426-242783384;2:236177413-243059659;2:236472309-243028452;2:237265272-242783384	0.00;0.00;0.00;0.00;0.00;0.00;0.00;0.00;0.01;0.01;0.01;0.01;0.01;0.01;0.01;0.01;0.02;0.02;0.03;0.03;0.03			dbVar:nssv15124851;dbVar:nssv17969813;dbVar:nssv15132233;nssv15140017;dbVar:nssv16296940;dbVar:nssv17976876;dbVar:nssv15139807;dbVar:nssv15126959;dbVar:nssv15121136;dbVar:nssv16208708;dbVar:nssv15120661;dbVar:nssv15151248;dbVar:nssv16208710;dbVar:nssv15134958;dbVar:nssv15138347;dbVar:nssv15121139;dbVar:nssv15132363;dbVar:nssv15143579;dbVar:nssv15121140;dbVar:nssv15134903;dbVar:nssv15152714;dbVar:nssv15122404;dbVar:nssv18330764;dbVar:nssv16208713;dbVar:nssv15133611;dbVar:nssv18789800;dbVar:nssv17976877;dbVar:nssv15135044;dbVar:nssv15120667;dbVar:nssv15134586;dbVar:nssv15138190;dbVar:nssv18330207;dbVar:nssv15605954;dbVar:nssv16865882;dbVar:nssv15137653;dbVar:nssv15132686;dbVar:nssv15152819;dbVar:nssv17171490;dbVar:nssv17956673;dbVar:nssv15151353;dbVar:nssv17976287;dbVar:nssv15136836;dbVar:nssv15133934;dbVar:nssv15133750;dbVar:nssv15163370;dbVar:nssv15134792;dbVar:nssv17970645;nssv18787084;dbVar:nssv15154184	2:50886433-243102476;2:219606538-239217703;2:232634990-243059659;2:233110453-243028452;2:233227838-242783384;2:233784244-243040217;2:233891214-243068334;2:233995841-243028452;2:234090050-239494702;2:234362258-243041306;2:234495263-242783384;2:234791928-242783384;2:234967402-240365384;2:235068298-242783384;2:235081181-243028452;2:235254487-243059659;2:235539338-242783384;2:235576804-243059659;2:235744425-243007359;2:235790257-242783384;2:235937074-243008259;2:235942617-242783384;2:236172349-241611309;2:236177413-243007359;2:236403332-242801596;2:236472790-242783384;2:236512249-242710466;2:236649724-242974607;2:236665743-240365384;2:236755561-242783384;2:236878510-242783384;2:237028694-242708080;2:237201757-243048760;2:237322366-243059659;2:237463877-243059659;2:237480049-241611309;2:237481971-238305470;2:237499042-242783384;2:237545101-242783384;2:237619066-243048655;2:237684406-243059659;2:237875407-243007359;2:237943120-243007359;2:238037760-243101834;2:238140848-243007359;2:238233418-242801596;2:238267145-238269837	0.00;0.01;0.02;0.02;0.02;0.02;0.02;0.02;0.03;0.02;0.02;0.02;0.03;0.02;0.02;0.02;0.03;0.02;0.03;0.03;0.03;0.03;0.03;0.03;0.03;0.03;0.03;0.03;0.05;0.03;0.03;0.03;0.03;0.03;0.03;0.05;0.23;0.04;0.04;0.03;0.03;0.04;0.04;0.04;0.04;0.04;66.06	26	Bethlem_myopathy_1A;Collagen_6-related_myopathy;Inborn_genetic_diseases;Ullrich_congenital_muscular_dystrophy_1A																					0.400	0.575																57.76				0.266098854976142	-0.301353679893602							120250			yes		2	1.8131e-20	7.7933e-11	0.0	1A (cf Gene_count, RE_gene, +0.00);2B (cf po_P_gain_source, TS, OMIM_morbid, +0.00);2I-3 (COL6A3, +0.00);3A (1 gene, +0.00);5F (+0.00)	3
2_238267054_238268923_DUP_1	2	238267054	238268923	1870	CNV024	DUP	NA	split	q37.3	COL6A3				NM_004369	4	238232660	238322807	1870	261	2	no	44	intron16-intron21	CDS	110	5'	238267053	238268923						Bethlem_myopathy_1A		CLN:517975;dbVar:nssv17973485	2:238267977-238268802;2:238268019-238268357															26	Bethlem_myopathy_1A;Collagen_6-related_myopathy;Inborn_genetic_diseases;Ullrich_congenital_muscular_dystrophy_1A																																						57.76				0.266098854976142	-0.301353679893602	Bethlem myopathy;Bethlem myopathy 1A;Ullrich congenital muscular dystrophy;Ullrich congenital muscular dystrophy 1A;collagen 6-related myopathy;dystonia 27	AD;AR;sD	Definitive;Disputed Evidence;Limited;Strong;Supportive	17886299;18366090[PMID]_20301676[PMID];20301676[PMID];21280092;24038877;26004199;26004199[PMID];26872670;32037012	1293	HGNC:2213	120250	Bethlem myopathy 1C, 620726 (3) AD,AR;Dystonia 27, 616411 (3) AR;Ullrich congenital muscular dystrophy 1C, 620728 (3) AD,AR	AD,AR;AR	yes		2	1.8131e-20	7.7933e-11			full=3
2_238267054_238268923_DUP_1	2	238267054	238268923	1870	CNV111	DUP	NA	full	q37.3	COL6A3	COPS8	MLPH	1																					Bethlem_myopathy_1A		CLN:517975;dbVar:nssv17973485	2:238267977-238268802;2:238268019-238268357							dbVar:nssv17976961;dbVar:nssv15161685;nssv15161863;dbVar:nssv15174359;dbVar:nssv15174602;dbVar:nssv16254741;dbVar:nssv15147151;dbVar:nssv15148951;dbVar:nssv15145778;dbVar:nssv15755822;dbVar:nssv15147318;dbVar:nssv15151201;dbVar:nssv15146760;dbVar:nssv15152722;dbVar:nssv15150370;dbVar:nssv15121191;dbVar:nssv15133134;dbVar:nssv16208707;dbVar:nssv15152715;dbVar:nssv15134347;dbVar:nssv15120707;dbVar:nssv16206619	2:2-243199373;2:12772-242783384;2:14239-243048760;2:15673-243101834;2:178397960-243007457;2:189682922-243007359;2:190300876-242783384;2:191175463-242834921;2:210779658-239879183;2:211444401-243059659;2:213518432-242783384;2:218966483-243059659;2:219225873-242016876;2:222077225-239394441;2:228667865-243028452;2:229588296-242344282;2:230814691-242783384;2:234716426-242783384;2:236177413-243059659;2:236472309-243028452;2:237265272-242783384	0.00;0.00;0.00;0.00;0.00;0.00;0.00;0.00;0.01;0.01;0.01;0.01;0.01;0.01;0.01;0.01;0.02;0.02;0.03;0.03;0.03			dbVar:nssv15124851;dbVar:nssv17969813;dbVar:nssv15132233;nssv15140017;dbVar:nssv16296940;dbVar:nssv17976876;dbVar:nssv15139807;dbVar:nssv15126959;dbVar:nssv15121136;dbVar:nssv16208708;dbVar:nssv15120661;dbVar:nssv15151248;dbVar:nssv16208710;dbVar:nssv15134958;dbVar:nssv15138347;dbVar:nssv15121139;dbVar:nssv15132363;dbVar:nssv15143579;dbVar:nssv15121140;dbVar:nssv15134903;dbVar:nssv15152714;dbVar:nssv15122404;dbVar:nssv18330764;dbVar:nssv16208713;dbVar:nssv15133611;dbVar:nssv18789800;dbVar:nssv17976877;dbVar:nssv15135044;dbVar:nssv15120667;dbVar:nssv15134586;dbVar:nssv15138190;dbVar:nssv18330207;dbVar:nssv15605954;dbVar:nssv16865882;dbVar:nssv15137653;dbVar:nssv15132686;dbVar:nssv15152819;dbVar:nssv17171490;dbVar:nssv17956673;dbVar:nssv15151353;dbVar:nssv17976287;dbVar:nssv15136836;dbVar:nssv15133934;dbVar:nssv15133750;dbVar:nssv15163370;dbVar:nssv15134792;dbVar:nssv17970645;nssv18787084;dbVar:nssv15154184	2:50886433-243102476;2:219606538-239217703;2:232634990-243059659;2:233110453-243028452;2:233227838-242783384;2:233784244-243040217;2:233891214-243068334;2:233995841-243028452;2:234090050-239494702;2:234362258-243041306;2:234495263-242783384;2:234791928-242783384;2:234967402-240365384;2:235068298-242783384;2:235081181-243028452;2:235254487-243059659;2:235539338-242783384;2:235576804-243059659;2:235744425-243007359;2:235790257-242783384;2:235937074-243008259;2:235942617-242783384;2:236172349-241611309;2:236177413-243007359;2:236403332-242801596;2:236472790-242783384;2:236512249-242710466;2:236649724-242974607;2:236665743-240365384;2:236755561-242783384;2:236878510-242783384;2:237028694-242708080;2:237201757-243048760;2:237322366-243059659;2:237463877-243059659;2:237480049-241611309;2:237481971-238305470;2:237499042-242783384;2:237545101-242783384;2:237619066-243048655;2:237684406-243059659;2:237875407-243007359;2:237943120-243007359;2:238037760-243101834;2:238140848-243007359;2:238233418-242801596;2:238267145-238269837	0.00;0.01;0.02;0.02;0.02;0.02;0.02;0.02;0.03;0.02;0.02;0.02;0.03;0.02;0.02;0.02;0.03;0.02;0.03;0.03;0.03;0.03;0.03;0.03;0.03;0.03;0.03;0.03;0.05;0.03;0.03;0.03;0.03;0.03;0.03;0.05;0.23;0.04;0.04;0.03;0.03;0.04;0.04;0.04;0.04;0.04;66.06	26	Bethlem_myopathy_1A;Collagen_6-related_myopathy;Inborn_genetic_diseases;Ullrich_congenital_muscular_dystrophy_1A																					0.400	0.575																57.76				0.266098854976142	-0.301353679893602							120250			yes		2	1.8131e-20	7.7933e-11	0.0	1A (cf Gene_count, RE_gene, +0.00);2B (cf po_P_gain_source, TS, OMIM_morbid, +0.00);2I-3 (COL6A3, +0.00);3A (1 gene, +0.00);5F (+0.00)	3
2_238267054_238268923_DUP_1	2	238267054	238268923	1870	CNV111	DUP	NA	split	q37.3	COL6A3				NM_004369	4	238232660	238322807	1870	261	2	no	44	intron16-intron21	CDS	110	5'	238267053	238268923						Bethlem_myopathy_1A		CLN:517975;dbVar:nssv17973485	2:238267977-238268802;2:238268019-238268357															26	Bethlem_myopathy_1A;Collagen_6-related_myopathy;Inborn_genetic_diseases;Ullrich_congenital_muscular_dystrophy_1A																																						57.76				0.266098854976142	-0.301353679893602	Bethlem myopathy;Bethlem myopathy 1A;Ullrich congenital muscular dystrophy;Ullrich congenital muscular dystrophy 1A;collagen 6-related myopathy;dystonia 27	AD;AR;sD	Definitive;Disputed Evidence;Limited;Strong;Supportive	17886299;18366090[PMID]_20301676[PMID];20301676[PMID];21280092;24038877;26004199;26004199[PMID];26872670;32037012	1293	HGNC:2213	120250	Bethlem myopathy 1C, 620726 (3) AD,AR;Dystonia 27, 616411 (3) AR;Ullrich congenital muscular dystrophy 1C, 620728 (3) AD,AR	AD,AR;AR	yes		2	1.8131e-20	7.7933e-11			full=3
22_33670431_33733814_DUP_1	22	33670431	33733814	63384	CNV026	DUP	NA	full	q12.3	LARGE1	LINC01640	MIR4764	1																							dbVar:nssv17968930;dbVar:nssv17968980	22:33700196-33712254;22:33712052-33733807							dbVar:nssv15161990;dbVar:nssv15150031;dbVar:nssv15150491;dbVar:nssv15146973;dbVar:nssv15161992;dbVar:nssv15164031;dbVar:nssv16254742;dbVar:nssv15774756;dbVar:nssv15149512;nssv15150794;dbVar:nssv15146613;dbVar:nssv15147269;dbVar:nssv15128500;dbVar:nssv15135998;dbVar:nssv15154019;dbVar:nssv15134705;dbVar:nssv15142303;dbVar:nssv15132509;dbVar:nssv16208602	22:16054668-51243435;22:16054692-51220902;22:16054692-51237463;22:16054692-51237518;22:16114245-51195728;22:16114245-51211392;22:16197006-51224252;22:16888900-51197838;22:16888901-51197838;22:17397499-51178264;22:17397634-51178213;22:18628133-51244566;22:21261515-37583387;22:22460755-35198232;22:23621419-36643415;22:23637908-36614412;22:27375543-34388209;22:30654765-51197838	0.18;0.18;0.18;0.18;0.18;0.18;0.18;0.18;0.18;0.19;0.19;0.19;0.39;0.50;0.49;0.49;0.90;0.31	Muscular dystrophy-dystroglycanopathy (congenital with brain and eye anomalies), type A, 6, 613154 (3) AR;Muscular dystrophy-dystroglycanopathy (congenital with impaired intellectual development), type B, 6, 608840 (3) AR		dbVar:nssv18789932;morbid:LARGE1;dbVar:nssv17968921;dbVar:nssv17970819	22:33559509-33673261;22:33668495-34318812;22:33733613-33828271;22:33733613-34157463	2.49;9.75;0.21;0.05	10	Muscular_dystrophy-dystroglycanopathy_type_B6;Retinitis_pigmentosa																			chr22:33672564-33672621 dbVar	chr22:33672564-33672621 dbVar	0.535	0.535			22:33733914-33734060	MIR																								603590			yes					0.0	1A (cf Gene_count, RE_gene, +0.00);2B (cf po_P_gain_source, TS, OMIM_morbid, +0.00);2I-3 (LARGE1, +0.00);3A (1 gene, +0.00);5F (+0.00)	3
22_33670431_33733814_DUP_1	22	33670431	33733814	63384	CNV026	DUP	NA	split	q12.3	LARGE1				NM_001378630	1	33668494	33968248	63384	1122	67	no	11	intron5-exon11	CDS	27	3'	33670430	33733814								dbVar:nssv17968930;dbVar:nssv17968980	22:33700196-33712254;22:33712052-33733807															10	Muscular_dystrophy-dystroglycanopathy_type_B6;Retinitis_pigmentosa																																				30	0							congenital muscular dystrophy with intellectual disability;muscular dystrophy-dystroglycanopathy (congenital with brain and eye anomalies), type A6;muscular dystrophy-dystroglycanopathy, type A	AR	Strong;Supportive	21397493[PMID];21727005[PMID]_19299310[PMID]	9215	HGNC:6511	603590	Muscular dystrophy-dystroglycanopathy (congenital with brain and eye anomalies), type A, 6, 613154 (3) AR;Muscular dystrophy-dystroglycanopathy (congenital with impaired intellectual development), type B, 6, 608840 (3) AR	AR	yes							full=3
22_33670431_33733814_DUP_1	22	33670431	33733814	63384	CNV113	DUP	NA	full	q12.3	LARGE1	LINC01640	MIR4764	1																							dbVar:nssv17968930;dbVar:nssv17968980	22:33700196-33712254;22:33712052-33733807							dbVar:nssv15161990;dbVar:nssv15150031;dbVar:nssv15150491;dbVar:nssv15146973;dbVar:nssv15161992;dbVar:nssv15164031;dbVar:nssv16254742;dbVar:nssv15774756;dbVar:nssv15149512;nssv15150794;dbVar:nssv15146613;dbVar:nssv15147269;dbVar:nssv15128500;dbVar:nssv15135998;dbVar:nssv15154019;dbVar:nssv15134705;dbVar:nssv15142303;dbVar:nssv15132509;dbVar:nssv16208602	22:16054668-51243435;22:16054692-51220902;22:16054692-51237463;22:16054692-51237518;22:16114245-51195728;22:16114245-51211392;22:16197006-51224252;22:16888900-51197838;22:16888901-51197838;22:17397499-51178264;22:17397634-51178213;22:18628133-51244566;22:21261515-37583387;22:22460755-35198232;22:23621419-36643415;22:23637908-36614412;22:27375543-34388209;22:30654765-51197838	0.18;0.18;0.18;0.18;0.18;0.18;0.18;0.18;0.18;0.19;0.19;0.19;0.39;0.50;0.49;0.49;0.90;0.31	Muscular dystrophy-dystroglycanopathy (congenital with brain and eye anomalies), type A, 6, 613154 (3) AR;Muscular dystrophy-dystroglycanopathy (congenital with impaired intellectual development), type B, 6, 608840 (3) AR		dbVar:nssv18789932;morbid:LARGE1;dbVar:nssv17968921;dbVar:nssv17970819	22:33559509-33673261;22:33668495-34318812;22:33733613-33828271;22:33733613-34157463	2.49;9.75;0.21;0.05	10	Muscular_dystrophy-dystroglycanopathy_type_B6;Retinitis_pigmentosa																			chr22:33672564-33672621 dbVar	chr22:33672564-33672621 dbVar	0.535	0.535			22:33733914-33734060	MIR																								603590			yes					0.0	1A (cf Gene_count, RE_gene, +0.00);2B (cf po_P_gain_source, TS, OMIM_morbid, +0.00);2I-3 (LARGE1, +0.00);3A (1 gene, +0.00);5F (+0.00)	3
22_33670431_33733814_DUP_1	22	33670431	33733814	63384	CNV113	DUP	NA	split	q12.3	LARGE1				NM_001378630	1	33668494	33968248	63384	1122	67	no	11	intron5-exon11	CDS	27	3'	33670430	33733814								dbVar:nssv17968930;dbVar:nssv17968980	22:33700196-33712254;22:33712052-33733807															10	Muscular_dystrophy-dystroglycanopathy_type_B6;Retinitis_pigmentosa																																				30	0							congenital muscular dystrophy with intellectual disability;muscular dystrophy-dystroglycanopathy (congenital with brain and eye anomalies), type A6;muscular dystrophy-dystroglycanopathy, type A	AR	Strong;Supportive	21397493[PMID];21727005[PMID]_19299310[PMID]	9215	HGNC:6511	603590	Muscular dystrophy-dystroglycanopathy (congenital with brain and eye anomalies), type A, 6, 613154 (3) AR;Muscular dystrophy-dystroglycanopathy (congenital with impaired intellectual development), type B, 6, 608840 (3) AR	AR	yes							full=3
9_131585886_131587576_DUP_1	9	131585886	131587576	1691	CNV125	DUP	NA	full	q34.11	SPOUT1;KYAT1-SPOUT1	ENDOG	KYAT1	2																COQ4 (morbid/RE=EA_enhancer);DOLK (morbid/RE=EA_enhancer);GLE1 (morbid/RE=EA_enhancer);NUP188 (morbid/RE=EA_enhancer);SET (HI=3/morbid/RE=EA_enhancer);SPTAN1 (morbid/RE=EA_enhancer)															dbVar:nssv15169725;dbVar:nssv15168486;dbVar:nssv15168487;dbVar:nssv15128159;dbVar:nssv15168488;dbVar:nssv15150554;dbVar:nssv15146972;dbVar:nssv18326363;dbVar:nssv15777263;dbVar:nssv15148176;dbVar:nssv15146780;nssv15152141;dbVar:nssv15147470;dbVar:nssv15145918;dbVar:nssv15146171;nssv15147961;nssv15148277;dbVar:nssv15146549;dbVar:nssv17970351;dbVar:nssv15147428;dbVar:nssv15153083;dbVar:nssv15775708;dbVar:nssv17969367;dbVar:nssv15128892;dbVar:nssv15148019;dbVar:nssv15146330;dbVar:nssv15150481;dbVar:nssv15145674;dbVar:nssv17956933;dbVar:nssv15148776;dbVar:nssv15134456	9:10591-141107672;9:10591-141114095;9:10591-141122247;9:12935-141153431;9:46588-141066491;9:62526-141006407;9:163132-141122114;9:203862-131603223;9:203862-141020388;9:203862-141020389;9:203863-141020389;9:204091-141018976;9:204105-141053525;9:204194-141073897;9:214368-141008915;9:353350-141020389;9:68420642-141053525;9:71069744-140999928;9:71416476-141020389;9:116422276-131713233;9:122644899-141012393;9:123835381-141073897;9:123874674-140969676;9:124642755-141146461;9:125554938-141018984;9:128523764-132604808;9:128652786-141044751;9:130681756-132842253	0.00;0.00;0.00;0.00;0.00;0.00;0.00;0.00;0.00;0.00;0.00;0.00;0.00;0.00;0.00;0.00;0.00;0.00;0.00;0.01;0.01;0.01;0.01;0.01;0.01;0.04;0.01;0.08	Neurodevelopmental disorder with poor growth, seizures, and brain abnormalities, 621154 (3) AR		dbVar:nssv15134340;dbVar:nssv15169502;dbVar:nssv17969384;dbVar:nssv15132930;dbVar:nssv15129683;dbVar:nssv15126493;dbVar:nssv16208259;dbVar:nssv15136906;morbid:SPOUT1	9:128755863-132444654;9:129370441-133866894;9:130390140-132760275;9:130636861-133297198;9:130833677-131857181;9:130893685-132554593;9:130957345-132310210;9:130998627-131674346;9:131581930-131592073	0.05;0.04;0.07;0.06;0.17;0.10;0.12;0.25;16.67																							0.645	0.445			9:131587605-131587908	AluSz																								617614			yes					0.0	1A (cf Gene_count, RE_gene, +0.00);2B (cf po_P_gain_source, TS, OMIM_morbid, +0.00);2I-3 (SPOUT1, +0.00);2L (KYAT1-SPOUT1, +0.00);3A (2 genes, +0.00);5F (+0.00)	3
9_131585886_131587576_DUP_1	9	131585886	131587576	1691	CNV125	DUP	NA	split	q34.11	SPOUT1				NM_016390	4	131581929	131592073	1691	423	37	no	12	intron7-intron11	CDS	140	5'	131585885	131587576																																																																					complex neurodevelopmental disorder	AR	Limited		51490	HGNC:26933	617614	Neurodevelopmental disorder with poor growth, seizures, and brain abnormalities, 621154 (3) AR	AR	yes							full=3
9_131585886_131587576_DUP_1	9	131585886	131587576	1691	CNV125	DUP	NA	split	q34.11	KYAT1-SPOUT1				NM_001414398	1	131581929	131644229	1691	423	17	no	23	intron18-intron22	CDS	140	5'	131585885	131587576																																																																																					full=3
9_131590645_131591313_DUP_1	9	131590645	131591313	669	CNV132	DUP	NA	full	q34.11	SPOUT1;KYAT1-SPOUT1	ENDOG	KYAT1	2																COQ4 (morbid/RE=EA_enhancer);DNM1 (morbid/RE=EA_enhancer);DOLK (morbid/RE=EA_enhancer);DPM2 (morbid/RE=EA_enhancer);ENG (HI=3/morbid/RE=EA_enhancer);GLE1 (morbid/RE=EA_enhancer);GOLGA2 (morbid/RE=EA_enhancer);NUP188 (morbid/RE=EA_enhancer);SET (HI=3/morbid/RE=EA_enhancer);SLC27A4 (morbid/RE=EA_enhancer);SPTAN1 (morbid/RE=EA_enhancer)															dbVar:nssv15169725;dbVar:nssv15168486;dbVar:nssv15168487;dbVar:nssv15128159;dbVar:nssv15168488;dbVar:nssv15150554;dbVar:nssv15146972;dbVar:nssv18326363;dbVar:nssv15777263;dbVar:nssv15148176;dbVar:nssv15146780;nssv15152141;dbVar:nssv15147470;dbVar:nssv15145918;dbVar:nssv15146171;nssv15147961;nssv15148277;dbVar:nssv15146549;dbVar:nssv17970351;dbVar:nssv15147428;dbVar:nssv15153083;dbVar:nssv15775708;dbVar:nssv17969367;dbVar:nssv15128892;dbVar:nssv15148019;dbVar:nssv15146330;dbVar:nssv15150481;dbVar:nssv15145674;dbVar:nssv17956933;dbVar:nssv15148776;dbVar:nssv15134456	9:10591-141107672;9:10591-141114095;9:10591-141122247;9:12935-141153431;9:46588-141066491;9:62526-141006407;9:163132-141122114;9:203862-131603223;9:203862-141020388;9:203862-141020389;9:203863-141020389;9:204091-141018976;9:204105-141053525;9:204194-141073897;9:214368-141008915;9:353350-141020389;9:68420642-141053525;9:71069744-140999928;9:71416476-141020389;9:116422276-131713233;9:122644899-141012393;9:123835381-141073897;9:123874674-140969676;9:124642755-141146461;9:125554938-141018984;9:128523764-132604808;9:128652786-141044751;9:130681756-132842253	0.00;0.00;0.00;0.00;0.00;0.00;0.00;0.00;0.00;0.00;0.00;0.00;0.00;0.00;0.00;0.00;0.00;0.00;0.00;0.00;0.00;0.00;0.00;0.00;0.00;0.02;0.01;0.03	Neurodevelopmental disorder with poor growth, seizures, and brain abnormalities, 621154 (3) AR		dbVar:nssv15134340;dbVar:nssv15169502;dbVar:nssv17969384;dbVar:nssv15132930;dbVar:nssv15129683;dbVar:nssv15126493;dbVar:nssv16208259;dbVar:nssv15136906;morbid:SPOUT1	9:128755863-132444654;9:129370441-133866894;9:130390140-132760275;9:130636861-133297198;9:130833677-131857181;9:130893685-132554593;9:130957345-132310210;9:130998627-131674346;9:131581930-131592073	0.02;0.01;0.03;0.03;0.07;0.04;0.05;0.10;6.60																							0.550	0.585	9:131590493-131590798	AluSx																										617614			yes					0.0	1A (cf Gene_count, RE_gene, +0.00);2B (cf po_P_gain_source, TS, OMIM_morbid, +0.00);2I-3 (SPOUT1, +0.00);2L (KYAT1-SPOUT1, +0.00);3A (2 genes, +0.00);5F (+0.00)	3
9_131590645_131591313_DUP_1	9	131590645	131591313	669	CNV132	DUP	NA	split	q34.11	SPOUT1				NM_016390	4	131581929	131592073	669	126	11	no	12	intron2-intron3	CDS	75	5'	131590644	131591313																																																																					complex neurodevelopmental disorder	AR	Limited		51490	HGNC:26933	617614	Neurodevelopmental disorder with poor growth, seizures, and brain abnormalities, 621154 (3) AR	AR	yes							full=3
9_131590645_131591313_DUP_1	9	131590645	131591313	669	CNV132	DUP	NA	split	q34.11	KYAT1-SPOUT1				NM_001414398	1	131581929	131644229	669	126	5	no	23	intron13-intron14	CDS	75	5'	131590644	131591313																																																																																					full=3
